feature,overall_mean,overall_std,cv,p_kruskal,p_anova,significant
TGS2602_max,9908.544444444444,659.1646679443386,0.06652487372288618,6.845870579770322e-12,7.321276804236803e-11,True
TGS2602_range,661.4222222222222,441.1819695201415,0.667020179692795,9.96808886585504e-10,1.7768606007251157e-10,True
TGS822_max,14872.461111111112,1739.375796224145,0.11695278832664437,2.4776725721143314e-09,1.4079328792189722e-10,True
TGS2620_max,10520.444444444445,1205.5564756123003,0.11459178193263561,5.103873865531885e-09,1.8409327226631837e-07,True
TGS2602_auc,1713722.95,100106.04757903953,0.05841437064202208,3.2545298969512826e-08,4.2888364136053924e-05,True
TGS2602_mean,9571.989159845849,559.1932080717343,0.05841974940981664,3.265057108334893e-08,4.573629685997627e-05,True
TGS816_max,14902.333333333334,1226.719547884524,0.08231728014971536,4.3735486728058e-08,2.1936234529677052e-07,True
TGS2602_var,23022.244579209884,38497.83483847569,1.672201626823098,2.2354957385446156e-07,2.1966759767055282e-08,True
TGS2602_std,126.64781714851128,83.79489119008397,0.6616370741799819,2.2354957385446156e-07,6.827166871797505e-10,True
MQ8_max,16467.411111111112,1278.8647540274658,0.07766034049909007,2.2519636814169216e-07,2.070594215378135e-08,True
TGS2602_median,9547.941666666668,558.7769972106331,0.05852329399553738,6.838484843684243e-07,0.0002003894097661579,True
MQ8_auc,2892262.472222222,210274.82938127912,0.07270254045087335,7.268856778561766e-07,4.524334613703521e-06,True
MQ8_mean,16153.6440843053,1174.1870364332144,0.07268867818958377,7.88778268544734e-07,4.737515989208075e-06,True
TGS813_range,1452.338888888889,897.687097343049,0.6180975419787911,7.989492543855079e-07,1.771558923476843e-05,True
TGS816_auc,2616559.9305555555,206531.2293328531,0.07893235194846147,1.002494546404516e-06,6.849376349163374e-05,True
TGS816_mean,14614.212247970807,1153.267494050565,0.07891410597315075,1.0740951098723363e-06,7.117557085869646e-05,True
MQ8_median,16201.366666666667,1145.9999678259085,0.07073477141799793,1.522017497302704e-06,1.4435337450858077e-05,True
TGS2620_range,835.9388888888889,517.2761833642194,0.618796649179885,2.7971695742367394e-06,4.325259096892728e-07,True
MQ8_final,16166.244444444445,1117.1354960117462,0.06910296945284546,3.0341368788262523e-06,5.265631338889938e-05,True
MQ135_slope,-0.01608819094204444,0.034803010922525884,2.163264277794489,3.829799333027322e-06,0.0005707613526911663,True
TGS2602_final,9527.483333333334,550.4877621318964,0.05777892680282886,4.22781349739707e-06,0.0005877724359909638,True
TGS822_mean,13977.955684468998,1571.218486059431,0.11240688706754952,4.8826386222151745e-06,8.10236190182466e-06,True
TGS822_auc,2503811.6083333334,281548.83161770867,0.11244808941720741,5.094059061608669e-06,7.970264514211456e-06,True
TGS813_max,15795.355555555556,1605.0575012662935,0.1016157879840609,5.9866995787719026e-06,7.56577519388766e-08,True
TGS816_median,14628.138888888889,1136.1369014403153,0.07766790499256296,6.741721349201311e-06,0.00018472655101781866,True
MQ8_initial,15167.022222222222,1390.2757330934585,0.09166438294369876,1.3957192084827545e-05,0.0017652177827723761,True
TGS816_range,1019.1111111111111,618.8016161091672,0.6071973991470825,1.4035087147617024e-05,5.092755248549333e-05,True
MQ8_min,15133.633333333333,1387.1149791430878,0.09165776311546661,1.828568744300282e-05,0.002470250348485762,True
TGS2620_std,171.93798304588623,115.33104507537736,0.6707711875620144,3.055638603361369e-05,9.413902933253204e-08,True
TGS2620_var,42790.02413896519,65715.96598795343,1.5357777264750365,3.055638603361369e-05,9.36657499451799e-08,True
TGS816_final,14584.127777777778,1121.7596165011964,0.07691646930098722,3.447870749150686e-05,0.0007743542157792394,True
TGS2620_auc,1824360.0472222222,201948.04450379554,0.11069527904389395,4.700693238332885e-05,0.0004763967142887008,True
TGS2620_mean,10189.584072709911,1128.4264991718526,0.11074313643418791,4.8218432955655124e-05,0.0004842520832489151,True
TGS2620_initial,9726.194444444445,1248.9987279078118,0.12841597348705128,5.5113575948840275e-05,0.002593851116604554,True
TGS816_std,211.4403015815729,126.5180626179419,0.5983630446560507,7.867516466710501e-05,1.139561218180439e-06,True
TGS816_var,60624.89452278953,80321.81149980091,1.3248981648884484,7.867516466710501e-05,1.3750539836393013e-06,True
TGS813_var,148519.87666765737,201887.7783489771,1.3593317128907911,0.000166860275976271,9.648288586453635e-06,True
TGS813_std,325.3055595619186,207.20689098781375,0.6369608046853472,0.000166860275976271,1.0194093203647744e-05,True
TGS822_median,14074.069444444445,1564.9503167046164,0.11119387486909472,0.00022360556065854895,0.00014085419070239476,True
TGS822_final,13941.005555555555,1511.6811740694538,0.1084341562052483,0.0002743119417514947,0.00019007674814004646,True
TGS822_slope,2.999076128924272,6.801265706220179,2.2677869489068003,0.00029080123646273826,2.937875427202641e-06,True
TGS813_auc,2750331.861111111,258077.86247115757,0.09383517171883984,0.0003466245810313227,0.0002607932507395094,True
TGS813_mean,15360.757151967808,1441.7124345218854,0.0938568600661133,0.0003562537132367949,0.0002680273739094238,True
TGS822_initial,11004.988888888889,2183.2533179077464,0.19838759856557917,0.0004238945884432749,0.0021426448272305844,True
MQ8_range,1333.7777777777778,803.8268425472637,0.6026692421626082,0.0005051177053996162,0.006244524410287407,True
MQ8_var,106291.1258784355,119291.8539116182,1.1223124501291897,0.0005351319096224798,0.002836971148290146,True
MQ8_std,286.47955036661386,156.06378079540724,0.5447641222388977,0.0005351319096224798,0.0007826854061596704,True
TGS2620_min,9684.505555555555,1227.4341293399027,0.12674205433602684,0.0006317139982394929,0.005167658147143832,True
MQ9_slope,-0.021062126597791248,0.03128588003470447,1.485409291603825,0.0007260516378590149,0.019889653664528408,True
TGS2620_median,10179.25,1121.1642647976335,0.11014212882064231,0.0008672724149251412,0.0013802465703396346,True
TGS822_min,10941.933333333332,2154.7161049051056,0.1969227959323071,0.0009346959526457537,0.004390783522050749,True
TGS2620_final,10134.7,1113.8337533795595,0.10990298216814011,0.0010589790385157735,0.002402941113688998,True
TGS2602_slope,-0.8112649944865444,1.2717209499840019,1.567577742241061,0.0011299359635539952,9.145694375593375e-06,True
TGS816_initial,13910.577777777778,1318.372875407242,0.09477484662881902,0.0015011291926780644,0.007188308861911455,True
TGS813_slope,0.7527470901933078,4.30932232778771,5.724794394032488,0.0017922079336265496,5.887980812001019e-06,True
MQ8_slope,1.5741273826605164,2.919013944408548,1.8543695857832023,0.0018683033747626987,8.174583652355616e-06,True
TGS816_slope,0.36184649768417787,2.5672733827696828,7.094923930742291,0.0031881032741892168,9.978301604616904e-06,True
TGS816_min,13883.222222222223,1307.2164787855309,0.09415800293775003,0.003217378158192272,0.012198226596088255,True
TGS2602_min,9247.122222222222,582.6854767939068,0.06301262844710359,0.0041958792536800175,0.043908298067410464,True
MQ9_std,2.162768573763419,1.288491036820457,0.59576001420374,0.0044915578394938436,0.08380617821451757,True
MQ9_var,6.328553671447716,10.767970924185713,1.7014900214982214,0.004491582819105873,0.27257339641051576,True
TGS2620_slope,-0.5260853858815215,2.2964423148397954,4.365151308331193,0.005127461323159416,1.2910745512092699e-05,True
TGS822_var,739064.2669116044,544100.5943272791,0.7362020039217446,0.006156649430683729,0.014060871335363823,True
TGS822_std,795.0725246872178,327.90438833196646,0.4124207266004468,0.006156649430683729,0.011060896085534379,True
TGS2602_delta,267.1666666666667,201.09036574518117,0.7526776010396575,0.007138252065448502,0.008850314641579145,True
TGS813_median,15386.044444444444,1402.6659266996796,0.09116481703691294,0.007163348966932508,0.001261222936896273,True
TGS2611_delta,25.916666666666668,148.25822539288686,5.7205746130096315,0.007624726813952844,0.009859674840263333,True
TGS2602_initial,9260.316666666668,602.8113417041445,0.06509619091903762,0.007686255373709487,0.04866786347445847,True
MQ135_std,2.5041021469110945,1.2670552924916356,0.505991855623224,0.007980302144444536,0.05884494291345721,True
MQ135_var,7.867037625761198,12.090233424496844,1.5368216091111166,0.007980302144444536,0.1682495728391059,True
TGS2611_slope,0.0815775122972876,0.7677871821364829,9.411750261845887,0.011072413681707215,0.017603238660268798,True
TGS813_final,15330.716666666667,1373.0839581559646,0.0895642381247153,0.012672126297317635,0.002303153038599204,True
TGS2611_var,1712.7269889083605,7018.998672283727,4.0981421544325185,0.01385728939879813,0.05037256700704552,True
TGS2611_std,27.060767037810617,31.399350393777414,1.1603274345011874,0.01385728939879813,0.002130537795156752,True
MQ9_range,9.833333333333334,4.901829552411411,0.4984911408725003,0.01393890534326983,0.07174854606831285,True
TGS2611_range,96.26666666666667,118.22715565890745,1.2281214230368351,0.014382787820470607,0.0012450422006732174,True
MQ135_range,12.227777777777778,4.809012204818739,0.3932858686036263,0.014656719186079166,0.04719804932469983,True
MQ9_delta,-3.8722222222222222,6.083249788972514,1.570997075656059,0.034311844221517264,0.08629462796733142,True
TGS2611_final,8692.894444444444,1033.64075590094,0.1189063967711482,0.0420691083503127,0.0026497704839646384,True
TGS2611_max,8729.488888888889,1037.506774502424,0.11885080417742092,0.04586644055056399,0.003677687280401174,True
TGS822_range,3930.527777777778,1698.6607061902653,0.43217114907408527,0.04677451219051223,0.03504356855132264,True
TGS2600_delta,-3.638888888888889,6.1841063980895905,1.6994490860308786,0.047359974714896204,0.3088783746196403,True
TGS2600_slope,-0.023415719855887727,0.03491612625917829,1.4911403528454201,0.05147133406261324,0.16383025558535025,False
TGS813_initial,14393.005555555555,1738.268208044275,0.12077173188981367,0.051895312940203255,0.014813398648232513,False
MQ135_delta,0.7444444444444445,6.475671896048797,8.698663729276298,0.05340556857937091,0.044738649921060046,False
TGS813_min,14343.016666666666,1726.5550175916637,0.12037600302062514,0.05358331970531827,0.014485786104235069,False
MQ135_max,2835.722222222222,35.621388270205166,0.012561663477136276,0.07179780756516267,0.08017241139820462,False
TGS2611_median,8692.230555555556,1029.5624896094762,0.11844629327639299,0.07716931645732833,0.003732062822266811,False
MQ135_initial,2827.2555555555555,35.862730568428724,0.012684644123501957,0.07944940874693034,0.07709966681836988,False
MQ135_mean,2829.816269354069,34.0226423337978,0.012022915657895962,0.08384190275307636,0.1081931546162963,False
MQ135_final,2828.0,32.074111107744756,0.011341623446864716,0.08810291111854904,0.12796216374947555,False
MQ135_median,2829.6944444444443,34.05903472000269,0.012036294161321537,0.08961831559174946,0.11608582243063717,False
TGS2611_mean,8689.675925243844,1029.9559850370676,0.1185263977503335,0.08997013735839078,0.004064790052555934,False
MQ135_auc,506587.18333333335,6162.355891750506,0.012164452821728173,0.0899804068154578,0.10696375336656512,False
TGS2611_auc,1555595.5472222222,184276.80334459947,0.11846061379749809,0.09326276889415133,0.004110997691141309,False
TGS2600_mean,2808.922975410954,32.3096603556758,0.011502508484034632,0.09424829189008681,0.38550040063183605,False
TGS2600_median,2808.936111111111,32.288245718956254,0.011494830940164291,0.09515728971253523,0.36790330693183354,False
TGS2600_auc,502844.725,5848.961318111803,0.01163174440800148,0.09603084369357667,0.37415073500998447,False
MQ135_min,2823.4944444444445,33.06477428582139,0.011710585919823038,0.10424427714387058,0.11989494253833534,False
TGS2600_max,2813.8444444444444,34.45551292896412,0.01224499563114785,0.11113892273186037,0.3811879201226488,False
MQ9_max,2821.2444444444445,35.80278417160092,0.012690422569405701,0.16516904092682905,0.19220167007876607,False
TGS2600_min,2804.238888888889,30.607693174104107,0.010914795203564394,0.16553751736498515,0.4121663951935769,False
MQ9_initial,2817.85,36.68124435117814,0.013017458115643175,0.17301975569165678,0.1902944356882814,False
MQ9_mean,2815.9904158993245,34.4637811107563,0.012238600286477747,0.18394680736740945,0.22609299015241932,False
MQ9_median,2815.863888888889,34.44138533651339,0.012231196782061571,0.18621222888548136,0.22199049276942925,False
MQ9_auc,504109.9972222222,6238.344588982408,0.01237496701782806,0.1872733098643283,0.22241039143497698,False
MQ9_min,2811.411111111111,32.80887413829104,0.011669895593929277,0.20895950116038003,0.2603554705438457,False
MQ9_final,2813.9777777777776,32.57273006116454,0.011575333081299573,0.21107629094067218,0.25872787411512943,False
TGS2611_initial,8666.977777777778,1035.8746713280254,0.11951971008670396,0.23768873230028578,0.009203082918708383,False
TGS2611_min,8633.222222222223,1029.1904860066743,0.11921278747550154,0.2419918629539201,0.0066010485230267694,False
TGS2600_final,2807.016666666667,30.153142641741084,0.010742060423010315,0.2557046880174501,0.4448303493692973,False
TGS2600_initial,2810.6555555555556,34.364025983760094,0.012226338412696556,0.2634843674453071,0.38614599100868574,False
TGS2600_var,6.932033012183351,14.89181463605986,2.1482607782938405,0.28593213421764924,0.38466074845979525,False
TGS2600_std,2.1431784122348625,1.5335857769142052,0.715566080473649,0.28596483568718695,0.29024150187323555,False
TGS2600_range,9.605555555555556,5.452176257845761,0.567606550786621,0.33607156495547874,0.4035477725583322,False
TGS822_delta,2936.016666666667,1588.7744318346126,0.5411326338408858,0.6289166415499585,0.24647158389325646,False
TGS2620_delta,408.50555555555553,375.8750609198186,0.9201222744883346,0.7542447156375092,0.3368481706362822,False
TGS813_delta,937.7111111111111,705.8418761066799,0.7527284978734678,0.7635948615933535,0.4057908480983673,False
TGS816_delta,673.55,484.1056521073005,0.718737513334692,0.7933339830156491,0.7455770791864661,False
MQ8_delta,999.2222222222222,678.5858492561399,0.6791140490714053,0.8199303287732389,0.5666455393227597,False
