group,model,held_out_batch,class,precision,recall,f1,support
dynamic30,dummy_prior,B32,dark,0.315789473684,1,0.48,6
dynamic30,dummy_prior,B32,light,0,0,0,7
dynamic30,dummy_prior,B32,medium,0,0,0,6
dynamic30,dummy_prior,B33,dark,0,0,0,7
dynamic30,dummy_prior,B33,light,0.315789473684,1,0.48,6
dynamic30,dummy_prior,B33,medium,0,0,0,6
dynamic30,dummy_prior,B34,dark,0.333333333333,1,0.5,7
dynamic30,dummy_prior,B34,light,0,0,0,7
dynamic30,dummy_prior,B34,medium,0,0,0,7
dynamic30,dummy_prior,B35,dark,0.333333333333,1,0.5,8
dynamic30,dummy_prior,B35,light,0,0,0,8
dynamic30,dummy_prior,B35,medium,0,0,0,8
dynamic30,extra_trees,B32,dark,0.555555555556,0.833333333333,0.666666666667,6
dynamic30,extra_trees,B32,light,0.571428571429,0.571428571429,0.571428571429,7
dynamic30,extra_trees,B32,medium,0.333333333333,0.166666666667,0.222222222222,6
dynamic30,extra_trees,B33,dark,0.666666666667,0.285714285714,0.4,7
dynamic30,extra_trees,B33,light,0.428571428571,0.5,0.461538461538,6
dynamic30,extra_trees,B33,medium,0.333333333333,0.5,0.4,6
dynamic30,extra_trees,B34,dark,1,0.142857142857,0.25,7
dynamic30,extra_trees,B34,light,0.428571428571,0.857142857143,0.571428571429,7
dynamic30,extra_trees,B34,medium,0.333333333333,0.285714285714,0.307692307692,7
dynamic30,extra_trees,B35,dark,0.388888888889,0.875,0.538461538462,8
dynamic30,extra_trees,B35,light,1,0.25,0.4,8
dynamic30,extra_trees,B35,medium,0.5,0.25,0.333333333333,8
dynamic30,knn5,B32,dark,0.272727272727,0.5,0.352941176471,6
dynamic30,knn5,B32,light,0.666666666667,0.571428571429,0.615384615385,7
dynamic30,knn5,B32,medium,0,0,0,6
dynamic30,knn5,B33,dark,0.571428571429,0.571428571429,0.571428571429,7
dynamic30,knn5,B33,light,0.625,0.833333333333,0.714285714286,6
dynamic30,knn5,B33,medium,0.5,0.333333333333,0.4,6
dynamic30,knn5,B34,dark,0.666666666667,0.285714285714,0.4,7
dynamic30,knn5,B34,light,0.4375,1,0.608695652174,7
dynamic30,knn5,B34,medium,0.5,0.142857142857,0.222222222222,7
dynamic30,knn5,B35,dark,0.375,0.75,0.5,8
dynamic30,knn5,B35,light,0,0,0,8
dynamic30,knn5,B35,medium,0.25,0.25,0.25,8
dynamic30,lda_shrinkage,B32,dark,0.666666666667,0.666666666667,0.666666666667,6
dynamic30,lda_shrinkage,B32,light,0.636363636364,1,0.777777777778,7
dynamic30,lda_shrinkage,B32,medium,0.5,0.166666666667,0.25,6
dynamic30,lda_shrinkage,B33,dark,1,0.285714285714,0.444444444444,7
dynamic30,lda_shrinkage,B33,light,0.444444444444,0.666666666667,0.533333333333,6
dynamic30,lda_shrinkage,B33,medium,0.375,0.5,0.428571428571,6
dynamic30,lda_shrinkage,B34,dark,1,0.142857142857,0.25,7
dynamic30,lda_shrinkage,B34,light,0.357142857143,0.714285714286,0.47619047619,7
dynamic30,lda_shrinkage,B34,medium,0.333333333333,0.285714285714,0.307692307692,7
dynamic30,lda_shrinkage,B35,dark,0.454545454545,0.625,0.526315789474,8
dynamic30,lda_shrinkage,B35,light,1,0.125,0.222222222222,8
dynamic30,lda_shrinkage,B35,medium,0.416666666667,0.625,0.5,8
dynamic30,linear_svm,B32,dark,0.6,1,0.75,6
dynamic30,linear_svm,B32,light,0.714285714286,0.714285714286,0.714285714286,7
dynamic30,linear_svm,B32,medium,0.5,0.166666666667,0.25,6
dynamic30,linear_svm,B33,dark,0.666666666667,0.285714285714,0.4,7
dynamic30,linear_svm,B33,light,0.5,1,0.666666666667,6
dynamic30,linear_svm,B33,medium,0.25,0.166666666667,0.2,6
dynamic30,linear_svm,B34,dark,0.5,0.142857142857,0.222222222222,7
dynamic30,linear_svm,B34,light,0.363636363636,0.571428571429,0.444444444444,7
dynamic30,linear_svm,B34,medium,0.25,0.285714285714,0.266666666667,7
dynamic30,linear_svm,B35,dark,0.416666666667,0.625,0.5,8
dynamic30,linear_svm,B35,light,0,0,0,8
dynamic30,linear_svm,B35,medium,0.416666666667,0.625,0.5,8
dynamic30,logistic_l2,B32,dark,0.714285714286,0.833333333333,0.769230769231,6
dynamic30,logistic_l2,B32,light,0.6,0.857142857143,0.705882352941,7
dynamic30,logistic_l2,B32,medium,0.5,0.166666666667,0.25,6
dynamic30,logistic_l2,B33,dark,1,0.428571428571,0.6,7
dynamic30,logistic_l2,B33,light,0.5,1,0.666666666667,6
dynamic30,logistic_l2,B33,medium,0.5,0.333333333333,0.4,6
dynamic30,logistic_l2,B34,dark,0.333333333333,0.142857142857,0.2,7
dynamic30,logistic_l2,B34,light,0.384615384615,0.714285714286,0.5,7
dynamic30,logistic_l2,B34,medium,0.2,0.142857142857,0.166666666667,7
dynamic30,logistic_l2,B35,dark,0.416666666667,0.625,0.5,8
dynamic30,logistic_l2,B35,light,1,0.125,0.222222222222,8
dynamic30,logistic_l2,B35,medium,0.363636363636,0.5,0.421052631579,8
dynamic30,random_forest,B32,dark,0.5,0.833333333333,0.625,6
dynamic30,random_forest,B32,light,0.714285714286,0.714285714286,0.714285714286,7
dynamic30,random_forest,B32,medium,0.5,0.166666666667,0.25,6
dynamic30,random_forest,B33,dark,0.428571428571,0.428571428571,0.428571428571,7
dynamic30,random_forest,B33,light,0.6,0.5,0.545454545455,6
dynamic30,random_forest,B33,medium,0.428571428571,0.5,0.461538461538,6
dynamic30,random_forest,B34,dark,1,0.142857142857,0.25,7
dynamic30,random_forest,B34,light,0.4375,1,0.608695652174,7
dynamic30,random_forest,B34,medium,0.5,0.285714285714,0.363636363636,7
dynamic30,random_forest,B35,dark,0.4375,0.875,0.583333333333,8
dynamic30,random_forest,B35,light,0,0,0,8
dynamic30,random_forest,B35,medium,0.5,0.5,0.5,8
dynamic30,rbf_svm,B32,dark,0.6,0.5,0.545454545455,6
dynamic30,rbf_svm,B32,light,0.666666666667,0.857142857143,0.75,7
dynamic30,rbf_svm,B32,medium,0.4,0.333333333333,0.363636363636,6
dynamic30,rbf_svm,B33,dark,1,0.571428571429,0.727272727273,7
dynamic30,rbf_svm,B33,light,0.571428571429,0.666666666667,0.615384615385,6
dynamic30,rbf_svm,B33,medium,0.5,0.666666666667,0.571428571429,6
dynamic30,rbf_svm,B34,dark,1,0.142857142857,0.25,7
dynamic30,rbf_svm,B34,light,0.428571428571,0.857142857143,0.571428571429,7
dynamic30,rbf_svm,B34,medium,0.333333333333,0.285714285714,0.307692307692,7
dynamic30,rbf_svm,B35,dark,0.461538461538,0.75,0.571428571429,8
dynamic30,rbf_svm,B35,light,0,0,0,8
dynamic30,rbf_svm,B35,medium,0.363636363636,0.5,0.421052631579,8
dynamic32_environment,dummy_prior,B32,dark,0.315789473684,1,0.48,6
dynamic32_environment,dummy_prior,B32,light,0,0,0,7
dynamic32_environment,dummy_prior,B32,medium,0,0,0,6
dynamic32_environment,dummy_prior,B33,dark,0,0,0,7
dynamic32_environment,dummy_prior,B33,light,0.315789473684,1,0.48,6
dynamic32_environment,dummy_prior,B33,medium,0,0,0,6
dynamic32_environment,dummy_prior,B34,dark,0.333333333333,1,0.5,7
dynamic32_environment,dummy_prior,B34,light,0,0,0,7
dynamic32_environment,dummy_prior,B34,medium,0,0,0,7
dynamic32_environment,dummy_prior,B35,dark,0.333333333333,1,0.5,8
dynamic32_environment,dummy_prior,B35,light,0,0,0,8
dynamic32_environment,dummy_prior,B35,medium,0,0,0,8
dynamic32_environment,extra_trees,B32,dark,0.555555555556,0.833333333333,0.666666666667,6
dynamic32_environment,extra_trees,B32,light,0.571428571429,0.571428571429,0.571428571429,7
dynamic32_environment,extra_trees,B32,medium,0.333333333333,0.166666666667,0.222222222222,6
dynamic32_environment,extra_trees,B33,dark,0.6,0.428571428571,0.5,7
dynamic32_environment,extra_trees,B33,light,0.5,0.666666666667,0.571428571429,6
dynamic32_environment,extra_trees,B33,medium,0.5,0.5,0.5,6
dynamic32_environment,extra_trees,B34,dark,1,0.142857142857,0.25,7
dynamic32_environment,extra_trees,B34,light,0.411764705882,1,0.583333333333,7
dynamic32_environment,extra_trees,B34,medium,0.666666666667,0.285714285714,0.4,7
dynamic32_environment,extra_trees,B35,dark,0.5,0.875,0.636363636364,8
dynamic32_environment,extra_trees,B35,light,0,0,0,8
dynamic32_environment,extra_trees,B35,medium,0.3,0.375,0.333333333333,8
dynamic32_environment,knn5,B32,dark,0.3,0.5,0.375,6
dynamic32_environment,knn5,B32,light,0.714285714286,0.714285714286,0.714285714286,7
dynamic32_environment,knn5,B32,medium,0,0,0,6
dynamic32_environment,knn5,B33,dark,0.625,0.714285714286,0.666666666667,7
dynamic32_environment,knn5,B33,light,0.555555555556,0.833333333333,0.666666666667,6
dynamic32_environment,knn5,B33,medium,1,0.333333333333,0.5,6
dynamic32_environment,knn5,B34,dark,1,0.142857142857,0.25,7
dynamic32_environment,knn5,B34,light,0.411764705882,1,0.583333333333,7
dynamic32_environment,knn5,B34,medium,0.333333333333,0.142857142857,0.2,7
dynamic32_environment,knn5,B35,dark,0.352941176471,0.75,0.48,8
dynamic32_environment,knn5,B35,light,1,0.125,0.222222222222,8
dynamic32_environment,knn5,B35,medium,0.166666666667,0.125,0.142857142857,8
dynamic32_environment,lda_shrinkage,B32,dark,0.666666666667,0.666666666667,0.666666666667,6
dynamic32_environment,lda_shrinkage,B32,light,0.636363636364,1,0.777777777778,7
dynamic32_environment,lda_shrinkage,B32,medium,0.5,0.166666666667,0.25,6
dynamic32_environment,lda_shrinkage,B33,dark,1,0.142857142857,0.25,7
dynamic32_environment,lda_shrinkage,B33,light,0.5,0.666666666667,0.571428571429,6
dynamic32_environment,lda_shrinkage,B33,medium,0.4,0.666666666667,0.5,6
dynamic32_environment,lda_shrinkage,B34,dark,0,0,0,7
dynamic32_environment,lda_shrinkage,B34,light,0.352941176471,0.857142857143,0.5,7
dynamic32_environment,lda_shrinkage,B34,medium,0.25,0.142857142857,0.181818181818,7
dynamic32_environment,lda_shrinkage,B35,dark,0.461538461538,0.75,0.571428571429,8
dynamic32_environment,lda_shrinkage,B35,light,0,0,0,8
dynamic32_environment,lda_shrinkage,B35,medium,0.363636363636,0.5,0.421052631579,8
dynamic32_environment,linear_svm,B32,dark,0.5,0.833333333333,0.625,6
dynamic32_environment,linear_svm,B32,light,0.555555555556,0.714285714286,0.625,7
dynamic32_environment,linear_svm,B32,medium,0,0,0,6
dynamic32_environment,linear_svm,B33,dark,1,0.285714285714,0.444444444444,7
dynamic32_environment,linear_svm,B33,light,0.5,0.666666666667,0.571428571429,6
dynamic32_environment,linear_svm,B33,medium,0.333333333333,0.5,0.4,6
dynamic32_environment,linear_svm,B34,dark,0.25,0.142857142857,0.181818181818,7
dynamic32_environment,linear_svm,B34,light,0.333333333333,0.571428571429,0.421052631579,7
dynamic32_environment,linear_svm,B34,medium,0,0,0,7
dynamic32_environment,linear_svm,B35,dark,0.416666666667,0.625,0.5,8
dynamic32_environment,linear_svm,B35,light,0,0,0,8
dynamic32_environment,linear_svm,B35,medium,0.416666666667,0.625,0.5,8
dynamic32_environment,logistic_l2,B32,dark,0.571428571429,0.666666666667,0.615384615385,6
dynamic32_environment,logistic_l2,B32,light,0.7,1,0.823529411765,7
dynamic32_environment,logistic_l2,B32,medium,0.5,0.166666666667,0.25,6
dynamic32_environment,logistic_l2,B33,dark,1,0.285714285714,0.444444444444,7
dynamic32_environment,logistic_l2,B33,light,0.444444444444,0.666666666667,0.533333333333,6
dynamic32_environment,logistic_l2,B33,medium,0.375,0.5,0.428571428571,6
dynamic32_environment,logistic_l2,B34,dark,0.5,0.142857142857,0.222222222222,7
dynamic32_environment,logistic_l2,B34,light,0.4,0.857142857143,0.545454545455,7
dynamic32_environment,logistic_l2,B34,medium,0.25,0.142857142857,0.181818181818,7
dynamic32_environment,logistic_l2,B35,dark,0.384615384615,0.625,0.47619047619,8
dynamic32_environment,logistic_l2,B35,light,1,0.125,0.222222222222,8
dynamic32_environment,logistic_l2,B35,medium,0.4,0.5,0.444444444444,8
dynamic32_environment,random_forest,B32,dark,0.571428571429,0.666666666667,0.615384615385,6
dynamic32_environment,random_forest,B32,light,0.625,0.714285714286,0.666666666667,7
dynamic32_environment,random_forest,B32,medium,0.5,0.333333333333,0.4,6
dynamic32_environment,random_forest,B33,dark,0.6,0.428571428571,0.5,7
dynamic32_environment,random_forest,B33,light,0.6,0.5,0.545454545455,6
dynamic32_environment,random_forest,B33,medium,0.444444444444,0.666666666667,0.533333333333,6
dynamic32_environment,random_forest,B34,dark,0.5,0.142857142857,0.222222222222,7
dynamic32_environment,random_forest,B34,light,0.466666666667,1,0.636363636364,7
dynamic32_environment,random_forest,B34,medium,0.25,0.142857142857,0.181818181818,7
dynamic32_environment,random_forest,B35,dark,0.571428571429,1,0.727272727273,8
dynamic32_environment,random_forest,B35,light,0,0,0,8
dynamic32_environment,random_forest,B35,medium,0.4,0.5,0.444444444444,8
dynamic32_environment,rbf_svm,B32,dark,0.6,0.5,0.545454545455,6
dynamic32_environment,rbf_svm,B32,light,0.666666666667,0.857142857143,0.75,7
dynamic32_environment,rbf_svm,B32,medium,0.4,0.333333333333,0.363636363636,6
dynamic32_environment,rbf_svm,B33,dark,1,0.571428571429,0.727272727273,7
dynamic32_environment,rbf_svm,B33,light,0.571428571429,0.666666666667,0.615384615385,6
dynamic32_environment,rbf_svm,B33,medium,0.5,0.666666666667,0.571428571429,6
dynamic32_environment,rbf_svm,B34,dark,1,0.142857142857,0.25,7
dynamic32_environment,rbf_svm,B34,light,0.428571428571,0.857142857143,0.571428571429,7
dynamic32_environment,rbf_svm,B34,medium,0.333333333333,0.285714285714,0.307692307692,7
dynamic32_environment,rbf_svm,B35,dark,0.428571428571,0.75,0.545454545455,8
dynamic32_environment,rbf_svm,B35,light,0,0,0,8
dynamic32_environment,rbf_svm,B35,medium,0.3,0.375,0.333333333333,8
expanded82,dummy_prior,B32,dark,0.315789473684,1,0.48,6
expanded82,dummy_prior,B32,light,0,0,0,7
expanded82,dummy_prior,B32,medium,0,0,0,6
expanded82,dummy_prior,B33,dark,0,0,0,7
expanded82,dummy_prior,B33,light,0.315789473684,1,0.48,6
expanded82,dummy_prior,B33,medium,0,0,0,6
expanded82,dummy_prior,B34,dark,0.333333333333,1,0.5,7
expanded82,dummy_prior,B34,light,0,0,0,7
expanded82,dummy_prior,B34,medium,0,0,0,7
expanded82,dummy_prior,B35,dark,0.333333333333,1,0.5,8
expanded82,dummy_prior,B35,light,0,0,0,8
expanded82,dummy_prior,B35,medium,0,0,0,8
expanded82,extra_trees,B32,dark,0.555555555556,0.833333333333,0.666666666667,6
expanded82,extra_trees,B32,light,0.555555555556,0.714285714286,0.625,7
expanded82,extra_trees,B32,medium,0,0,0,6
expanded82,extra_trees,B33,dark,0.8,0.571428571429,0.666666666667,7
expanded82,extra_trees,B33,light,0.6,1,0.75,6
expanded82,extra_trees,B33,medium,0.5,0.333333333333,0.4,6
expanded82,extra_trees,B34,dark,1,0.142857142857,0.25,7
expanded82,extra_trees,B34,light,0.4375,1,0.608695652174,7
expanded82,extra_trees,B34,medium,0.5,0.285714285714,0.363636363636,7
expanded82,extra_trees,B35,dark,0.444444444444,1,0.615384615385,8
expanded82,extra_trees,B35,light,1,0.125,0.222222222222,8
expanded82,extra_trees,B35,medium,0.2,0.125,0.153846153846,8
expanded82,knn5,B32,dark,0.333333333333,0.833333333333,0.47619047619,6
expanded82,knn5,B32,light,0.666666666667,0.285714285714,0.4,7
expanded82,knn5,B32,medium,1,0.166666666667,0.285714285714,6
expanded82,knn5,B33,dark,0.555555555556,0.714285714286,0.625,7
expanded82,knn5,B33,light,0.555555555556,0.833333333333,0.666666666667,6
expanded82,knn5,B33,medium,0,0,0,6
expanded82,knn5,B34,dark,1,0.142857142857,0.25,7
expanded82,knn5,B34,light,0.411764705882,1,0.583333333333,7
expanded82,knn5,B34,medium,0.333333333333,0.142857142857,0.2,7
expanded82,knn5,B35,dark,0.333333333333,1,0.5,8
expanded82,knn5,B35,light,0,0,0,8
expanded82,knn5,B35,medium,0,0,0,8
expanded82,lda_shrinkage,B32,dark,0.666666666667,0.333333333333,0.444444444444,6
expanded82,lda_shrinkage,B32,light,0.8,0.571428571429,0.666666666667,7
expanded82,lda_shrinkage,B32,medium,0.363636363636,0.666666666667,0.470588235294,6
expanded82,lda_shrinkage,B33,dark,1,0.428571428571,0.6,7
expanded82,lda_shrinkage,B33,light,0.4,1,0.571428571429,6
expanded82,lda_shrinkage,B33,medium,0,0,0,6
expanded82,lda_shrinkage,B34,dark,0,0,0,7
expanded82,lda_shrinkage,B34,light,0.4375,1,0.608695652174,7
expanded82,lda_shrinkage,B34,medium,0,0,0,7
expanded82,lda_shrinkage,B35,dark,0.352941176471,0.75,0.48,8
expanded82,lda_shrinkage,B35,light,1,0.25,0.4,8
expanded82,lda_shrinkage,B35,medium,0.2,0.125,0.153846153846,8
expanded82,linear_svm,B32,dark,0.4,0.666666666667,0.5,6
expanded82,linear_svm,B32,light,0.6,0.428571428571,0.5,7
expanded82,linear_svm,B32,medium,0.25,0.166666666667,0.2,6
expanded82,linear_svm,B33,dark,0.714285714286,0.714285714286,0.714285714286,7
expanded82,linear_svm,B33,light,0.5,0.833333333333,0.625,6
expanded82,linear_svm,B33,medium,0.5,0.166666666667,0.25,6
expanded82,linear_svm,B34,dark,0.5,0.285714285714,0.363636363636,7
expanded82,linear_svm,B34,light,0.466666666667,1,0.636363636364,7
expanded82,linear_svm,B34,medium,0,0,0,7
expanded82,linear_svm,B35,dark,0.454545454545,0.625,0.526315789474,8
expanded82,linear_svm,B35,light,1,0.25,0.4,8
expanded82,linear_svm,B35,medium,0.181818181818,0.25,0.210526315789,8
expanded82,logistic_l2,B32,dark,0.375,0.5,0.428571428571,6
expanded82,logistic_l2,B32,light,0.75,0.428571428571,0.545454545455,7
expanded82,logistic_l2,B32,medium,0.142857142857,0.166666666667,0.153846153846,6
expanded82,logistic_l2,B33,dark,0.75,0.428571428571,0.545454545455,7
expanded82,logistic_l2,B33,light,0.428571428571,1,0.6,6
expanded82,logistic_l2,B33,medium,0,0,0,6
expanded82,logistic_l2,B34,dark,0.5,0.285714285714,0.363636363636,7
expanded82,logistic_l2,B34,light,0.466666666667,1,0.636363636364,7
expanded82,logistic_l2,B34,medium,0,0,0,7
expanded82,logistic_l2,B35,dark,0.461538461538,0.75,0.571428571429,8
expanded82,logistic_l2,B35,light,1,0.25,0.4,8
expanded82,logistic_l2,B35,medium,0.222222222222,0.25,0.235294117647,8
expanded82,random_forest,B32,dark,0.625,0.833333333333,0.714285714286,6
expanded82,random_forest,B32,light,0.666666666667,0.857142857143,0.75,7
expanded82,random_forest,B32,medium,1,0.333333333333,0.5,6
expanded82,random_forest,B33,dark,0.857142857143,0.857142857143,0.857142857143,7
expanded82,random_forest,B33,light,0.5,0.833333333333,0.625,6
expanded82,random_forest,B33,medium,0.5,0.166666666667,0.25,6
expanded82,random_forest,B34,dark,1,0.142857142857,0.25,7
expanded82,random_forest,B34,light,0.411764705882,1,0.583333333333,7
expanded82,random_forest,B34,medium,0.333333333333,0.142857142857,0.2,7
expanded82,random_forest,B35,dark,0.421052631579,1,0.592592592593,8
expanded82,random_forest,B35,light,1,0.125,0.222222222222,8
expanded82,random_forest,B35,medium,0.5,0.25,0.333333333333,8
expanded82,rbf_svm,B32,dark,0.555555555556,0.833333333333,0.666666666667,6
expanded82,rbf_svm,B32,light,0.666666666667,0.857142857143,0.75,7
expanded82,rbf_svm,B32,medium,1,0.166666666667,0.285714285714,6
expanded82,rbf_svm,B33,dark,0.666666666667,0.571428571429,0.615384615385,7
expanded82,rbf_svm,B33,light,0.6,1,0.75,6
expanded82,rbf_svm,B33,medium,0.333333333333,0.166666666667,0.222222222222,6
expanded82,rbf_svm,B34,dark,1,0.142857142857,0.25,7
expanded82,rbf_svm,B34,light,0.411764705882,1,0.583333333333,7
expanded82,rbf_svm,B34,medium,0.333333333333,0.142857142857,0.2,7
expanded82,rbf_svm,B35,dark,0.388888888889,0.875,0.538461538462,8
expanded82,rbf_svm,B35,light,1,0.125,0.222222222222,8
expanded82,rbf_svm,B35,medium,0,0,0,8
legacy62,dummy_prior,B32,dark,0.315789473684,1,0.48,6
legacy62,dummy_prior,B32,light,0,0,0,7
legacy62,dummy_prior,B32,medium,0,0,0,6
legacy62,dummy_prior,B33,dark,0,0,0,7
legacy62,dummy_prior,B33,light,0.315789473684,1,0.48,6
legacy62,dummy_prior,B33,medium,0,0,0,6
legacy62,dummy_prior,B34,dark,0.333333333333,1,0.5,7
legacy62,dummy_prior,B34,light,0,0,0,7
legacy62,dummy_prior,B34,medium,0,0,0,7
legacy62,dummy_prior,B35,dark,0.333333333333,1,0.5,8
legacy62,dummy_prior,B35,light,0,0,0,8
legacy62,dummy_prior,B35,medium,0,0,0,8
legacy62,extra_trees,B32,dark,0.714285714286,0.833333333333,0.769230769231,6
legacy62,extra_trees,B32,light,0.5,0.571428571429,0.533333333333,7
legacy62,extra_trees,B32,medium,0.25,0.166666666667,0.2,6
legacy62,extra_trees,B33,dark,0.75,0.428571428571,0.545454545455,7
legacy62,extra_trees,B33,light,0.428571428571,0.5,0.461538461538,6
legacy62,extra_trees,B33,medium,0.375,0.5,0.428571428571,6
legacy62,extra_trees,B34,dark,1,0.142857142857,0.25,7
legacy62,extra_trees,B34,light,0.4375,1,0.608695652174,7
legacy62,extra_trees,B34,medium,0.5,0.285714285714,0.363636363636,7
legacy62,extra_trees,B35,dark,0.4,1,0.571428571429,8
legacy62,extra_trees,B35,light,0,0,0,8
legacy62,extra_trees,B35,medium,0.25,0.125,0.166666666667,8
legacy62,knn5,B32,dark,0.333333333333,0.666666666667,0.444444444444,6
legacy62,knn5,B32,light,0.5,0.428571428571,0.461538461538,7
legacy62,knn5,B32,medium,0,0,0,6
legacy62,knn5,B33,dark,0.4,0.571428571429,0.470588235294,7
legacy62,knn5,B33,light,0.571428571429,0.666666666667,0.615384615385,6
legacy62,knn5,B33,medium,0,0,0,6
legacy62,knn5,B34,dark,0,0,0,7
legacy62,knn5,B34,light,0.368421052632,1,0.538461538462,7
legacy62,knn5,B34,medium,0,0,0,7
legacy62,knn5,B35,dark,0.380952380952,1,0.551724137931,8
legacy62,knn5,B35,light,1,0.25,0.4,8
legacy62,knn5,B35,medium,1,0.125,0.222222222222,8
legacy62,lda_shrinkage,B32,dark,0.6,0.5,0.545454545455,6
legacy62,lda_shrinkage,B32,light,0.555555555556,0.714285714286,0.625,7
legacy62,lda_shrinkage,B32,medium,0.2,0.166666666667,0.181818181818,6
legacy62,lda_shrinkage,B33,dark,0.333333333333,0.142857142857,0.2,7
legacy62,lda_shrinkage,B33,light,0.5,0.666666666667,0.571428571429,6
legacy62,lda_shrinkage,B33,medium,0.375,0.5,0.428571428571,6
legacy62,lda_shrinkage,B34,dark,0,0,0,7
legacy62,lda_shrinkage,B34,light,0.4375,1,0.608695652174,7
legacy62,lda_shrinkage,B34,medium,0,0,0,7
legacy62,lda_shrinkage,B35,dark,0.375,0.75,0.5,8
legacy62,lda_shrinkage,B35,light,0,0,0,8
legacy62,lda_shrinkage,B35,medium,0.25,0.25,0.25,8
legacy62,linear_svm,B32,dark,0.357142857143,0.833333333333,0.5,6
legacy62,linear_svm,B32,light,0.666666666667,0.285714285714,0.4,7
legacy62,linear_svm,B32,medium,0,0,0,6
legacy62,linear_svm,B33,dark,0.4,0.285714285714,0.333333333333,7
legacy62,linear_svm,B33,light,0.333333333333,0.5,0.4,6
legacy62,linear_svm,B33,medium,0.2,0.166666666667,0.181818181818,6
legacy62,linear_svm,B34,dark,0.333333333333,0.285714285714,0.307692307692,7
legacy62,linear_svm,B34,light,0.333333333333,0.714285714286,0.454545454545,7
legacy62,linear_svm,B34,medium,0,0,0,7
legacy62,linear_svm,B35,dark,0.416666666667,0.625,0.5,8
legacy62,linear_svm,B35,light,1,0.25,0.4,8
legacy62,linear_svm,B35,medium,0.3,0.375,0.333333333333,8
legacy62,logistic_l2,B32,dark,0.444444444444,0.666666666667,0.533333333333,6
legacy62,logistic_l2,B32,light,0.333333333333,0.285714285714,0.307692307692,7
legacy62,logistic_l2,B32,medium,0,0,0,6
legacy62,logistic_l2,B33,dark,0.4,0.285714285714,0.333333333333,7
legacy62,logistic_l2,B33,light,0.428571428571,0.5,0.461538461538,6
legacy62,logistic_l2,B33,medium,0.428571428571,0.5,0.461538461538,6
legacy62,logistic_l2,B34,dark,0.4,0.285714285714,0.333333333333,7
legacy62,logistic_l2,B34,light,0.4,0.857142857143,0.545454545455,7
legacy62,logistic_l2,B34,medium,0,0,0,7
legacy62,logistic_l2,B35,dark,0.375,0.75,0.5,8
legacy62,logistic_l2,B35,light,1,0.25,0.4,8
legacy62,logistic_l2,B35,medium,0.333333333333,0.25,0.285714285714,8
legacy62,random_forest,B32,dark,0.714285714286,0.833333333333,0.769230769231,6
legacy62,random_forest,B32,light,0.571428571429,0.571428571429,0.571428571429,7
legacy62,random_forest,B32,medium,0.4,0.333333333333,0.363636363636,6
legacy62,random_forest,B33,dark,0.8,0.571428571429,0.666666666667,7
legacy62,random_forest,B33,light,0.5,0.666666666667,0.571428571429,6
legacy62,random_forest,B33,medium,0.333333333333,0.333333333333,0.333333333333,6
legacy62,random_forest,B34,dark,1,0.142857142857,0.25,7
legacy62,random_forest,B34,light,0.388888888889,1,0.56,7
legacy62,random_forest,B34,medium,0.5,0.142857142857,0.222222222222,7
legacy62,random_forest,B35,dark,0.470588235294,1,0.64,8
legacy62,random_forest,B35,light,0,0,0,8
legacy62,random_forest,B35,medium,0.428571428571,0.375,0.4,8
legacy62,rbf_svm,B32,dark,0.428571428571,0.5,0.461538461538,6
legacy62,rbf_svm,B32,light,0.666666666667,0.857142857143,0.75,7
legacy62,rbf_svm,B32,medium,0.333333333333,0.166666666667,0.222222222222,6
legacy62,rbf_svm,B33,dark,0.666666666667,0.571428571429,0.615384615385,7
legacy62,rbf_svm,B33,light,0.555555555556,0.833333333333,0.666666666667,6
legacy62,rbf_svm,B33,medium,0.25,0.166666666667,0.2,6
legacy62,rbf_svm,B34,dark,1,0.142857142857,0.25,7
legacy62,rbf_svm,B34,light,0.411764705882,1,0.583333333333,7
legacy62,rbf_svm,B34,medium,0.333333333333,0.142857142857,0.2,7
legacy62,rbf_svm,B35,dark,0.35,0.875,0.5,8
legacy62,rbf_svm,B35,light,1,0.125,0.222222222222,8
legacy62,rbf_svm,B35,medium,0,0,0,8
raw_collect10,dummy_prior,B32,dark,0.315789473684,1,0.48,6
raw_collect10,dummy_prior,B32,light,0,0,0,7
raw_collect10,dummy_prior,B32,medium,0,0,0,6
raw_collect10,dummy_prior,B33,dark,0,0,0,7
raw_collect10,dummy_prior,B33,light,0.315789473684,1,0.48,6
raw_collect10,dummy_prior,B33,medium,0,0,0,6
raw_collect10,dummy_prior,B34,dark,0.333333333333,1,0.5,7
raw_collect10,dummy_prior,B34,light,0,0,0,7
raw_collect10,dummy_prior,B34,medium,0,0,0,7
raw_collect10,dummy_prior,B35,dark,0.333333333333,1,0.5,8
raw_collect10,dummy_prior,B35,light,0,0,0,8
raw_collect10,dummy_prior,B35,medium,0,0,0,8
raw_collect10,extra_trees,B32,dark,0.333333333333,1,0.5,6
raw_collect10,extra_trees,B32,light,1,0.142857142857,0.25,7
raw_collect10,extra_trees,B32,medium,0,0,0,6
raw_collect10,extra_trees,B33,dark,1,0.142857142857,0.25,7
raw_collect10,extra_trees,B33,light,0.333333333333,1,0.5,6
raw_collect10,extra_trees,B33,medium,0,0,0,6
raw_collect10,extra_trees,B34,dark,0.5,0.857142857143,0.631578947368,7
raw_collect10,extra_trees,B34,light,1,0.285714285714,0.444444444444,7
raw_collect10,extra_trees,B34,medium,0.428571428571,0.428571428571,0.428571428571,7
raw_collect10,extra_trees,B35,dark,0.5,0.375,0.428571428571,8
raw_collect10,extra_trees,B35,light,0.333333333333,0.125,0.181818181818,8
raw_collect10,extra_trees,B35,medium,0.4,0.75,0.521739130435,8
raw_collect10,knn5,B32,dark,0.333333333333,1,0.5,6
raw_collect10,knn5,B32,light,1,0.142857142857,0.25,7
raw_collect10,knn5,B32,medium,0,0,0,6
raw_collect10,knn5,B33,dark,0,0,0,7
raw_collect10,knn5,B33,light,0.333333333333,1,0.5,6
raw_collect10,knn5,B33,medium,0,0,0,6
raw_collect10,knn5,B34,dark,0.357142857143,0.714285714286,0.47619047619,7
raw_collect10,knn5,B34,light,0.25,0.142857142857,0.181818181818,7
raw_collect10,knn5,B34,medium,0.333333333333,0.142857142857,0.2,7
raw_collect10,knn5,B35,dark,0.555555555556,0.625,0.588235294118,8
raw_collect10,knn5,B35,light,0.5,0.375,0.428571428571,8
raw_collect10,knn5,B35,medium,0.333333333333,0.375,0.352941176471,8
raw_collect10,lda_shrinkage,B32,dark,0.333333333333,1,0.5,6
raw_collect10,lda_shrinkage,B32,light,1,0.142857142857,0.25,7
raw_collect10,lda_shrinkage,B32,medium,0,0,0,6
raw_collect10,lda_shrinkage,B33,dark,1,0.142857142857,0.25,7
raw_collect10,lda_shrinkage,B33,light,0.333333333333,1,0.5,6
raw_collect10,lda_shrinkage,B33,medium,0,0,0,6
raw_collect10,lda_shrinkage,B34,dark,0.454545454545,0.714285714286,0.555555555556,7
raw_collect10,lda_shrinkage,B34,light,0.6,0.428571428571,0.5,7
raw_collect10,lda_shrinkage,B34,medium,0.4,0.285714285714,0.333333333333,7
raw_collect10,lda_shrinkage,B35,dark,1,0.25,0.4,8
raw_collect10,lda_shrinkage,B35,light,0.75,0.375,0.5,8
raw_collect10,lda_shrinkage,B35,medium,0.444444444444,1,0.615384615385,8
raw_collect10,linear_svm,B32,dark,0.315789473684,1,0.48,6
raw_collect10,linear_svm,B32,light,0,0,0,7
raw_collect10,linear_svm,B32,medium,0,0,0,6
raw_collect10,linear_svm,B33,dark,0,0,0,7
raw_collect10,linear_svm,B33,light,0.333333333333,1,0.5,6
raw_collect10,linear_svm,B33,medium,0,0,0,6
raw_collect10,linear_svm,B34,dark,0.4,0.857142857143,0.545454545455,7
raw_collect10,linear_svm,B34,light,1,0.285714285714,0.444444444444,7
raw_collect10,linear_svm,B34,medium,0.5,0.285714285714,0.363636363636,7
raw_collect10,linear_svm,B35,dark,1,0.375,0.545454545455,8
raw_collect10,linear_svm,B35,light,0.666666666667,0.25,0.363636363636,8
raw_collect10,linear_svm,B35,medium,0.444444444444,1,0.615384615385,8
raw_collect10,logistic_l2,B32,dark,0.315789473684,1,0.48,6
raw_collect10,logistic_l2,B32,light,0,0,0,7
raw_collect10,logistic_l2,B32,medium,0,0,0,6
raw_collect10,logistic_l2,B33,dark,1,0.142857142857,0.25,7
raw_collect10,logistic_l2,B33,light,0.352941176471,1,0.521739130435,6
raw_collect10,logistic_l2,B33,medium,0,0,0,6
raw_collect10,logistic_l2,B34,dark,0.5,0.857142857143,0.631578947368,7
raw_collect10,logistic_l2,B34,light,0.666666666667,0.571428571429,0.615384615385,7
raw_collect10,logistic_l2,B34,medium,0.666666666667,0.285714285714,0.4,7
raw_collect10,logistic_l2,B35,dark,0.75,0.375,0.5,8
raw_collect10,logistic_l2,B35,light,0.666666666667,0.25,0.363636363636,8
raw_collect10,logistic_l2,B35,medium,0.411764705882,0.875,0.56,8
raw_collect10,random_forest,B32,dark,0.352941176471,1,0.521739130435,6
raw_collect10,random_forest,B32,light,1,0.285714285714,0.444444444444,7
raw_collect10,random_forest,B32,medium,0,0,0,6
raw_collect10,random_forest,B33,dark,1,0.285714285714,0.444444444444,7
raw_collect10,random_forest,B33,light,0.352941176471,1,0.521739130435,6
raw_collect10,random_forest,B33,medium,0,0,0,6
raw_collect10,random_forest,B34,dark,0.363636363636,0.571428571429,0.444444444444,7
raw_collect10,random_forest,B34,light,1,0.142857142857,0.25,7
raw_collect10,random_forest,B34,medium,0.444444444444,0.571428571429,0.5,7
raw_collect10,random_forest,B35,dark,0.571428571429,0.5,0.533333333333,8
raw_collect10,random_forest,B35,light,0.666666666667,0.75,0.705882352941,8
raw_collect10,random_forest,B35,medium,0.25,0.25,0.25,8
raw_collect10,rbf_svm,B32,dark,0.333333333333,1,0.5,6
raw_collect10,rbf_svm,B32,light,1,0.142857142857,0.25,7
raw_collect10,rbf_svm,B32,medium,0,0,0,6
raw_collect10,rbf_svm,B33,dark,1,0.142857142857,0.25,7
raw_collect10,rbf_svm,B33,light,0.333333333333,1,0.5,6
raw_collect10,rbf_svm,B33,medium,0,0,0,6
raw_collect10,rbf_svm,B34,dark,0.384615384615,0.714285714286,0.5,7
raw_collect10,rbf_svm,B34,light,0.5,0.142857142857,0.222222222222,7
raw_collect10,rbf_svm,B34,medium,0.5,0.428571428571,0.461538461538,7
raw_collect10,rbf_svm,B35,dark,0,0,0,8
raw_collect10,rbf_svm,B35,light,0.2,0.25,0.222222222222,8
raw_collect10,rbf_svm,B35,medium,0.285714285714,0.5,0.363636363636,8
response10,dummy_prior,B32,dark,0.315789473684,1,0.48,6
response10,dummy_prior,B32,light,0,0,0,7
response10,dummy_prior,B32,medium,0,0,0,6
response10,dummy_prior,B33,dark,0,0,0,7
response10,dummy_prior,B33,light,0.315789473684,1,0.48,6
response10,dummy_prior,B33,medium,0,0,0,6
response10,dummy_prior,B34,dark,0.333333333333,1,0.5,7
response10,dummy_prior,B34,light,0,0,0,7
response10,dummy_prior,B34,medium,0,0,0,7
response10,dummy_prior,B35,dark,0.333333333333,1,0.5,8
response10,dummy_prior,B35,light,0,0,0,8
response10,dummy_prior,B35,medium,0,0,0,8
response10,extra_trees,B32,dark,0.5,0.833333333333,0.625,6
response10,extra_trees,B32,light,0.714285714286,0.714285714286,0.714285714286,7
response10,extra_trees,B32,medium,0.5,0.166666666667,0.25,6
response10,extra_trees,B33,dark,0.6,0.428571428571,0.5,7
response10,extra_trees,B33,light,0.454545454545,0.833333333333,0.588235294118,6
response10,extra_trees,B33,medium,0,0,0,6
response10,extra_trees,B34,dark,1,0.142857142857,0.25,7
response10,extra_trees,B34,light,0.4375,1,0.608695652174,7
response10,extra_trees,B34,medium,0.5,0.285714285714,0.363636363636,7
response10,extra_trees,B35,dark,0.5,0.875,0.636363636364,8
response10,extra_trees,B35,light,0,0,0,8
response10,extra_trees,B35,medium,0.3,0.375,0.333333333333,8
response10,knn5,B32,dark,0.333333333333,0.5,0.4,6
response10,knn5,B32,light,0.571428571429,0.571428571429,0.571428571429,7
response10,knn5,B32,medium,0.333333333333,0.166666666667,0.222222222222,6
response10,knn5,B33,dark,0.5,0.428571428571,0.461538461538,7
response10,knn5,B33,light,0.571428571429,0.666666666667,0.615384615385,6
response10,knn5,B33,medium,0.5,0.5,0.5,6
response10,knn5,B34,dark,1,0.142857142857,0.25,7
response10,knn5,B34,light,0.375,0.857142857143,0.521739130435,7
response10,knn5,B34,medium,0.5,0.285714285714,0.363636363636,7
response10,knn5,B35,dark,0.4,1,0.571428571429,8
response10,knn5,B35,light,1,0.25,0.4,8
response10,knn5,B35,medium,0.5,0.125,0.2,8
response10,lda_shrinkage,B32,dark,0.555555555556,0.833333333333,0.666666666667,6
response10,lda_shrinkage,B32,light,0.625,0.714285714286,0.666666666667,7
response10,lda_shrinkage,B32,medium,0.5,0.166666666667,0.25,6
response10,lda_shrinkage,B33,dark,1,0.285714285714,0.444444444444,7
response10,lda_shrinkage,B33,light,0.454545454545,0.833333333333,0.588235294118,6
response10,lda_shrinkage,B33,medium,0.5,0.5,0.5,6
response10,lda_shrinkage,B34,dark,0,0,0,7
response10,lda_shrinkage,B34,light,0.466666666667,1,0.636363636364,7
response10,lda_shrinkage,B34,medium,0.666666666667,0.571428571429,0.615384615385,7
response10,lda_shrinkage,B35,dark,0.533333333333,1,0.695652173913,8
response10,lda_shrinkage,B35,light,1,0.125,0.222222222222,8
response10,lda_shrinkage,B35,medium,0.5,0.5,0.5,8
response10,linear_svm,B32,dark,0.555555555556,0.833333333333,0.666666666667,6
response10,linear_svm,B32,light,0.625,0.714285714286,0.666666666667,7
response10,linear_svm,B32,medium,0.5,0.166666666667,0.25,6
response10,linear_svm,B33,dark,1,0.142857142857,0.25,7
response10,linear_svm,B33,light,0.428571428571,1,0.6,6
response10,linear_svm,B33,medium,0.25,0.166666666667,0.2,6
response10,linear_svm,B34,dark,0,0,0,7
response10,linear_svm,B34,light,0.461538461538,0.857142857143,0.6,7
response10,linear_svm,B34,medium,0.5,0.571428571429,0.533333333333,7
response10,linear_svm,B35,dark,0.533333333333,1,0.695652173913,8
response10,linear_svm,B35,light,0,0,0,8
response10,linear_svm,B35,medium,0.444444444444,0.5,0.470588235294,8
response10,logistic_l2,B32,dark,0.555555555556,0.833333333333,0.666666666667,6
response10,logistic_l2,B32,light,0.625,0.714285714286,0.666666666667,7
response10,logistic_l2,B32,medium,0.5,0.166666666667,0.25,6
response10,logistic_l2,B33,dark,1,0.142857142857,0.25,7
response10,logistic_l2,B33,light,0.428571428571,1,0.6,6
response10,logistic_l2,B33,medium,0.25,0.166666666667,0.2,6
response10,logistic_l2,B34,dark,0,0,0,7
response10,logistic_l2,B34,light,0.5,1,0.666666666667,7
response10,logistic_l2,B34,medium,0.5,0.428571428571,0.461538461538,7
response10,logistic_l2,B35,dark,0.533333333333,1,0.695652173913,8
response10,logistic_l2,B35,light,1,0.125,0.222222222222,8
response10,logistic_l2,B35,medium,0.5,0.5,0.5,8
response10,random_forest,B32,dark,0.5,0.833333333333,0.625,6
response10,random_forest,B32,light,0.714285714286,0.714285714286,0.714285714286,7
response10,random_forest,B32,medium,0.5,0.166666666667,0.25,6
response10,random_forest,B33,dark,1,0.428571428571,0.6,7
response10,random_forest,B33,light,0.555555555556,0.833333333333,0.666666666667,6
response10,random_forest,B33,medium,0.428571428571,0.5,0.461538461538,6
response10,random_forest,B34,dark,0,0,0,7
response10,random_forest,B34,light,0.4,0.857142857143,0.545454545455,7
response10,random_forest,B34,medium,0.2,0.142857142857,0.166666666667,7
response10,random_forest,B35,dark,0.5,0.875,0.636363636364,8
response10,random_forest,B35,light,0,0,0,8
response10,random_forest,B35,medium,0.4,0.5,0.444444444444,8
response10,rbf_svm,B32,dark,0.428571428571,0.5,0.461538461538,6
response10,rbf_svm,B32,light,0.75,0.857142857143,0.8,7
response10,rbf_svm,B32,medium,0.5,0.333333333333,0.4,6
response10,rbf_svm,B33,dark,1,0.428571428571,0.6,7
response10,rbf_svm,B33,light,0.5,0.833333333333,0.625,6
response10,rbf_svm,B33,medium,0.333333333333,0.333333333333,0.333333333333,6
response10,rbf_svm,B34,dark,1,0.142857142857,0.25,7
response10,rbf_svm,B34,light,0.384615384615,0.714285714286,0.5,7
response10,rbf_svm,B34,medium,0.428571428571,0.428571428571,0.428571428571,7
response10,rbf_svm,B35,dark,0.470588235294,1,0.64,8
response10,rbf_svm,B35,light,0,0,0,8
response10,rbf_svm,B35,medium,0.285714285714,0.25,0.266666666667,8
response20,dummy_prior,B32,dark,0.315789473684,1,0.48,6
response20,dummy_prior,B32,light,0,0,0,7
response20,dummy_prior,B32,medium,0,0,0,6
response20,dummy_prior,B33,dark,0,0,0,7
response20,dummy_prior,B33,light,0.315789473684,1,0.48,6
response20,dummy_prior,B33,medium,0,0,0,6
response20,dummy_prior,B34,dark,0.333333333333,1,0.5,7
response20,dummy_prior,B34,light,0,0,0,7
response20,dummy_prior,B34,medium,0,0,0,7
response20,dummy_prior,B35,dark,0.333333333333,1,0.5,8
response20,dummy_prior,B35,light,0,0,0,8
response20,dummy_prior,B35,medium,0,0,0,8
response20,extra_trees,B32,dark,0.444444444444,0.666666666667,0.533333333333,6
response20,extra_trees,B32,light,0.5,0.571428571429,0.533333333333,7
response20,extra_trees,B32,medium,0,0,0,6
response20,extra_trees,B33,dark,0.571428571429,0.571428571429,0.571428571429,7
response20,extra_trees,B33,light,0.444444444444,0.666666666667,0.533333333333,6
response20,extra_trees,B33,medium,0.333333333333,0.166666666667,0.222222222222,6
response20,extra_trees,B34,dark,1,0.142857142857,0.25,7
response20,extra_trees,B34,light,0.4375,1,0.608695652174,7
response20,extra_trees,B34,medium,0.5,0.285714285714,0.363636363636,7
response20,extra_trees,B35,dark,0.5,1,0.666666666667,8
response20,extra_trees,B35,light,0,0,0,8
response20,extra_trees,B35,medium,0.125,0.125,0.125,8
response20,knn5,B32,dark,0.384615384615,0.833333333333,0.526315789474,6
response20,knn5,B32,light,1,0.571428571429,0.727272727273,7
response20,knn5,B32,medium,0.5,0.166666666667,0.25,6
response20,knn5,B33,dark,0.428571428571,0.428571428571,0.428571428571,7
response20,knn5,B33,light,0.4,0.666666666667,0.5,6
response20,knn5,B33,medium,0,0,0,6
response20,knn5,B34,dark,0,0,0,7
response20,knn5,B34,light,0.368421052632,1,0.538461538462,7
response20,knn5,B34,medium,0,0,0,7
response20,knn5,B35,dark,0.380952380952,1,0.551724137931,8
response20,knn5,B35,light,1,0.25,0.4,8
response20,knn5,B35,medium,0,0,0,8
response20,lda_shrinkage,B32,dark,0.571428571429,0.666666666667,0.615384615385,6
response20,lda_shrinkage,B32,light,0.571428571429,0.571428571429,0.571428571429,7
response20,lda_shrinkage,B32,medium,0.2,0.166666666667,0.181818181818,6
response20,lda_shrinkage,B33,dark,1,0.285714285714,0.444444444444,7
response20,lda_shrinkage,B33,light,0.416666666667,0.833333333333,0.555555555556,6
response20,lda_shrinkage,B33,medium,0.4,0.333333333333,0.363636363636,6
response20,lda_shrinkage,B34,dark,0,0,0,7
response20,lda_shrinkage,B34,light,0.352941176471,0.857142857143,0.5,7
response20,lda_shrinkage,B34,medium,0,0,0,7
response20,lda_shrinkage,B35,dark,0.411764705882,0.875,0.56,8
response20,lda_shrinkage,B35,light,1,0.125,0.222222222222,8
response20,lda_shrinkage,B35,medium,0.333333333333,0.25,0.285714285714,8
response20,linear_svm,B32,dark,0.416666666667,0.833333333333,0.555555555556,6
response20,linear_svm,B32,light,0.75,0.428571428571,0.545454545455,7
response20,linear_svm,B32,medium,0,0,0,6
response20,linear_svm,B33,dark,1,0.285714285714,0.444444444444,7
response20,linear_svm,B33,light,0.428571428571,1,0.6,6
response20,linear_svm,B33,medium,0.333333333333,0.166666666667,0.222222222222,6
response20,linear_svm,B34,dark,0.5,0.142857142857,0.222222222222,7
response20,linear_svm,B34,light,0.384615384615,0.714285714286,0.5,7
response20,linear_svm,B34,medium,0.166666666667,0.142857142857,0.153846153846,7
response20,linear_svm,B35,dark,0.388888888889,0.875,0.538461538462,8
response20,linear_svm,B35,light,0,0,0,8
response20,linear_svm,B35,medium,0.333333333333,0.25,0.285714285714,8
response20,logistic_l2,B32,dark,0.454545454545,0.833333333333,0.588235294118,6
response20,logistic_l2,B32,light,0.75,0.428571428571,0.545454545455,7
response20,logistic_l2,B32,medium,0,0,0,6
response20,logistic_l2,B33,dark,1,0.142857142857,0.25,7
response20,logistic_l2,B33,light,0.4,1,0.571428571429,6
response20,logistic_l2,B33,medium,0.333333333333,0.166666666667,0.222222222222,6
response20,logistic_l2,B34,dark,0,0,0,7
response20,logistic_l2,B34,light,0.333333333333,0.714285714286,0.454545454545,7
response20,logistic_l2,B34,medium,0,0,0,7
response20,logistic_l2,B35,dark,0.411764705882,0.875,0.56,8
response20,logistic_l2,B35,light,1,0.125,0.222222222222,8
response20,logistic_l2,B35,medium,0.166666666667,0.125,0.142857142857,8
response20,random_forest,B32,dark,0.5,0.666666666667,0.571428571429,6
response20,random_forest,B32,light,0.625,0.714285714286,0.666666666667,7
response20,random_forest,B32,medium,0.333333333333,0.166666666667,0.222222222222,6
response20,random_forest,B33,dark,0.75,0.428571428571,0.545454545455,7
response20,random_forest,B33,light,0.454545454545,0.833333333333,0.588235294118,6
response20,random_forest,B33,medium,0.5,0.333333333333,0.4,6
response20,random_forest,B34,dark,1,0.142857142857,0.25,7
response20,random_forest,B34,light,0.4375,1,0.608695652174,7
response20,random_forest,B34,medium,0.5,0.285714285714,0.363636363636,7
response20,random_forest,B35,dark,0.421052631579,1,0.592592592593,8
response20,random_forest,B35,light,0,0,0,8
response20,random_forest,B35,medium,0.25,0.125,0.166666666667,8
response20,rbf_svm,B32,dark,0.5,0.666666666667,0.571428571429,6
response20,rbf_svm,B32,light,0.714285714286,0.714285714286,0.714285714286,7
response20,rbf_svm,B32,medium,0.5,0.333333333333,0.4,6
response20,rbf_svm,B33,dark,1,0.428571428571,0.6,7
response20,rbf_svm,B33,light,0.5,0.833333333333,0.625,6
response20,rbf_svm,B33,medium,0.5,0.5,0.5,6
response20,rbf_svm,B34,dark,0,0,0,7
response20,rbf_svm,B34,light,0.352941176471,0.857142857143,0.5,7
response20,rbf_svm,B34,medium,0,0,0,7
response20,rbf_svm,B35,dark,0.368421052632,0.875,0.518518518519,8
response20,rbf_svm,B35,light,1,0.125,0.222222222222,8
response20,rbf_svm,B35,medium,0,0,0,8
