group,feature_count,model,held_out_batch,train_files,test_files,train_batches,macro_f1,balanced_accuracy,fit_ms,predict_ms,confusion_matrix_D_L_M,labels_order
response10,10,dummy_prior,B32,64,19,B33|B34|B35,0.16,0.333333333333,0.347799999872,0.063899999077,"[[6, 0, 0], [7, 0, 0], [6, 0, 0]]",dark|light|medium
response10,10,logistic_l2,B32,64,19,B33|B34|B35,0.527777777778,0.571428571429,8.61430000077,0.367500000721,"[[5, 1, 0], [1, 5, 1], [3, 2, 1]]",dark|light|medium
response10,10,lda_shrinkage,B32,64,19,B33|B34|B35,0.527777777778,0.571428571429,9.49780000155,0.507099997776,"[[5, 1, 0], [1, 5, 1], [3, 2, 1]]",dark|light|medium
response10,10,linear_svm,B32,64,19,B33|B34|B35,0.527777777778,0.571428571429,3.02649999867,0.696900002367,"[[5, 1, 0], [1, 5, 1], [3, 2, 1]]",dark|light|medium
response10,10,rbf_svm,B32,64,19,B33|B34|B35,0.553846153846,0.563492063492,1.50009999925,0.343499999872,"[[3, 1, 2], [1, 6, 0], [3, 1, 2]]",dark|light|medium
response10,10,knn5,B32,64,19,B33|B34|B35,0.397883597884,0.412698412698,2.6521999971,2.38190000164,"[[3, 1, 2], [3, 4, 0], [3, 2, 1]]",dark|light|medium
response10,10,random_forest,B32,64,19,B33|B34|B35,0.529761904762,0.571428571429,75.1114000013,5.01850000001,"[[5, 1, 0], [1, 5, 1], [4, 1, 1]]",dark|light|medium
response10,10,extra_trees,B32,64,19,B33|B34|B35,0.529761904762,0.571428571429,51.8898000009,4.86939999973,"[[5, 1, 0], [1, 5, 1], [4, 1, 1]]",dark|light|medium
response10,10,dummy_prior,B33,64,19,B32|B34|B35,0.16,0.333333333333,0.179700000444,0.0473999971291,"[[0, 7, 0], [0, 6, 0], [0, 6, 0]]",dark|light|medium
response10,10,logistic_l2,B33,64,19,B32|B34|B35,0.35,0.436507936508,6.91929999812,0.308599999698,"[[1, 3, 3], [0, 6, 0], [0, 5, 1]]",dark|light|medium
response10,10,lda_shrinkage,B33,64,19,B32|B34|B35,0.510893246187,0.539682539683,3.51020000016,0.283900000795,"[[2, 3, 2], [0, 5, 1], [0, 3, 3]]",dark|light|medium
response10,10,linear_svm,B33,64,19,B32|B34|B35,0.35,0.436507936508,1.58730000112,0.308200000291,"[[1, 3, 3], [0, 6, 0], [0, 5, 1]]",dark|light|medium
response10,10,rbf_svm,B33,64,19,B32|B34|B35,0.519444444444,0.531746031746,1.38460000016,0.320300001476,"[[3, 1, 3], [0, 5, 1], [0, 4, 2]]",dark|light|medium
response10,10,knn5,B33,64,19,B32|B34|B35,0.525641025641,0.531746031746,1.07930000013,1.57100000069,"[[3, 1, 3], [2, 4, 0], [1, 2, 3]]",dark|light|medium
response10,10,random_forest,B33,64,19,B32|B34|B35,0.576068376068,0.587301587302,71.1587000005,4.97819999873,"[[3, 1, 3], [0, 5, 1], [0, 3, 3]]",dark|light|medium
response10,10,extra_trees,B33,64,19,B32|B34|B35,0.362745098039,0.420634920635,57.9007999986,4.49079999817,"[[3, 1, 3], [1, 5, 0], [1, 5, 0]]",dark|light|medium
response10,10,dummy_prior,B34,62,21,B32|B33|B35,0.166666666667,0.333333333333,0.213000002987,0.0450000006822,"[[7, 0, 0], [7, 0, 0], [7, 0, 0]]",dark|light|medium
response10,10,logistic_l2,B34,62,21,B32|B33|B35,0.376068376068,0.47619047619,7.79920000059,0.355500000296,"[[0, 4, 3], [0, 7, 0], [1, 3, 3]]",dark|light|medium
response10,10,lda_shrinkage,B34,62,21,B32|B33|B35,0.417249417249,0.52380952381,4.01109999802,0.344899999618,"[[0, 5, 2], [0, 7, 0], [0, 3, 4]]",dark|light|medium
response10,10,linear_svm,B34,62,21,B32|B33|B35,0.377777777778,0.47619047619,1.79079999725,0.321800001984,"[[0, 4, 3], [0, 6, 1], [0, 3, 4]]",dark|light|medium
response10,10,rbf_svm,B34,62,21,B32|B33|B35,0.392857142857,0.428571428571,1.72389999716,0.406800001656,"[[1, 4, 2], [0, 5, 2], [0, 4, 3]]",dark|light|medium
response10,10,knn5,B34,62,21,B32|B33|B35,0.378458498024,0.428571428571,1.33880000067,1.24100000176,"[[1, 5, 1], [0, 6, 1], [0, 5, 2]]",dark|light|medium
response10,10,random_forest,B34,62,21,B32|B33|B35,0.237373737374,0.333333333333,76.5296999998,4.56190000114,"[[0, 4, 3], [0, 6, 1], [1, 5, 1]]",dark|light|medium
response10,10,extra_trees,B34,62,21,B32|B33|B35,0.40744400527,0.47619047619,60.5844999991,4.70119999954,"[[1, 4, 2], [0, 7, 0], [0, 5, 2]]",dark|light|medium
response10,10,dummy_prior,B35,59,24,B32|B33|B34,0.166666666667,0.333333333333,0.205200001801,0.0430000000051,"[[8, 0, 0], [8, 0, 0], [8, 0, 0]]",dark|light|medium
response10,10,logistic_l2,B35,59,24,B32|B33|B34,0.472624798712,0.541666666667,6.75099999717,0.34020000021,"[[8, 0, 0], [3, 1, 4], [4, 0, 4]]",dark|light|medium
response10,10,lda_shrinkage,B35,59,24,B32|B33|B34,0.472624798712,0.541666666667,3.82629999876,0.309099999868,"[[8, 0, 0], [3, 1, 4], [4, 0, 4]]",dark|light|medium
response10,10,linear_svm,B35,59,24,B32|B33|B34,0.388746803069,0.5,1.88679999701,0.329599999532,"[[8, 0, 0], [3, 0, 5], [4, 0, 4]]",dark|light|medium
response10,10,rbf_svm,B35,59,24,B32|B33|B34,0.302222222222,0.416666666667,1.61339999977,0.496299999213,"[[8, 0, 0], [3, 0, 5], [6, 0, 2]]",dark|light|medium
response10,10,knn5,B35,59,24,B32|B33|B34,0.390476190476,0.458333333333,1.24589999905,1.17859999955,"[[8, 0, 0], [5, 2, 1], [7, 0, 1]]",dark|light|medium
response10,10,random_forest,B35,59,24,B32|B33|B34,0.360269360269,0.458333333333,76.6026999991,4.6454000003,"[[7, 0, 1], [3, 0, 5], [4, 0, 4]]",dark|light|medium
response10,10,extra_trees,B35,59,24,B32|B33|B34,0.323232323232,0.416666666667,56.5693999997,4.62010000047,"[[7, 0, 1], [2, 0, 6], [5, 0, 3]]",dark|light|medium
response20,20,dummy_prior,B32,64,19,B33|B34|B35,0.16,0.333333333333,0.1932999985,0.0462000025436,"[[6, 0, 0], [7, 0, 0], [6, 0, 0]]",dark|light|medium
response20,20,logistic_l2,B32,64,19,B33|B34|B35,0.377896613191,0.420634920635,7.98700000087,0.339199999871,"[[5, 0, 1], [1, 3, 3], [5, 1, 0]]",dark|light|medium
response20,20,lda_shrinkage,B32,64,19,B33|B34|B35,0.45621045621,0.468253968254,3.778899998,0.304000001051,"[[4, 0, 2], [1, 4, 2], [2, 3, 1]]",dark|light|medium
response20,20,linear_svm,B32,64,19,B33|B34|B35,0.367003367003,0.420634920635,1.89139999929,0.32629999987,"[[5, 0, 1], [2, 3, 2], [5, 1, 0]]",dark|light|medium
response20,20,rbf_svm,B32,64,19,B33|B34|B35,0.561904761905,0.571428571429,1.68139999732,0.398799998948,"[[4, 1, 1], [1, 5, 1], [3, 1, 2]]",dark|light|medium
response20,20,knn5,B32,64,19,B33|B34|B35,0.501196172249,0.52380952381,1.10259999929,1701.03,"[[5, 0, 1], [3, 4, 0], [5, 0, 1]]",dark|light|medium
response20,20,random_forest,B32,64,19,B33|B34|B35,0.486772486772,0.515873015873,102.505300001,6.09110000005,"[[4, 1, 1], [1, 5, 1], [3, 2, 1]]",dark|light|medium
response20,20,extra_trees,B32,64,19,B33|B34|B35,0.355555555556,0.412698412698,75.7242,6.30639999872,"[[4, 1, 1], [2, 4, 1], [3, 3, 0]]",dark|light|medium
response20,20,dummy_prior,B33,64,19,B32|B34|B35,0.16,0.333333333333,0.204199997825,0.0758999995014,"[[0, 7, 0], [0, 6, 0], [0, 6, 0]]",dark|light|medium
response20,20,logistic_l2,B33,64,19,B32|B34|B35,0.347883597884,0.436507936508,11.0550999998,0.427999999374,"[[1, 4, 2], [0, 6, 0], [0, 5, 1]]",dark|light|medium
response20,20,lda_shrinkage,B33,64,19,B32|B34|B35,0.454545454545,0.484126984127,5.11510000069,0.406300001487,"[[2, 3, 2], [0, 5, 1], [0, 4, 2]]",dark|light|medium
response20,20,linear_svm,B33,64,19,B32|B34|B35,0.422222222222,0.484126984127,2.2269000001,0.364000003174,"[[2, 3, 2], [0, 6, 0], [0, 5, 1]]",dark|light|medium
response20,20,rbf_svm,B33,64,19,B32|B34|B35,0.575,0.587301587302,2.12520000059,0.486299999466,"[[3, 2, 2], [0, 5, 1], [0, 3, 3]]",dark|light|medium
response20,20,knn5,B33,64,19,B32|B34|B35,0.309523809524,0.365079365079,1.37679999898,3.00589999824,"[[3, 2, 2], [2, 4, 0], [2, 4, 0]]",dark|light|medium
response20,20,random_forest,B33,64,19,B32|B34|B35,0.511229946524,0.531746031746,101.5171,5.98569999784,"[[3, 2, 2], [1, 5, 0], [0, 4, 2]]",dark|light|medium
response20,20,extra_trees,B33,64,19,B32|B34|B35,0.442328042328,0.468253968254,72.8607000019,6.10139999844,"[[4, 1, 2], [2, 4, 0], [1, 4, 1]]",dark|light|medium
response20,20,dummy_prior,B34,62,21,B32|B33|B35,0.166666666667,0.333333333333,0.209500001802,0.0512999977218,"[[7, 0, 0], [7, 0, 0], [7, 0, 0]]",dark|light|medium
response20,20,logistic_l2,B34,62,21,B32|B33|B35,0.151515151515,0.238095238095,11.220700002,0.469299997349,"[[0, 3, 4], [0, 5, 2], [0, 7, 0]]",dark|light|medium
response20,20,lda_shrinkage,B34,62,21,B32|B33|B35,0.166666666667,0.285714285714,5.12290000188,0.386100000469,"[[0, 4, 3], [0, 6, 1], [0, 7, 0]]",dark|light|medium
response20,20,linear_svm,B34,62,21,B32|B33|B35,0.292022792023,0.333333333333,2.37940000079,0.419799998781,"[[1, 3, 3], [0, 5, 2], [1, 5, 1]]",dark|light|medium
response20,20,rbf_svm,B34,62,21,B32|B33|B35,0.166666666667,0.285714285714,2.03660000261,0.481499999296,"[[0, 4, 3], [0, 6, 1], [0, 7, 0]]",dark|light|medium
response20,20,knn5,B34,62,21,B32|B33|B35,0.179487179487,0.333333333333,1.37309999991,3.22380000216,"[[0, 5, 2], [0, 7, 0], [0, 7, 0]]",dark|light|medium
response20,20,random_forest,B34,62,21,B32|B33|B35,0.40744400527,0.47619047619,102.015799999,6.29370000024,"[[1, 4, 2], [0, 7, 0], [0, 5, 2]]",dark|light|medium
response20,20,extra_trees,B34,62,21,B32|B33|B35,0.40744400527,0.47619047619,73.1330999988,6.3072999983,"[[1, 4, 2], [0, 7, 0], [0, 5, 2]]",dark|light|medium
response20,20,dummy_prior,B35,59,24,B32|B33|B34,0.166666666667,0.333333333333,0.221500002226,0.0509999990754,"[[8, 0, 0], [8, 0, 0], [8, 0, 0]]",dark|light|medium
response20,20,logistic_l2,B35,59,24,B32|B33|B34,0.30835978836,0.375,11.3215000019,0.430300002336,"[[7, 0, 1], [3, 1, 4], [7, 0, 1]]",dark|light|medium
response20,20,lda_shrinkage,B35,59,24,B32|B33|B34,0.355978835979,0.416666666667,4.862400001,0.409199998103,"[[7, 0, 1], [4, 1, 3], [6, 0, 2]]",dark|light|medium
response20,20,linear_svm,B35,59,24,B32|B33|B34,0.274725274725,0.375,2.49520000216,0.41659999988,"[[7, 0, 1], [5, 0, 3], [6, 0, 2]]",dark|light|medium
response20,20,rbf_svm,B35,59,24,B32|B33|B34,0.246913580247,0.333333333333,2.01130000278,0.467599998956,"[[7, 0, 1], [4, 1, 3], [8, 0, 0]]",dark|light|medium
response20,20,knn5,B35,59,24,B32|B33|B34,0.31724137931,0.416666666667,1.45020000127,3.10180000088,"[[8, 0, 0], [5, 2, 1], [8, 0, 0]]",dark|light|medium
response20,20,random_forest,B35,59,24,B32|B33|B34,0.253086419753,0.375,99.8392000001,5.90030000239,"[[8, 0, 0], [5, 0, 3], [6, 1, 1]]",dark|light|medium
response20,20,extra_trees,B35,59,24,B32|B33|B34,0.263888888889,0.375,74.5532000001,6.46080000297,"[[8, 0, 0], [1, 0, 7], [7, 0, 1]]",dark|light|medium
dynamic30,30,dummy_prior,B32,64,19,B33|B34|B35,0.16,0.333333333333,0.210099999094,0.0504000017827,"[[6, 0, 0], [7, 0, 0], [6, 0, 0]]",dark|light|medium
dynamic30,30,logistic_l2,B32,64,19,B33|B34|B35,0.575037707391,0.619047619048,13.371699999,0.497899996844,"[[5, 1, 0], [0, 6, 1], [2, 3, 1]]",dark|light|medium
dynamic30,30,lda_shrinkage,B32,64,19,B33|B34|B35,0.564814814815,0.611111111111,5.34510000216,0.425599999289,"[[4, 1, 1], [0, 7, 0], [2, 3, 1]]",dark|light|medium
dynamic30,30,linear_svm,B32,64,19,B33|B34|B35,0.571428571429,0.626984126984,2.96320000052,0.473100000818,"[[6, 0, 0], [1, 5, 1], [3, 2, 1]]",dark|light|medium
dynamic30,30,rbf_svm,B32,64,19,B33|B34|B35,0.55303030303,0.563492063492,2.04139999914,0.479400001495,"[[3, 1, 2], [0, 6, 1], [2, 2, 2]]",dark|light|medium
dynamic30,30,knn5,B32,64,19,B33|B34|B35,0.322775263952,0.357142857143,1.33760000244,2.96600000001,"[[3, 1, 2], [3, 4, 0], [5, 1, 0]]",dark|light|medium
dynamic30,30,random_forest,B32,64,19,B33|B34|B35,0.529761904762,0.571428571429,100.1335,6.61770000079,"[[5, 1, 0], [1, 5, 1], [4, 1, 1]]",dark|light|medium
dynamic30,30,extra_trees,B32,64,19,B33|B34|B35,0.486772486772,0.52380952381,76.1648000007,5.95690000046,"[[5, 1, 0], [1, 4, 2], [3, 2, 1]]",dark|light|medium
dynamic30,30,dummy_prior,B33,64,19,B32|B34|B35,0.16,0.333333333333,0.220900001295,0.0513999984832,"[[0, 7, 0], [0, 6, 0], [0, 6, 0]]",dark|light|medium
dynamic30,30,logistic_l2,B33,64,19,B32|B34|B35,0.555555555556,0.587301587302,13.7304999989,0.445499998023,"[[3, 2, 2], [0, 6, 0], [0, 4, 2]]",dark|light|medium
dynamic30,30,lda_shrinkage,B33,64,19,B32|B34|B35,0.468783068783,0.484126984127,5.53690000015,0.445499998023,"[[2, 2, 3], [0, 4, 2], [0, 3, 3]]",dark|light|medium
dynamic30,30,linear_svm,B33,64,19,B32|B34|B35,0.422222222222,0.484126984127,2.53650000013,0.426700000389,"[[2, 2, 3], [0, 6, 0], [1, 4, 1]]",dark|light|medium
dynamic30,30,rbf_svm,B33,64,19,B32|B34|B35,0.638028638029,0.634920634921,2.73359999846,0.789800000348,"[[4, 1, 2], [0, 4, 2], [0, 2, 4]]",dark|light|medium
dynamic30,30,knn5,B33,64,19,B32|B34|B35,0.561904761905,0.579365079365,1.3203999988,3.15920000139,"[[4, 1, 2], [1, 5, 0], [2, 2, 2]]",dark|light|medium
dynamic30,30,random_forest,B33,64,19,B32|B34|B35,0.478521478521,0.47619047619,114.545300003,9.31039999705,"[[3, 1, 3], [2, 3, 1], [2, 1, 3]]",dark|light|medium
dynamic30,30,extra_trees,B33,64,19,B32|B34|B35,0.420512820513,0.428571428571,87.7884999973,6.51279999875,"[[2, 1, 4], [1, 3, 2], [0, 3, 3]]",dark|light|medium
dynamic30,30,dummy_prior,B34,62,21,B32|B33|B35,0.166666666667,0.333333333333,0.24570000096,0.0507999975525,"[[7, 0, 0], [7, 0, 0], [7, 0, 0]]",dark|light|medium
dynamic30,30,logistic_l2,B34,62,21,B32|B33|B35,0.288888888889,0.333333333333,13.2371999971,0.460399998701,"[[1, 3, 3], [1, 5, 1], [1, 5, 1]]",dark|light|medium
dynamic30,30,lda_shrinkage,B34,62,21,B32|B33|B35,0.344627594628,0.380952380952,5.06660000246,0.448800001323,"[[1, 4, 2], [0, 5, 2], [0, 5, 2]]",dark|light|medium
dynamic30,30,linear_svm,B34,62,21,B32|B33|B35,0.311111111111,0.333333333333,3.44020000193,0.449000002845,"[[1, 3, 3], [0, 4, 3], [1, 4, 2]]",dark|light|medium
dynamic30,30,rbf_svm,B34,62,21,B32|B33|B35,0.376373626374,0.428571428571,2.01709999965,0.50530000226,"[[1, 3, 3], [0, 6, 1], [0, 5, 2]]",dark|light|medium
dynamic30,30,knn5,B34,62,21,B32|B33|B35,0.410305958132,0.47619047619,1.34960000287,2.96679999883,"[[2, 4, 1], [0, 7, 0], [1, 5, 1]]",dark|light|medium
dynamic30,30,random_forest,B34,62,21,B32|B33|B35,0.40744400527,0.47619047619,102.0126,5.96769999902,"[[1, 4, 2], [0, 7, 0], [0, 5, 2]]",dark|light|medium
dynamic30,30,extra_trees,B34,62,21,B32|B33|B35,0.376373626374,0.428571428571,73.5888000017,6.07369999852,"[[1, 3, 3], [0, 6, 1], [0, 5, 2]]",dark|light|medium
dynamic30,30,dummy_prior,B35,59,24,B32|B33|B34,0.166666666667,0.333333333333,0.220400001126,0.0616000033915,"[[8, 0, 0], [8, 0, 0], [8, 0, 0]]",dark|light|medium
dynamic30,30,logistic_l2,B35,59,24,B32|B33|B34,0.381091617934,0.416666666667,11.2120000013,0.411700002587,"[[5, 0, 3], [3, 1, 4], [4, 0, 4]]",dark|light|medium
dynamic30,30,lda_shrinkage,B35,59,24,B32|B33|B34,0.416179337232,0.458333333333,5.05279999925,0.40269999954,"[[5, 0, 3], [3, 1, 4], [3, 0, 5]]",dark|light|medium
dynamic30,30,linear_svm,B35,59,24,B32|B33|B34,0.333333333333,0.416666666667,2.2656000001,0.448399998277,"[[5, 0, 3], [4, 0, 4], [3, 0, 5]]",dark|light|medium
dynamic30,30,rbf_svm,B35,59,24,B32|B33|B34,0.330827067669,0.416666666667,1.98739999905,0.561400000151,"[[6, 0, 2], [3, 0, 5], [4, 0, 4]]",dark|light|medium
dynamic30,30,knn5,B35,59,24,B32|B33|B34,0.25,0.333333333333,1.55910000103,2.8456,"[[6, 0, 2], [4, 0, 4], [6, 0, 2]]",dark|light|medium
dynamic30,30,random_forest,B35,59,24,B32|B33|B34,0.361111111111,0.458333333333,116.238899998,8.47659999999,"[[7, 0, 1], [5, 0, 3], [4, 0, 4]]",dark|light|medium
dynamic30,30,extra_trees,B35,59,24,B32|B33|B34,0.423931623932,0.458333333333,98.2395999999,6.33379999999,"[[7, 0, 1], [5, 2, 1], [6, 0, 2]]",dark|light|medium
dynamic32_environment,32,dummy_prior,B32,64,19,B33|B34|B35,0.16,0.333333333333,0.261000001046,0.0571999989916,"[[6, 0, 0], [7, 0, 0], [6, 0, 0]]",dark|light|medium
dynamic32_environment,32,logistic_l2,B32,64,19,B33|B34|B35,0.562971342383,0.611111111111,16.9161999984,0.53889999981,"[[4, 1, 1], [0, 7, 0], [3, 2, 1]]",dark|light|medium
dynamic32_environment,32,lda_shrinkage,B32,64,19,B33|B34|B35,0.564814814815,0.611111111111,5.98179999724,0.439499999629,"[[4, 1, 1], [0, 7, 0], [2, 3, 1]]",dark|light|medium
dynamic32_environment,32,linear_svm,B32,64,19,B33|B34|B35,0.416666666667,0.515873015873,3.46530000024,0.76270000136,"[[5, 1, 0], [2, 5, 0], [3, 3, 0]]",dark|light|medium
dynamic32_environment,32,rbf_svm,B32,64,19,B33|B34|B35,0.55303030303,0.563492063492,2.1267000011,0.485399999889,"[[3, 1, 2], [0, 6, 1], [2, 2, 2]]",dark|light|medium
dynamic32_environment,32,knn5,B32,64,19,B33|B34|B35,0.363095238095,0.404761904762,1.49860000238,3.18999999945,"[[3, 1, 2], [2, 5, 0], [5, 1, 0]]",dark|light|medium
dynamic32_environment,32,random_forest,B32,64,19,B33|B34|B35,0.560683760684,0.571428571429,103.7966,6.16059999811,"[[4, 1, 1], [1, 5, 1], [2, 2, 2]]",dark|light|medium
dynamic32_environment,32,extra_trees,B32,64,19,B33|B34|B35,0.486772486772,0.52380952381,73.3876999984,6.33690000177,"[[5, 1, 0], [1, 4, 2], [3, 2, 1]]",dark|light|medium
dynamic32_environment,32,dummy_prior,B33,64,19,B32|B34|B35,0.16,0.333333333333,0.346899996657,0.0791000020399,"[[0, 7, 0], [0, 6, 0], [0, 6, 0]]",dark|light|medium
dynamic32_environment,32,logistic_l2,B33,64,19,B32|B34|B35,0.468783068783,0.484126984127,15.7940999998,0.47380000251,"[[2, 2, 3], [0, 4, 2], [0, 3, 3]]",dark|light|medium
dynamic32_environment,32,lda_shrinkage,B33,64,19,B32|B34|B35,0.440476190476,0.492063492063,5.36930000089,0.424800000474,"[[1, 2, 4], [0, 4, 2], [0, 2, 4]]",dark|light|medium
dynamic32_environment,32,linear_svm,B33,64,19,B32|B34|B35,0.471957671958,0.484126984127,2.30620000002,0.415599999542,"[[2, 1, 4], [0, 4, 2], [0, 3, 3]]",dark|light|medium
dynamic32_environment,32,rbf_svm,B33,64,19,B32|B34|B35,0.638028638029,0.634920634921,2.0497000005,0.467099998787,"[[4, 1, 2], [0, 4, 2], [0, 2, 4]]",dark|light|medium
dynamic32_environment,32,knn5,B33,64,19,B32|B34|B35,0.611111111111,0.626984126984,1.43090000347,2.72359999872,"[[5, 2, 0], [1, 5, 0], [2, 2, 2]]",dark|light|medium
dynamic32_environment,32,random_forest,B33,64,19,B32|B34|B35,0.526262626263,0.531746031746,101.068200001,6.26449999982,"[[3, 1, 3], [1, 3, 2], [1, 1, 4]]",dark|light|medium
dynamic32_environment,32,extra_trees,B33,64,19,B32|B34|B35,0.52380952381,0.531746031746,73.2493000032,5.76329999967,"[[3, 1, 3], [2, 4, 0], [0, 3, 3]]",dark|light|medium
dynamic32_environment,32,dummy_prior,B34,62,21,B32|B33|B35,0.166666666667,0.333333333333,0.238999997237,0.0546000010218,"[[7, 0, 0], [7, 0, 0], [7, 0, 0]]",dark|light|medium
dynamic32_environment,32,logistic_l2,B34,62,21,B32|B33|B35,0.316498316498,0.380952380952,11.7279000006,0.428600000305,"[[1, 4, 2], [0, 6, 1], [1, 5, 1]]",dark|light|medium
dynamic32_environment,32,lda_shrinkage,B34,62,21,B32|B33|B35,0.227272727273,0.333333333333,5.21149999986,0.428600000305,"[[0, 5, 2], [0, 6, 1], [0, 6, 1]]",dark|light|medium
dynamic32_environment,32,linear_svm,B34,62,21,B32|B33|B35,0.200956937799,0.238095238095,2.75709999914,0.399600001401,"[[1, 4, 2], [0, 4, 3], [3, 4, 0]]",dark|light|medium
dynamic32_environment,32,rbf_svm,B34,62,21,B32|B33|B35,0.376373626374,0.428571428571,2.28000000061,0.496299999213,"[[1, 3, 3], [0, 6, 1], [0, 5, 2]]",dark|light|medium
dynamic32_environment,32,knn5,B34,62,21,B32|B33|B35,0.344444444444,0.428571428571,1.43380000009,3.22529999903,"[[1, 4, 2], [0, 7, 0], [0, 6, 1]]",dark|light|medium
dynamic32_environment,32,random_forest,B34,62,21,B32|B33|B35,0.346801346801,0.428571428571,99.7200999991,6.21300000057,"[[1, 3, 3], [0, 7, 0], [1, 5, 1]]",dark|light|medium
dynamic32_environment,32,extra_trees,B34,62,21,B32|B33|B35,0.411111111111,0.47619047619,74.8792000013,6.07170000148,"[[1, 5, 1], [0, 7, 0], [0, 5, 2]]",dark|light|medium
dynamic32_environment,32,dummy_prior,B35,59,24,B32|B33|B34,0.166666666667,0.333333333333,0.222000002395,0.0537000014447,"[[8, 0, 0], [8, 0, 0], [8, 0, 0]]",dark|light|medium
dynamic32_environment,32,logistic_l2,B35,59,24,B32|B33|B34,0.380952380952,0.416666666667,13.1134000003,0.442999997176,"[[5, 0, 3], [4, 1, 3], [4, 0, 4]]",dark|light|medium
dynamic32_environment,32,lda_shrinkage,B35,59,24,B32|B33|B34,0.330827067669,0.416666666667,5.32069999826,0.405399998272,"[[6, 0, 2], [3, 0, 5], [4, 0, 4]]",dark|light|medium
dynamic32_environment,32,linear_svm,B35,59,24,B32|B33|B34,0.333333333333,0.416666666667,2.62119999752,0.450600000477,"[[5, 0, 3], [4, 0, 4], [3, 0, 5]]",dark|light|medium
dynamic32_environment,32,rbf_svm,B35,59,24,B32|B33|B34,0.292929292929,0.375,1.97209999897,0.490599999466,"[[6, 0, 2], [3, 0, 5], [5, 0, 3]]",dark|light|medium
dynamic32_environment,32,knn5,B35,59,24,B32|B33|B34,0.281693121693,0.333333333333,1.40959999771,3.03379999968,"[[6, 0, 2], [4, 1, 3], [7, 0, 1]]",dark|light|medium
dynamic32_environment,32,random_forest,B35,59,24,B32|B33|B34,0.390572390572,0.5,99.9463000007,6.02070000241,"[[8, 0, 0], [2, 0, 6], [4, 0, 4]]",dark|light|medium
dynamic32_environment,32,extra_trees,B35,59,24,B32|B33|B34,0.323232323232,0.416666666667,75.2425000028,6.29040000058,"[[7, 0, 1], [2, 0, 6], [5, 0, 3]]",dark|light|medium
raw_collect10,10,dummy_prior,B32,64,19,B33|B34|B35,0.16,0.333333333333,0.212799997826,0.0478000001749,"[[6, 0, 0], [7, 0, 0], [6, 0, 0]]",dark|light|medium
raw_collect10,10,logistic_l2,B32,64,19,B33|B34|B35,0.16,0.333333333333,10.6927000015,0.405099999625,"[[6, 0, 0], [7, 0, 0], [6, 0, 0]]",dark|light|medium
raw_collect10,10,lda_shrinkage,B32,64,19,B33|B34|B35,0.25,0.380952380952,4.89190000008,0.403400001233,"[[6, 0, 0], [6, 1, 0], [6, 0, 0]]",dark|light|medium
raw_collect10,10,linear_svm,B32,64,19,B33|B34|B35,0.16,0.333333333333,2.27689999883,0.437000002421,"[[6, 0, 0], [7, 0, 0], [6, 0, 0]]",dark|light|medium
raw_collect10,10,rbf_svm,B32,64,19,B33|B34|B35,0.25,0.380952380952,1.98789999922,0.484600001073,"[[6, 0, 0], [6, 1, 0], [6, 0, 0]]",dark|light|medium
raw_collect10,10,knn5,B32,64,19,B33|B34|B35,0.25,0.380952380952,1.45129999873,1.4857999995,"[[6, 0, 0], [6, 1, 0], [6, 0, 0]]",dark|light|medium
raw_collect10,10,random_forest,B32,64,19,B33|B34|B35,0.322061191626,0.428571428571,98.2760000006,7.04089999999,"[[6, 0, 0], [5, 2, 0], [6, 0, 0]]",dark|light|medium
raw_collect10,10,extra_trees,B32,64,19,B33|B34|B35,0.25,0.380952380952,72.3949999992,6.59670000096,"[[6, 0, 0], [6, 1, 0], [6, 0, 0]]",dark|light|medium
raw_collect10,10,dummy_prior,B33,64,19,B32|B34|B35,0.16,0.333333333333,0.20399999994,0.0473000000056,"[[0, 7, 0], [0, 6, 0], [0, 6, 0]]",dark|light|medium
raw_collect10,10,logistic_l2,B33,64,19,B32|B34|B35,0.257246376812,0.380952380952,10.1209000022,0.521099998878,"[[1, 5, 1], [0, 6, 0], [0, 6, 0]]",dark|light|medium
raw_collect10,10,lda_shrinkage,B33,64,19,B32|B34|B35,0.25,0.380952380952,4.84010000218,0.395499999286,"[[1, 6, 0], [0, 6, 0], [0, 6, 0]]",dark|light|medium
raw_collect10,10,linear_svm,B33,64,19,B32|B34|B35,0.166666666667,0.333333333333,2.01920000109,0.397599997086,"[[0, 6, 1], [0, 6, 0], [0, 6, 0]]",dark|light|medium
raw_collect10,10,rbf_svm,B33,64,19,B32|B34|B35,0.25,0.380952380952,2.02780000109,0.456800000393,"[[1, 6, 0], [0, 6, 0], [0, 6, 0]]",dark|light|medium
raw_collect10,10,knn5,B33,64,19,B32|B34|B35,0.166666666667,0.333333333333,1.48550000085,1.4130999989,"[[0, 6, 1], [0, 6, 0], [0, 6, 0]]",dark|light|medium
raw_collect10,10,random_forest,B33,64,19,B32|B34|B35,0.322061191626,0.428571428571,98.7058999999,6.02550000258,"[[2, 5, 0], [0, 6, 0], [0, 6, 0]]",dark|light|medium
raw_collect10,10,extra_trees,B33,64,19,B32|B34|B35,0.25,0.380952380952,73.7699000019,6.98270000066,"[[1, 6, 0], [0, 6, 0], [0, 6, 0]]",dark|light|medium
raw_collect10,10,dummy_prior,B34,62,21,B32|B33|B35,0.166666666667,0.333333333333,0.212700000702,0.0488000005134,"[[7, 0, 0], [7, 0, 0], [7, 0, 0]]",dark|light|medium
raw_collect10,10,logistic_l2,B34,62,21,B32|B33|B35,0.548987854251,0.571428571429,10.1849999992,0.415099999373,"[[6, 1, 0], [2, 4, 1], [4, 1, 2]]",dark|light|medium
raw_collect10,10,lda_shrinkage,B34,62,21,B32|B33|B35,0.462962962963,0.47619047619,5.01530000111,0.452600001154,"[[5, 1, 1], [2, 3, 2], [4, 1, 2]]",dark|light|medium
raw_collect10,10,linear_svm,B34,62,21,B32|B33|B35,0.451178451178,0.47619047619,2.28029999926,0.408500000049,"[[6, 0, 1], [4, 2, 1], [5, 0, 2]]",dark|light|medium
raw_collect10,10,rbf_svm,B34,62,21,B32|B33|B35,0.394586894587,0.428571428571,2.3328999996,0.529200002347,"[[5, 1, 1], [4, 1, 2], [4, 0, 3]]",dark|light|medium
raw_collect10,10,knn5,B34,62,21,B32|B33|B35,0.286002886003,0.333333333333,1.48999999874,1.42319999941,"[[5, 2, 0], [4, 1, 2], [5, 1, 1]]",dark|light|medium
raw_collect10,10,random_forest,B34,62,21,B32|B33|B35,0.398148148148,0.428571428571,133.5392,5.99319999674,"[[4, 0, 3], [4, 1, 2], [3, 0, 4]]",dark|light|medium
raw_collect10,10,extra_trees,B34,62,21,B32|B33|B35,0.501531606795,0.52380952381,71.1871999993,5.9997999997,"[[6, 0, 1], [2, 2, 3], [4, 0, 3]]",dark|light|medium
raw_collect10,10,dummy_prior,B35,59,24,B32|B33|B34,0.166666666667,0.333333333333,0.202100000024,0.0474000007671,"[[8, 0, 0], [8, 0, 0], [8, 0, 0]]",dark|light|medium
raw_collect10,10,logistic_l2,B35,59,24,B32|B33|B34,0.474545454545,0.5,10.1682999993,0.455599998531,"[[3, 1, 4], [0, 2, 6], [1, 0, 7]]",dark|light|medium
raw_collect10,10,lda_shrinkage,B35,59,24,B32|B33|B34,0.505128205128,0.541666666667,4.83580000218,0.401100001909,"[[2, 1, 5], [0, 3, 5], [0, 0, 8]]",dark|light|medium
raw_collect10,10,linear_svm,B35,59,24,B32|B33|B34,0.508158508159,0.541666666667,2.10210000296,0.404400001571,"[[3, 1, 4], [0, 2, 6], [0, 0, 8]]",dark|light|medium
raw_collect10,10,rbf_svm,B35,59,24,B32|B33|B34,0.195286195286,0.25,1.77470000199,0.487799999974,"[[0, 4, 4], [0, 2, 6], [0, 4, 4]]",dark|light|medium
raw_collect10,10,knn5,B35,59,24,B32|B33|B34,0.456582633053,0.458333333333,1.55689999883,1.42989999949,"[[5, 0, 3], [2, 3, 3], [2, 3, 3]]",dark|light|medium
raw_collect10,10,random_forest,B35,59,24,B32|B33|B34,0.496405228758,0.5,114.948400002,6.05869999708,"[[4, 0, 4], [0, 6, 2], [3, 3, 2]]",dark|light|medium
raw_collect10,10,extra_trees,B35,59,24,B32|B33|B34,0.377376246941,0.416666666667,81.6212999998,6.05550000182,"[[3, 1, 4], [2, 1, 5], [1, 1, 6]]",dark|light|medium
legacy62,62,dummy_prior,B32,64,19,B33|B34|B35,0.16,0.333333333333,0.227999997151,0.0543999994989,"[[6, 0, 0], [7, 0, 0], [6, 0, 0]]",dark|light|medium
legacy62,62,logistic_l2,B32,64,19,B33|B34|B35,0.280341880342,0.31746031746,14.6123999984,0.41549999878,"[[4, 1, 1], [2, 2, 3], [3, 3, 0]]",dark|light|medium
legacy62,62,lda_shrinkage,B32,64,19,B33|B34|B35,0.450757575758,0.460317460317,6.9287999977,0.530599998456,"[[3, 1, 2], [0, 5, 2], [2, 3, 1]]",dark|light|medium
legacy62,62,linear_svm,B32,64,19,B33|B34|B35,0.3,0.373015873016,2.7427999994,0.444199999038,"[[5, 0, 1], [4, 2, 1], [5, 1, 0]]",dark|light|medium
legacy62,62,rbf_svm,B32,64,19,B33|B34|B35,0.47792022792,0.507936507937,2.08999999813,0.533099999302,"[[3, 1, 2], [1, 6, 0], [3, 2, 1]]",dark|light|medium
legacy62,62,knn5,B32,64,19,B33|B34|B35,0.301994301994,0.365079365079,1.40839999949,3.15369999953,"[[4, 2, 0], [3, 3, 1], [5, 1, 0]]",dark|light|medium
legacy62,62,random_forest,B32,64,19,B33|B34|B35,0.568098568099,0.579365079365,103.313300002,6.04239999666,"[[5, 1, 0], [0, 4, 3], [2, 2, 2]]",dark|light|medium
legacy62,62,extra_trees,B32,64,19,B33|B34|B35,0.500854700855,0.52380952381,75.8216000031,6.17480000074,"[[5, 1, 0], [0, 4, 3], [2, 3, 1]]",dark|light|medium
legacy62,62,dummy_prior,B33,64,19,B32|B34|B35,0.16,0.333333333333,0.220400001126,0.050899998314,"[[0, 7, 0], [0, 6, 0], [0, 6, 0]]",dark|light|medium
legacy62,62,logistic_l2,B33,64,19,B32|B34|B35,0.418803418803,0.428571428571,14.8886999996,0.458400001662,"[[2, 2, 3], [2, 3, 1], [1, 2, 3]]",dark|light|medium
legacy62,62,lda_shrinkage,B33,64,19,B32|B34|B35,0.4,0.436507936508,7.05600000219,0.449099999969,"[[1, 2, 4], [1, 4, 1], [1, 2, 3]]",dark|light|medium
legacy62,62,linear_svm,B33,64,19,B32|B34|B35,0.305050505051,0.31746031746,2.8026,0.453900000139,"[[2, 2, 3], [2, 3, 1], [1, 4, 1]]",dark|light|medium
legacy62,62,rbf_svm,B33,64,19,B32|B34|B35,0.494017094017,0.52380952381,2.05980000101,0.939599998674,"[[4, 1, 2], [0, 5, 1], [2, 3, 1]]",dark|light|medium
legacy62,62,knn5,B33,64,19,B32|B34|B35,0.361990950226,0.412698412698,1.38209999932,3.12979999944,"[[4, 1, 2], [2, 4, 0], [4, 2, 0]]",dark|light|medium
legacy62,62,random_forest,B33,64,19,B32|B34|B35,0.52380952381,0.52380952381,102.921599999,6.30009999804,"[[4, 1, 2], [0, 4, 2], [1, 3, 2]]",dark|light|medium
legacy62,62,extra_trees,B33,64,19,B32|B34|B35,0.478521478521,0.47619047619,75.313399997,5.91060000079,"[[3, 1, 3], [1, 3, 2], [0, 3, 3]]",dark|light|medium
legacy62,62,dummy_prior,B34,62,21,B32|B33|B35,0.166666666667,0.333333333333,0.165800000104,0.0385999992432,"[[7, 0, 0], [7, 0, 0], [7, 0, 0]]",dark|light|medium
legacy62,62,logistic_l2,B34,62,21,B32|B33|B35,0.292929292929,0.380952380952,14.9308999971,0.438200000644,"[[2, 4, 1], [1, 6, 0], [2, 5, 0]]",dark|light|medium
legacy62,62,lda_shrinkage,B34,62,21,B32|B33|B35,0.202898550725,0.333333333333,5.58369999999,0.450100000307,"[[0, 3, 4], [0, 7, 0], [1, 6, 0]]",dark|light|medium
legacy62,62,linear_svm,B34,62,21,B32|B33|B35,0.254079254079,0.333333333333,2.77269999788,0.461300001916,"[[2, 5, 0], [2, 5, 0], [2, 5, 0]]",dark|light|medium
legacy62,62,rbf_svm,B34,62,21,B32|B33|B35,0.344444444444,0.428571428571,2.02160000117,0.489699999889,"[[1, 4, 2], [0, 7, 0], [0, 6, 1]]",dark|light|medium
legacy62,62,knn5,B34,62,21,B32|B33|B35,0.179487179487,0.333333333333,1.31239999973,3.43620000058,"[[0, 6, 1], [0, 7, 0], [1, 6, 0]]",dark|light|medium
legacy62,62,random_forest,B34,62,21,B32|B33|B35,0.344074074074,0.428571428571,102.745799999,5.90689999808,"[[1, 5, 1], [0, 7, 0], [0, 6, 1]]",dark|light|medium
legacy62,62,extra_trees,B34,62,21,B32|B33|B35,0.40744400527,0.47619047619,74.9863000019,6.03510000292,"[[1, 4, 2], [0, 7, 0], [0, 5, 2]]",dark|light|medium
legacy62,62,dummy_prior,B35,59,24,B32|B33|B34,0.166666666667,0.333333333333,0.215100000787,0.0514000021212,"[[8, 0, 0], [8, 0, 0], [8, 0, 0]]",dark|light|medium
legacy62,62,logistic_l2,B35,59,24,B32|B33|B34,0.395238095238,0.416666666667,12.6290999979,0.425599999289,"[[6, 0, 2], [4, 2, 2], [6, 0, 2]]",dark|light|medium
legacy62,62,lda_shrinkage,B35,59,24,B32|B33|B34,0.25,0.333333333333,5.58900000033,0.408700001572,"[[6, 0, 2], [4, 0, 4], [6, 0, 2]]",dark|light|medium
legacy62,62,linear_svm,B35,59,24,B32|B33|B34,0.411111111111,0.416666666667,3.20169999759,0.444700002845,"[[5, 0, 3], [2, 2, 4], [5, 0, 3]]",dark|light|medium
legacy62,62,rbf_svm,B35,59,24,B32|B33|B34,0.240740740741,0.333333333333,2.08629999906,0.501300000906,"[[7, 0, 1], [5, 1, 2], [8, 0, 0]]",dark|light|medium
legacy62,62,knn5,B35,59,24,B32|B33|B34,0.391315453384,0.458333333333,1.44509999882,3.02089999968,"[[8, 0, 0], [6, 2, 0], [7, 0, 1]]",dark|light|medium
legacy62,62,random_forest,B35,59,24,B32|B33|B34,0.346666666667,0.458333333333,104.608600002,5.96180000139,"[[8, 0, 0], [4, 0, 4], [5, 0, 3]]",dark|light|medium
legacy62,62,extra_trees,B35,59,24,B32|B33|B34,0.246031746032,0.375,76.6150000018,7.1205000022,"[[8, 0, 0], [5, 0, 3], [7, 0, 1]]",dark|light|medium
expanded82,82,dummy_prior,B32,64,19,B33|B34|B35,0.16,0.333333333333,0.266700000793,0.0566999988223,"[[6, 0, 0], [7, 0, 0], [6, 0, 0]]",dark|light|medium
expanded82,82,logistic_l2,B32,64,19,B33|B34|B35,0.375957375957,0.365079365079,15.8335999986,0.493200001074,"[[3, 0, 3], [1, 3, 3], [4, 1, 1]]",dark|light|medium
expanded82,82,lda_shrinkage,B32,64,19,B33|B34|B35,0.527233115468,0.52380952381,6.60069999867,0.525199997355,"[[2, 0, 4], [0, 4, 3], [1, 1, 4]]",dark|light|medium
expanded82,82,linear_svm,B32,64,19,B33|B34|B35,0.4,0.420634920635,2.64389999938,0.424199999543,"[[4, 0, 2], [3, 3, 1], [3, 2, 1]]",dark|light|medium
expanded82,82,rbf_svm,B32,64,19,B33|B34|B35,0.56746031746,0.619047619048,2.0059999988,0.653399998555,"[[5, 1, 0], [1, 6, 0], [3, 2, 1]]",dark|light|medium
expanded82,82,knn5,B32,64,19,B33|B34|B35,0.387301587302,0.428571428571,1.7270999997,2.94059999942,"[[5, 1, 0], [5, 2, 0], [5, 0, 1]]",dark|light|medium
expanded82,82,random_forest,B32,64,19,B33|B34|B35,0.654761904762,0.674603174603,104.103199999,6.0435000014,"[[5, 1, 0], [1, 6, 0], [2, 2, 2]]",dark|light|medium
expanded82,82,extra_trees,B32,64,19,B33|B34|B35,0.430555555556,0.515873015873,76.9319000028,6.26120000015,"[[5, 1, 0], [1, 5, 1], [3, 3, 0]]",dark|light|medium
expanded82,82,dummy_prior,B33,64,19,B32|B34|B35,0.16,0.333333333333,0.23389999842,0.0546000010218,"[[0, 7, 0], [0, 6, 0], [0, 6, 0]]",dark|light|medium
expanded82,82,logistic_l2,B33,64,19,B32|B34|B35,0.381818181818,0.47619047619,17.6647000008,0.485699998535,"[[3, 3, 1], [0, 6, 0], [1, 5, 0]]",dark|light|medium
expanded82,82,lda_shrinkage,B33,64,19,B32|B34|B35,0.390476190476,0.47619047619,6.6939999997,0.442500000645,"[[3, 3, 1], [0, 6, 0], [0, 6, 0]]",dark|light|medium
expanded82,82,linear_svm,B33,64,19,B32|B34|B35,0.529761904762,0.571428571429,2.96370000069,0.519299999723,"[[5, 1, 1], [1, 5, 0], [1, 4, 1]]",dark|light|medium
expanded82,82,rbf_svm,B33,64,19,B32|B34|B35,0.529202279202,0.579365079365,2.13889999941,0.544300000911,"[[4, 1, 2], [0, 6, 0], [2, 3, 1]]",dark|light|medium
expanded82,82,knn5,B33,64,19,B32|B34|B35,0.430555555556,0.515873015873,1.41779999831,3.24680000267,"[[5, 1, 1], [1, 5, 0], [3, 3, 0]]",dark|light|medium
expanded82,82,random_forest,B33,64,19,B32|B34|B35,0.577380952381,0.619047619048,104.045299999,6.40060000296,"[[6, 1, 0], [0, 5, 1], [1, 4, 1]]",dark|light|medium
expanded82,82,extra_trees,B33,64,19,B32|B34|B35,0.605555555556,0.634920634921,77.1271000012,6.09769999937,"[[4, 1, 2], [0, 6, 0], [1, 3, 2]]",dark|light|medium
expanded82,82,dummy_prior,B34,62,21,B32|B33|B35,0.166666666667,0.333333333333,0.230800000281,0.0546000010218,"[[7, 0, 0], [7, 0, 0], [7, 0, 0]]",dark|light|medium
expanded82,82,logistic_l2,B34,62,21,B32|B33|B35,0.333333333333,0.428571428571,14.0792999991,0.429799998528,"[[2, 3, 2], [0, 7, 0], [2, 5, 0]]",dark|light|medium
expanded82,82,lda_shrinkage,B34,62,21,B32|B33|B35,0.202898550725,0.333333333333,6.35270000203,0.466100002086,"[[0, 3, 4], [0, 7, 0], [1, 6, 0]]",dark|light|medium
expanded82,82,linear_svm,B34,62,21,B32|B33|B35,0.333333333333,0.428571428571,2.22330000179,0.431599997682,"[[2, 3, 2], [0, 7, 0], [2, 5, 0]]",dark|light|medium
expanded82,82,rbf_svm,B34,62,21,B32|B33|B35,0.344444444444,0.428571428571,2.07909999881,0.526899999386,"[[1, 4, 2], [0, 7, 0], [0, 6, 1]]",dark|light|medium
expanded82,82,knn5,B34,62,21,B32|B33|B35,0.344444444444,0.428571428571,1.33780000033,3.01769999714,"[[1, 4, 2], [0, 7, 0], [0, 6, 1]]",dark|light|medium
expanded82,82,random_forest,B34,62,21,B32|B33|B35,0.344444444444,0.428571428571,122.100299999,6.07780000064,"[[1, 4, 2], [0, 7, 0], [0, 6, 1]]",dark|light|medium
expanded82,82,extra_trees,B34,62,21,B32|B33|B35,0.40744400527,0.47619047619,76.7224999981,5.9282000002,"[[1, 4, 2], [0, 7, 0], [0, 5, 2]]",dark|light|medium
expanded82,82,dummy_prior,B35,59,24,B32|B33|B34,0.166666666667,0.333333333333,0.29590000122,0.0649000030535,"[[8, 0, 0], [8, 0, 0], [8, 0, 0]]",dark|light|medium
expanded82,82,logistic_l2,B35,59,24,B32|B33|B34,0.402240896359,0.416666666667,15.067100001,0.481199997012,"[[6, 0, 2], [1, 2, 5], [6, 0, 2]]",dark|light|medium
expanded82,82,lda_shrinkage,B35,59,24,B32|B33|B34,0.344615384615,0.375,6.37789999746,0.477300000057,"[[6, 0, 2], [4, 2, 2], [7, 0, 1]]",dark|light|medium
expanded82,82,linear_svm,B35,59,24,B32|B33|B34,0.378947368421,0.375,2.45340000038,0.433399996837,"[[5, 0, 3], [0, 2, 6], [6, 0, 2]]",dark|light|medium
expanded82,82,rbf_svm,B35,59,24,B32|B33|B34,0.253561253561,0.333333333333,2.06609999805,0.522399997863,"[[7, 0, 1], [3, 1, 4], [8, 0, 0]]",dark|light|medium
expanded82,82,knn5,B35,59,24,B32|B33|B34,0.166666666667,0.333333333333,1.34520000211,2.97180000052,"[[8, 0, 0], [8, 0, 0], [8, 0, 0]]",dark|light|medium
expanded82,82,random_forest,B35,59,24,B32|B33|B34,0.382716049383,0.458333333333,103.920000001,6.74050000089,"[[8, 0, 0], [5, 1, 2], [6, 0, 2]]",dark|light|medium
expanded82,82,extra_trees,B35,59,24,B32|B33|B34,0.330484330484,0.416666666667,90.4270999999,6.20450000133,"[[8, 0, 0], [3, 1, 4], [7, 0, 1]]",dark|light|medium
