group,model,feature_count,macro_f1_mean,macro_f1_std_folds,balanced_accuracy_mean,balanced_accuracy_std_folds,median_fit_ms,median_predict_ms,folds
expanded82,random_forest,82,0.489825837743,0.149975620889,0.545138888889,0.12020354813,104.074249999,6.2392000018,4
response10,lda_shrinkage,10,0.482136309982,0.0490268044292,0.544146825397,0.0198660559469,3.91869999839,0.326999999743,4
dynamic30,rbf_svm,30,0.474564908775,0.145119839882,0.510912698413,0.10615233891,2.0292499994,0.533350001206,4
dynamic32_environment,rbf_svm,32,0.46509046509,0.158273153575,0.500496031746,0.119667423136,2.0882000008,0.487999999677,4
dynamic32_environment,random_forest,32,0.45608003108,0.103441801216,0.507936507937,0.0604426436973,100.507250001,6.18679999934,4
dynamic30,logistic_l2,30,0.450143442442,0.1384214296,0.489087301587,0.136674524598,13.304449998,0.452949998362,4
dynamic30,lda_shrinkage,30,0.448601203864,0.0926905243186,0.483630952381,0.0956282654823,5.20585000231,0.435549998656,4
legacy62,random_forest,62,0.445662208162,0.117214804811,0.49751984127,0.0675259368065,103.11745,6.00209999902,4
dynamic30,random_forest,30,0.444209624916,0.0747296676232,0.495535714286,0.0512907379155,108.278950001,7.54715000039,4
expanded82,extra_trees,82,0.443509861716,0.116192566675,0.510912698413,0.0921783059839,77.029500002,6.15110000035,4
response10,rbf_svm,10,0.442092490842,0.116132133733,0.485119047619,0.0734841636994,1.55674999951,0.375150000764,4
dynamic32_environment,extra_trees,32,0.436231361231,0.0887395993649,0.487103174603,0.0529802774715,74.1334499999,6.18105000103,4
dynamic32_environment,logistic_l2,32,0.432301277154,0.107164393815,0.473214285714,0.1013977543,14.45375,0.458399999843,4
response10,logistic_l2,10,0.431617738139,0.0830171047546,0.506448412698,0.0612915420283,7.35924999935,0.347850000253,4
dynamic30,extra_trees,30,0.426897639398,0.0454137879215,0.459821428571,0.0449066281657,81.976649999,6.20374999926,4
response10,random_forest,10,0.425868344618,0.156191511714,0.487599206349,0.117788480079,75.8205500006,4.81179999952,4
expanded82,rbf_svm,82,0.423667073667,0.149472842107,0.490079365079,0.132862452721,2.07259999843,0.535600000148,4
response10,knn5,10,0.423114828006,0.0688178868277,0.457837301587,0.0527786480017,1.29234999986,1.40600000123,4
response20,random_forest,20,0.41463321458,0.116453216449,0.474702380952,0.0704551357736,101.76645,6.03839999894,4
response10,linear_svm,10,0.411075589656,0.0794920275889,0.496031746032,0.0566780034011,1.83879999713,0.325700000758,4
expanded82,linear_svm,82,0.410510651629,0.084229675051,0.448908730159,0.0850227930995,2.54864999988,0.43249999726,4
dynamic30,linear_svm,30,0.409523809524,0.118130506198,0.465277777778,0.124199587354,2.74985000033,0.448700000561,4
legacy62,extra_trees,62,0.40821298267,0.115223142034,0.462797619048,0.0626886796745,75.5675,6.10495000183,4
response10,extra_trees,10,0.405795832826,0.0895179727685,0.47123015873,0.0721142136722,57.2350999992,4.66065000001,4
dynamic32_environment,knn5,32,0.400085978836,0.144928453986,0.448412698413,0.125737932681,1.43235000178,3.11189999957,4
dynamic32_environment,lda_shrinkage,32,0.390847700058,0.145013553518,0.463293650794,0.117956863732,5.34499999958,0.426700000389,4
legacy62,rbf_svm,62,0.389280626781,0.119584123041,0.448412698413,0.0873015873016,2.07305000004,0.517200000104,4
response20,rbf_svm,20,0.387621252205,0.211427777028,0.444444444444,0.157134840264,2.02395000269,0.474549999126,4
dynamic30,knn5,30,0.386246495997,0.13419685673,0.436507936508,0.11391031821,1.34360000266,2.96639999942,4
raw_collect10,random_forest,10,0.38466894004,0.0826763722607,0.446428571429,0.0357142857143,106.827150001,6.04209999983,4
expanded82,logistic_l2,82,0.373337446867,0.0289512543532,0.421626984127,0.0456349206349,15.4503499998,0.483449997773,4
response20,extra_trees,20,0.367304123011,0.0776155871443,0.433035714286,0.0479041016203,73.8431499994,6.30684999851,4
raw_collect10,lda_shrinkage,10,0.367022792023,0.136218316481,0.44494047619,0.0785736832288,4.86600000113,0.402250001571,4
expanded82,lda_shrinkage,82,0.366305810321,0.133733830019,0.427083333333,0.0880704330157,6.48929999807,0.471700001071,4
raw_collect10,logistic_l2,10,0.360194921402,0.182021267358,0.446428571429,0.108892243921,10.1766499993,0.435349998952,4
response20,lda_shrinkage,20,0.35835035335,0.13611068665,0.41369047619,0.090046727416,4.98875000085,0.396200000978,4
dynamic32_environment,linear_svm,32,0.355728652439,0.117867808055,0.41369047619,0.124157317435,2.68914999833,0.433100000009,4
legacy62,logistic_l2,62,0.346828171828,0.070354987892,0.385912698413,0.0499196254977,14.750549999,0.431899999967,4
raw_collect10,extra_trees,10,0.344726963434,0.120554368227,0.425595238095,0.0676060517357,73.0824500006,6.32610000139,4
response20,linear_svm,20,0.338993413993,0.0684305610092,0.403273809524,0.0646264201318,2.30315000044,0.390300001527,4
expanded82,knn5,82,0.332242063492,0.115846455878,0.426587301587,0.0745567231272,1.38150000021,2.99474999883,4
response20,knn5,20,0.326862135143,0.13229375209,0.409722222222,0.0834513525588,1.37494999944,3.16280000152,4
legacy62,lda_shrinkage,62,0.325914031621,0.11827987989,0.390873015873,0.0671483605635,6.25889999901,0.449600000138,4
raw_collect10,linear_svm,10,0.321500906501,0.184131755794,0.421130952381,0.104844731868,2.1895000009,0.40645000081,4
legacy62,linear_svm,62,0.31756021756,0.0664491197747,0.360119047619,0.04435163685,2.78764999894,0.449300001492,4
legacy62,knn5,62,0.308696971273,0.0938192550384,0.392361111111,0.0547555542288,1.3952499994,3.14174999949,4
response20,logistic_l2,20,0.296413787737,0.10070900971,0.36755952381,0.0901614169573,11.1379000009,0.429150000855,4
raw_collect10,knn5,10,0.289813046431,0.12189711763,0.376488095238,0.0590006773857,1.4877499998,1.42654999945,4
raw_collect10,rbf_svm,10,0.272468272468,0.0854003853264,0.360119047619,0.0767680242943,2.00785000015,0.486200000523,4
dynamic30,dummy_prior,30,0.163333333333,0.0038490017946,0.333333333333,0,0.220650001211,0.0510999980179,4
dynamic32_environment,dummy_prior,32,0.163333333333,0.0038490017946,0.333333333333,0,0.249999999141,0.0559000000067,4
expanded82,dummy_prior,82,0.163333333333,0.0038490017946,0.333333333333,0,0.250299999607,0.055649999922,4
legacy62,dummy_prior,62,0.163333333333,0.0038490017946,0.333333333333,0,0.217750000957,0.0511500002176,4
raw_collect10,dummy_prior,10,0.163333333333,0.0038490017946,0.333333333333,0,0.208350000321,0.047600000471,4
response10,dummy_prior,10,0.163333333333,0.0038490017946,0.333333333333,0,0.209100002394,0.0461999989056,4
response20,dummy_prior,20,0.163333333333,0.0038490017946,0.333333333333,0,0.206849999813,0.0511499983986,4
