source_file,source_sha256,batch,sample_id,roast_level,origin,label_source,physical_specimen_id,collection_date_utc,operator_session_id,firmware_hash,raw_bytes,raw_rows,sensor_rows,metadata_rows,partial_rows,unique_cycles,adc_missing_cells,adc_zero_cells,adc_saturation_cells,temperature_missing,humidity_missing,timestamp_step_min_ms,timestamp_step_max_ms,temperature_mean_c,humidity_mean_pct,schema,validator_pass,validator_error_count,validator_errors,training_status
D-CAT_B32.csv,fbab0d0a01652f9bf75a86ec5172d034d48fae9fa29d99ffb3aeaacfabfc00ad,B32,D-CAT,dark,Arabika Catuji Mekarwangi,recorded_csv_metadata_not_specimen_verified,,,,,19666,152,152,0,0,5,0,0,0,0,0,996,1004,29.917895,60.535395,MQ3_10ADC_5cycles,True,0,,candidate_labels_unverified
D-CAT_B33.csv,39c3c5d4061a1838ba7160e1aa0122aa167d9ae732b24365e1fbd303d7292e14,B33,D-CAT,dark,Arabika Catuji Mekarwangi,recorded_csv_metadata_not_specimen_verified,,,,,20286,161,152,9,0,5,0,0,0,0,0,996,1004,29.702237,59.168224,MQ3_10ADC_5cycles,True,0,,candidate_labels_unverified
D-CAT_B34.csv,10105147b749c5e2fa58547a5f2aff046c39c0c1d66ac18f917bb7d43abd7383,B34,D-CAT,dark,Arabika Catuji Mekarwangi,recorded_csv_metadata_not_specimen_verified,,,,,20135,159,150,9,0,5,0,0,0,0,0,996,1004,27.9454,56.484,MQ3_10ADC_5cycles,True,0,,candidate_labels_unverified
D-CAT_B35.csv,51dc2e8f56a791fed8b602c87562213a40dcba6c0b4b6c34f80e072ecf5e8076,B35,D-CAT,dark,Arabika Catuji Mekarwangi,recorded_csv_metadata_not_specimen_verified,,,,,20155,159,150,9,0,5,0,0,0,0,0,979,1004,28.463267,55.974,MQ3_10ADC_5cycles,True,0,,candidate_labels_unverified
D-CAT_B35_20261007_183310.csv,91d5f1d44655df8209347769b6e535d5bb59216d7ce88aa5c0ea1ad3c16cbd20,B35,D-CAT,dark,Arabika Catuji Mekarwangi,recorded_csv_metadata_not_specimen_verified,,,,,20408,161,152,9,0,5,0,0,0,0,0,979,1004,28.288026,55.92375,MQ3_10ADC_5cycles,True,0,,candidate_labels_unverified
D-GAW_B32.csv,c64b968ec1204e8aa5a0cba3f7bae4b7ad9c50f09bc42d442048e8fdb5f371f7,B32,D-GAW,dark,Arabika Gayo Wine,recorded_csv_metadata_not_specimen_verified,,,,,18401,152,152,0,0,5,0,0,0,0,0,996,1004,30.127039,58.562961,MQ3_10ADC_5cycles,True,0,,candidate_labels_unverified
D-GAW_B33.csv,d5e690f538a3967e2d07ded64903d284a348c1988bcc331a380dd50b0a8be819,B33,D-GAW,dark,Arabika Gayo Wine,recorded_csv_metadata_not_specimen_verified,,,,,19034,160,151,9,0,5,0,0,0,0,0,878,1004,30.361854,62.350728,MQ3_10ADC_5cycles,True,0,,candidate_labels_unverified
D-GAW_B34.csv,fe37b7d26e74909b0477f2d6c9309ccc2e6ab2a8d94341b231bfb5f1268f4ec7,B34,D-GAW,dark,Arabika Gayo Wine,recorded_csv_metadata_not_specimen_verified,,,,,19061,160,151,9,0,5,0,0,0,0,0,996,1004,28.728874,54.023113,MQ3_10ADC_5cycles,True,0,,candidate_labels_unverified
D-GAW_B35.csv,409ca052ab3bafebfe6d1d0102022414f2c13e6da7bf510fd027a9e267d49bb0,B35,D-GAW,dark,Arabika Gayo Wine,recorded_csv_metadata_not_specimen_verified,,,,,18887,159,150,9,0,5,0,0,0,0,0,996,1004,29.1542,56.204533,MQ3_10ADC_5cycles,True,0,,candidate_labels_unverified
D-GRB_B32.csv,d256b61691a17885cb7a4c6614e4477805b84700d1eb2549a7e652766f7d88b9,B32,D-GRB,dark,Arabika Redbourbon Gayo Aceh Natural,recorded_csv_metadata_not_specimen_verified,,,,,21351,152,152,0,0,5,0,0,0,0,0,801,1199,30.441776,60.319079,MQ3_10ADC_5cycles,True,0,,candidate_labels_unverified
D-GRB_B33.csv,266c0b5efab36f8091fc7c816c5e01d1d964ff9d88849adf07e34f36a9523c45,B33,D-GRB,dark,Arabika Redbourbon Gayo Aceh Natural,recorded_csv_metadata_not_specimen_verified,,,,,22112,161,152,9,0,5,0,0,0,0,0,996,1004,27.675,57.075724,MQ3_10ADC_5cycles,True,0,,candidate_labels_unverified
D-GRB_B34.csv,8e70fa33d2e3eff702a27fe4654e53b50bcb959d1776f3267f2b9df07687a625,B34,D-GRB,dark,Arabika Redbourbon Gayo Aceh Natural,recorded_csv_metadata_not_specimen_verified,,,,,22091,160,151,9,0,5,0,0,0,0,0,979,1004,29.21053,53.463642,MQ3_10ADC_5cycles,True,0,,candidate_labels_unverified
D-GRB_B35.csv,7a4b5b88b61fbda20215fcc988557f7ac707e1ce4fe736f1a7c3a4581e6053fc,B35,D-GRB,dark,Arabika Redbourbon Gayo Aceh Natural,recorded_csv_metadata_not_specimen_verified,,,,,22230,161,152,9,0,5,0,0,0,0,0,996,1004,28.979737,55.740329,MQ3_10ADC_5cycles,True,0,,candidate_labels_unverified
D-MING_B32.csv,b3ac6dcf413a47bec43e41be66215e2804f32466b6fc20fbeeaa8aec396af9e1,B32,D-MING,dark,Arabika Sumatra Utara,recorded_csv_metadata_not_specimen_verified,,,,,19177,152,152,0,0,5,0,0,0,0,0,996,1004,30.152763,56.766513,MQ3_10ADC_5cycles,True,0,,candidate_labels_unverified
D-MING_B33.csv,294023b15a670025ee45370199d171df3a18649d2d8df3f7c0559dc3d918f4ff,B33,D-MING,dark,Arabika Sumatra Utara,recorded_csv_metadata_not_specimen_verified,,,,,19875,160,151,9,0,5,0,0,0,0,0,880,1004,29.862781,61.967285,MQ3_10ADC_5cycles,True,0,,candidate_labels_unverified
D-MING_B34.csv,59e290ca66eb80ddf7269117324c923b9cd7261c45d951b77080f4871b0e49d6,B34,D-MING,dark,Arabika Sumatra Utara,recorded_csv_metadata_not_specimen_verified,,,,,19752,161,152,9,0,5,0,0,0,0,0,996,1004,25.343355,64.855395,MQ3_10ADC_5cycles,True,0,,candidate_labels_unverified
D-MING_B35.csv,ceb789eb9f079a60874e300371d265e14d3258586da33077bf335d71a8b19b86,B35,D-MING,dark,Arabika Sumatra Utara,recorded_csv_metadata_not_specimen_verified,,,,,19693,159,150,9,0,5,0,0,0,0,0,780,1004,28.6096,56.0122,MQ3_10ADC_5cycles,True,0,,candidate_labels_unverified
D-RAT_B33.csv,c2f97fe25cff2ef0badf0f00fdf480a5efd0f291e06b5dc026e296d336ecef3e,B33,D-RAT,dark,Arabika Ratawali Aceh,recorded_csv_metadata_not_specimen_verified,,,,,19469,160,151,9,0,5,0,0,0,0,0,878,1004,30.299404,61.882517,MQ3_10ADC_5cycles,True,0,,candidate_labels_unverified
D-RAT_B34.csv,395eb77d8ae09226a2dd6e1e89fb10a85cc34c4cc88a92bb322570b0f7020b05,B34,D-RAT,dark,Arabika Ratawali Aceh,recorded_csv_metadata_not_specimen_verified,,,,,19640,160,151,9,0,5,0,0,0,0,0,996,1004,28.407417,56.801126,MQ3_10ADC_5cycles,True,0,,candidate_labels_unverified
D-RAT_B35.csv,c8209a6184b7551d7b8a52e4d2be80f20e0d9006ed1d28e01ab77f4874a63e21,B35,D-RAT,dark,Arabika Ratawali Aceh,recorded_csv_metadata_not_specimen_verified,,,,,19775,161,152,9,0,5,0,0,0,0,0,996,1004,28.406974,55.517039,MQ3_10ADC_5cycles,True,0,,candidate_labels_unverified
D-TEM_B32.csv,2fe9d4848b55d0e5574e934049ff55888da7a570d597c868ab8a6d5d9d4bd737,B32,D-TEM,dark,Arabika Temanggung Mukidi,recorded_csv_metadata_not_specimen_verified,,,,,19638,152,152,0,0,5,0,0,0,0,0,996,1004,30.661908,59.450263,MQ3_10ADC_5cycles,True,0,,candidate_labels_unverified
D-TEM_B33.csv,201d0401afaf0ade5e9cfb6f1c8fe93065eb00a683a2bec152a6be45f0269769,B33,D-TEM,dark,Arabika Temanggung Mukidi,recorded_csv_metadata_not_specimen_verified,,,,,20278,161,152,9,0,5,0,0,0,0,0,996,1004,30.038816,58.680329,MQ3_10ADC_5cycles,True,0,,candidate_labels_unverified
D-TEM_B34.csv,aae7ab29954b0096e587354cbf081ded02fa8c467c7be3485ddab6768234f3c0,B34,D-TEM,dark,Arabika Temanggung Mukidi,recorded_csv_metadata_not_specimen_verified,,,,,20262,160,151,9,0,5,0,0,0,0,0,996,1004,28.854371,58.936424,MQ3_10ADC_5cycles,True,0,,candidate_labels_unverified
D-TEM_B35.csv,d28a01389739a2f2368568e9902988c713b9be2fa01e6bdca5e74b97de577003,B35,D-TEM,dark,Arabika Temanggung Mukidi,recorded_csv_metadata_not_specimen_verified,,,,,20263,160,151,9,0,5,0,0,0,0,0,996,1004,28.252583,55.137682,MQ3_10ADC_5cycles,True,0,,candidate_labels_unverified
D-TOR_B32.csv,41bd25990ee0efaf7ff6fb1912497f3c806fa92a0cee6650138a77a27103386a,B32,D-TOR,dark,Arabika Toraja Washed,recorded_csv_metadata_not_specimen_verified,,,,,19000,152,152,0,0,5,0,0,0,0,0,996,1004,30.687961,60.315461,MQ3_10ADC_5cycles,True,0,,candidate_labels_unverified
D-TOR_B33.csv,91bc4f70d1f77972ca97592723a278d91e5a452065e871fd0c9f98068722c268,B33,D-TOR,dark,Arabika Toraja Washed,recorded_csv_metadata_not_specimen_verified,,,,,19550,160,151,9,0,5,0,0,0,0,0,996,1004,28.90298,55.433113,MQ3_10ADC_5cycles,True,0,,candidate_labels_unverified
D-TOR_B34.csv,205d5e590342e61b8bc84f8f48b38c5abde9dc151169d73966d8d76369557d5d,B34,D-TOR,dark,Arabika Toraja Washed,recorded_csv_metadata_not_specimen_verified,,,,,19717,160,151,9,0,5,0,0,0,0,0,996,1004,29.392318,55.761722,MQ3_10ADC_5cycles,True,0,,candidate_labels_unverified
D-TOR_B35.csv,81ceb1471dbf829a1ac620e48f8022877f579c73f0eda4b820b22408e86933a4,B35,D-TOR,dark,Arabika Toraja Washed,recorded_csv_metadata_not_specimen_verified,,,,,19379,159,150,9,0,5,0,0,0,0,0,996,1004,28.249933,55.046733,MQ3_10ADC_5cycles,True,0,,candidate_labels_unverified
L-CAT_B32.csv,8968ea34fe899f35e1e0aae2c06de608a88f34d80af8b120296db2f2bbecea5b,B32,L-CAT,light,Arabika Catuji Mekarwangi,recorded_csv_metadata_not_specimen_verified,,,,,19717,152,152,0,0,5,0,0,0,0,0,996,1004,29.593882,58.974013,MQ3_10ADC_5cycles,True,0,,candidate_labels_unverified
L-CAT_B33.csv,beee43c608140eda08a5fd48fb720c81dd97e7a297b2641067c59d4462e97b81,B33,L-CAT,light,Arabika Catuji Mekarwangi,recorded_csv_metadata_not_specimen_verified,,,,,20301,159,150,9,0,5,0,0,0,0,0,996,1004,30.085533,59.178533,MQ3_10ADC_5cycles,True,0,,candidate_labels_unverified
L-CAT_B34.csv,69de5c915f01e807176414bc36306dc11174b753adb5ac3b5ccbbe82e6d46853,B34,L-CAT,light,Arabika Catuji Mekarwangi,recorded_csv_metadata_not_specimen_verified,,,,,20276,160,151,9,0,5,0,0,0,0,0,996,1004,27.375894,57.14053,MQ3_10ADC_5cycles,True,0,,candidate_labels_unverified
L-CAT_B35.csv,5b5013d6eb52d93525a24012c2a7657503c7977a6631d3f9e8ea965190007ad5,B35,L-CAT,light,Arabika Catuji Mekarwangi,recorded_csv_metadata_not_specimen_verified,,,,,20307,159,150,9,0,5,0,0,0,0,0,979,1004,29.981733,56.892,MQ3_10ADC_5cycles,True,0,,candidate_labels_unverified
L-CAW_B33.csv,cea9d9a1e3437f03867f81cdefbe332f686f5cada5529c1acc6b28429f59ef37,B33,L-CAW,light,CAW,recorded_csv_metadata_not_specimen_verified,,,,,17007,161,152,9,0,5,0,0,0,0,0,996,1004,28.682303,54.320789,MQ3_10ADC_5cycles,True,0,,excluded_bench_clean_air
L-CAW_B34.csv,17b966d271d7487d46456d21f8eb61f21bc3f641a6dcf576b3b8621b73011c88,B34,L-CAW,light,CAW,recorded_csv_metadata_not_specimen_verified,,,,,16510,158,149,9,0,5,0,0,0,0,0,979,2000,26.547651,57.470067,MQ3_10ADC_5cycles,True,0,,excluded_bench_clean_air
L-CAW_B35.csv,aaf3d602d9498c0c6e7bfa7f0178ee6eacb718ccc8cfa2c9ee97f0f77b873952,B35,L-CAW,light,CAW,recorded_csv_metadata_not_specimen_verified,,,,,16904,160,151,9,0,5,0,0,0,0,0,996,1004,28.741656,54.579801,MQ3_10ADC_5cycles,True,0,,excluded_bench_clean_air
L-GAW_B32.csv,69060e46b948030f274468eab6b0e158bb49993da16274d5e9a6f1b1acca6294,B32,L-GAW,light,Arabika Gayo Wine,recorded_csv_metadata_not_specimen_verified,,,,,18527,152,152,0,0,5,0,0,0,0,0,996,1004,30.359803,60.896776,MQ3_10ADC_5cycles,True,0,,candidate_labels_unverified
L-GAW_B33.csv,b18bd401235fabbaae04877ad28582fc852a2958f89e426e19da988fb7e1228e,B33,L-GAW,light,Arabika Gayo Wine,recorded_csv_metadata_not_specimen_verified,,,,,19139,160,151,9,0,5,0,0,0,0,0,978,1004,30.525099,61.797285,MQ3_10ADC_5cycles,True,0,,candidate_labels_unverified
L-GAW_B34.csv,54fb44214273a759430b312013f833d0a8fe6ca5acc1e4258e6fbea7ff136754,B34,L-GAW,light,Arabika Gayo Wine,recorded_csv_metadata_not_specimen_verified,,,,,19111,161,152,9,0,5,0,0,0,0,0,996,1004,27.99625,58.514934,MQ3_10ADC_5cycles,True,0,,candidate_labels_unverified
L-GAW_B35.csv,86a0703520812e5e25b14387cac2787ff46e859086cc82556a6f8cd68a3a0626,B35,L-GAW,light,Arabika Gayo Wine,recorded_csv_metadata_not_specimen_verified,,,,,19135,160,151,9,0,5,0,0,0,0,0,996,1004,29.598808,57.817086,MQ3_10ADC_5cycles,True,0,,candidate_labels_unverified
L-GAY_B34.csv,58fea5d72ebb7e458aba59d76a073e9fff809e24f10f3bc5bf736fbfe52cc50f,B34,L-GAY,light,Arabika Gayo Aceh,recorded_csv_metadata_not_specimen_verified,,,,,19151,160,151,9,0,5,0,0,0,0,0,996,1004,28.635033,58.829007,MQ3_10ADC_5cycles,True,0,,candidate_labels_unverified
L-GAY_B35.csv,9217fe42ee36e480b4f34ba85fc15e60a015f7e1cf7e0104d0e931af0338142f,B35,L-GAY,light,Arabika Gayo Aceh,recorded_csv_metadata_not_specimen_verified,,,,,19154,160,151,9,0,5,0,0,0,0,0,996,1004,29.027285,58.490132,MQ3_10ADC_5cycles,True,0,,candidate_labels_unverified
L-GRB_B32.csv,f64a1c209416ebf3b239351616e3ea4c157bfc85a7ea442f12d6a7e897341316,B32,L-GRB,light,Arabika Redbourbon Gayo Aceh Natural,recorded_csv_metadata_not_specimen_verified,,,,,21399,152,152,0,0,5,0,0,0,0,0,996,1004,30.535395,59.016316,MQ3_10ADC_5cycles,True,0,,candidate_labels_unverified
L-GRB_B33.csv,74de8795f95e07f1f89b136f488f18768122abc02c51b0ab3a11c69fda1b6afe,B33,L-GRB,light,Arabika Redbourbon Gayo Aceh Natural,recorded_csv_metadata_not_specimen_verified,,,,,22243,160,151,9,0,5,0,0,0,0,0,996,1004,30.042583,62.499338,MQ3_10ADC_5cycles,True,0,,candidate_labels_unverified
L-GRB_B34.csv,1604a1ffc9280d958f50c22ed1493bc23ec28b0c026aeaf55a9131d8911432af,B34,L-GRB,light,Arabika Redbourbon Gayo Aceh Natural,recorded_csv_metadata_not_specimen_verified,,,,,22377,161,152,9,0,5,0,0,0,0,0,996,1004,28.953618,54.986447,MQ3_10ADC_5cycles,True,0,,candidate_labels_unverified
L-GRB_B35.csv,fcface7223109800c03e5cff138c65366eded516657e022a8d779254ac71deaf,B35,L-GRB,light,Arabika Redbourbon Gayo Aceh Natural,recorded_csv_metadata_not_specimen_verified,,,,,22060,159,150,9,0,5,0,0,0,0,0,996,1004,28.7182,57.982067,MQ3_10ADC_5cycles,True,0,,candidate_labels_unverified
L-GRB_B35_20261007_190405.csv,036b5226a48786e548c3cd538b339ebd403d6c33137e67fd589c6630ccb3af2e,B35,L-GRB,light,Arabika Redbourbon Gayo Aceh Natural,recorded_csv_metadata_not_specimen_verified,,,,,22194,160,151,9,0,5,0,0,0,0,0,996,1004,29.441656,55.150596,MQ3_10ADC_5cycles,True,0,,candidate_labels_unverified
L-MING_B32.csv,690cc2a12ed110b9041c150fbdb266828119fc51fc5a04a4406b19912db76c09,B32,L-MING,light,Arabika Sumatra Utara,recorded_csv_metadata_not_specimen_verified,,,,,19289,152,152,0,0,5,0,0,0,0,0,996,1004,30.642105,61.250592,MQ3_10ADC_5cycles,True,0,,candidate_labels_unverified
L-MING_B32_20261009_172056.csv,0dbec4b2d19e1370bfe2c22ff358214a675b5bcba25cf88dcfebeb6dc9d5f986,B32,L-MING,light,Arabika Sumatra Utara,recorded_csv_metadata_not_specimen_verified,,,,,19083,150,150,0,0,5,0,0,0,0,0,996,1004,26.966133,56.148867,MQ3_10ADC_5cycles,True,0,,candidate_labels_unverified
L-MING_B33.csv,d934ec4efafdc4197730d121040d8a106a6380a85143612f94a5e4a88a5aebb6,B33,L-MING,light,Arabika Sumatra Utara,recorded_csv_metadata_not_specimen_verified,,,,,19945,160,151,9,0,5,0,0,0,0,0,879,1004,30.564172,62.551854,MQ3_10ADC_5cycles,True,0,,candidate_labels_unverified
L-MING_B34.csv,ebd7f4318b6d6c11fe6b7978ebf26d8a73f2d2ea8846c242e67f2009b09b37a7,B34,L-MING,light,Arabika Sumatra Utara,recorded_csv_metadata_not_specimen_verified,,,,,19812,159,150,9,0,5,0,0,0,0,0,996,1004,28.8752,52.687733,MQ3_10ADC_5cycles,True,0,,candidate_labels_unverified
L-MING_B35.csv,eef535c6b180a78c3de16ceffb388bfa08efa22dbea743e22a27b17457781a6a,B35,L-MING,light,Arabika Sumatra Utara,recorded_csv_metadata_not_specimen_verified,,,,,20065,161,152,9,0,5,0,0,0,0,0,996,1004,29.155329,57.541053,MQ3_10ADC_5cycles,True,0,,candidate_labels_unverified
L-MING_B37.csv,e7589d02ce97bbafad27ed361221eb0246939f8e41d0df04b963865f56c4c468,B37,L-MING,light,Arabika Sumatra Utara,recorded_csv_metadata_not_specimen_verified,,,,,19222,150,150,0,0,5,0,0,0,0,0,979,1004,27.537533,56.514133,MQ3_10ADC_5cycles,True,0,,excluded_bench_clean_air
L-TEM_B32.csv,518a42ad01bb65ef4b96e60fa2fe4cf813eaf76a1fe16875a64d31ef77076ba5,B32,L-TEM,light,Arabika Temanggung,recorded_csv_metadata_not_specimen_verified,,,,,18637,152,152,0,0,5,0,0,0,0,0,996,1004,29.994868,57.645263,MQ3_10ADC_5cycles,True,0,,candidate_labels_unverified
L-TEM_B33.csv,ea8c58278bc27692a99287f1a6dd339fd66406f4a23666ce36b9087fedee3ee7,B33,L-TEM,light,Arabika Temanggung,recorded_csv_metadata_not_specimen_verified,,,,,19159,160,151,9,0,5,0,0,0,0,0,779,1004,30.653179,61.338278,MQ3_10ADC_5cycles,True,0,,candidate_labels_unverified
L-TEM_B34.csv,6a84638c5ce8eeccd9075292109fd847211c159617e35031d242d91e5b187aa4,B34,L-TEM,light,Arabika Temanggung,recorded_csv_metadata_not_specimen_verified,,,,,19293,160,151,9,0,5,0,0,0,0,0,996,1004,28.173311,58.175563,MQ3_10ADC_5cycles,True,0,,candidate_labels_unverified
L-TEM_B35.csv,d3ff3378eae9da918e2e77487ab71afe3b25151a3e9cbb2487cfd761ee7077ea,B35,L-TEM,light,Arabika Temanggung,recorded_csv_metadata_not_specimen_verified,,,,,19292,160,151,9,0,5,0,0,0,0,0,996,1004,28.544636,57.56543,MQ3_10ADC_5cycles,True,0,,candidate_labels_unverified
L-TOR_B32.csv,0072cee894e80cbc5f9c16e2645b8f4670ee76b3fb1aba2ef32713095f693d7a,B32,L-TOR,light,Arabika Toraja Washed,recorded_csv_metadata_not_specimen_verified,,,,,19095,152,152,0,0,5,0,0,0,0,0,996,1004,30.025526,58.437303,MQ3_10ADC_5cycles,True,0,,candidate_labels_unverified
L-TOR_B33.csv,e27fcfae1be2592005a3fd61934861370846c02f07eb4c6eab7e167ffc1bf7e5,B33,L-TOR,light,Arabika Toraja Washed,recorded_csv_metadata_not_specimen_verified,,,,,19681,160,151,9,0,5,0,0,0,0,0,996,1004,28.56596,57.567417,MQ3_10ADC_5cycles,True,0,,candidate_labels_unverified
L-TOR_B34.csv,6ae92ce81fe7655dfba6413d844aa1d5e24a84296537913649a66ba0a3bee9a4,B34,L-TOR,light,Arabika Toraja Washed,recorded_csv_metadata_not_specimen_verified,,,,,19792,160,151,9,0,5,0,0,0,0,0,996,1004,29.540464,54.026954,MQ3_10ADC_5cycles,True,0,,candidate_labels_unverified
L-TOR_B35.csv,817a7db76c6a4f89a8fba345ff06663944b009b82fcf3e6e667517ec8275e6cf,B35,L-TOR,light,Arabika Toraja Washed,recorded_csv_metadata_not_specimen_verified,,,,,19923,161,152,9,0,5,0,0,0,0,0,996,1004,28.560987,54.964013,MQ3_10ADC_5cycles,True,0,,candidate_labels_unverified
M-CAT_B32.csv,be96c2d8ed9f01ce2330d5ec568d0aed00964f3aeefcebb0ee28f7f10eddf62c,B32,M-CAT,medium,Arabika Catuji Mekarwangi,recorded_csv_metadata_not_specimen_verified,,,,,19874,152,152,0,0,5,0,0,0,0,0,996,1004,29.569803,59.279474,MQ3_10ADC_5cycles,True,0,,candidate_labels_unverified
M-CAT_B33.csv,7cda81773eb1dd46c748f6fb7e47766dfe7b9c9084f974695d96d1bfbe875615,B33,M-CAT,medium,Arabika Catuji Mekarwangi,recorded_csv_metadata_not_specimen_verified,,,,,20446,159,150,9,0,5,0,0,0,0,0,996,1004,30.193333,61.8746,MQ3_10ADC_5cycles,True,0,,candidate_labels_unverified
M-CAT_B34.csv,5b7fe8ab02eb10501ada3d0c1ecd7da7ed7a86be303376b49c5b4c6cf49e5bc7,B34,M-CAT,medium,Arabika Catuji Mekarwangi,recorded_csv_metadata_not_specimen_verified,,,,,20460,159,150,9,0,5,0,0,0,0,0,996,1004,28.568533,59.507067,MQ3_10ADC_5cycles,True,0,,candidate_labels_unverified
M-CAT_B35.csv,bae7b5f6d1df480775eb880337bd1d9533c97dc937f31b9efe1c32e2e527690a,B35,M-CAT,medium,Arabika Catuji Mekarwangi,recorded_csv_metadata_not_specimen_verified,,,,,20590,160,151,9,0,5,0,0,0,0,0,996,1004,28.943113,58.198212,MQ3_10ADC_5cycles,True,0,,candidate_labels_unverified
M-CAW_B35.csv,6dc05407f6a9cd188149e40dd25483843e640b2518f5e2a0df5c9ef8d54bcb71,B35,M-CAW,medium,CAW,recorded_csv_metadata_not_specimen_verified,,,,,16983,161,152,9,0,5,0,0,0,0,0,996,1004,28.950066,56.223289,MQ3_10ADC_5cycles,True,0,,excluded_bench_clean_air
M-GAW_B32.csv,7afeb1604457e67ee4005eed53d5fc86528482cee982adf3c5f9c8a7a73bc0d2,B32,M-GAW,medium,Arabika Gayo Wine,recorded_csv_metadata_not_specimen_verified,,,,,18699,152,152,0,0,5,0,0,0,0,0,801,1199,29.729737,57.619474,MQ3_10ADC_5cycles,True,0,,candidate_labels_unverified
M-GAW_B33.csv,ae967837b817e3195201a3cfd22f1d2c284d1b026dd7792da7efd3a8f5b70e3a,B33,M-GAW,medium,Arabika Gayo Wine,recorded_csv_metadata_not_specimen_verified,,,,,19325,160,151,9,0,5,0,0,0,0,0,878,1004,30.311987,62.728543,MQ3_10ADC_5cycles,True,0,,candidate_labels_unverified
M-GAW_B34.csv,301971f185d99b6e1ea7f1c3c568c38e70ea8c404f2dfe057e8a43cee35eff40,B34,M-GAW,medium,Arabika Gayo Wine,recorded_csv_metadata_not_specimen_verified,,,,,19228,159,150,9,0,5,0,0,0,0,0,996,1004,29.0054,53.162733,MQ3_10ADC_5cycles,True,0,,candidate_labels_unverified
M-GAW_B35.csv,b796c77c41d2d2c8d8432f89787535e41ceeb165fcecde59e009837f2d92c6e0,B35,M-GAW,medium,Arabika Gayo Wine,recorded_csv_metadata_not_specimen_verified,,,,,19298,160,151,9,0,5,0,0,0,0,0,996,1004,28.658411,55.949205,MQ3_10ADC_5cycles,True,0,,candidate_labels_unverified
M-GRB_B32.csv,1ade1b3c2ea6cf4059452be0780e6d095d1318e3fc94df2da5e1d50795c69571,B32,M-GRB,medium,Arabika Redbourbon Gayo Aceh Natural,recorded_csv_metadata_not_specimen_verified,,,,,21621,152,152,0,0,5,0,0,0,0,0,996,1004,30.141513,58.916382,MQ3_10ADC_5cycles,True,0,,candidate_labels_unverified
M-GRB_B33.csv,c1577412db8c66cc2bb1c20acad7f1dcf85e090752ae3f89e1b71f938455646f,B33,M-GRB,medium,Arabika Redbourbon Gayo Aceh Natural,recorded_csv_metadata_not_specimen_verified,,,,,22409,160,151,9,0,5,0,0,0,0,0,996,1004,30.515099,62.44404,MQ3_10ADC_5cycles,True,0,,candidate_labels_unverified
M-GRB_B34.csv,358c0103c5a85725be77e198aa67decaa38d1dc93af3efd019727559d2436fb2,B34,M-GRB,medium,Arabika Redbourbon Gayo Aceh Natural,recorded_csv_metadata_not_specimen_verified,,,,,22392,160,151,9,0,5,0,0,0,0,0,996,1004,28.553444,59.428146,MQ3_10ADC_5cycles,True,0,,candidate_labels_unverified
M-GRB_B35.csv,f5528d5521ae2598a97aaf1f4a0fae876f34b7baf28558b8bbbef4c900016858,B35,M-GRB,medium,Arabika Redbourbon Gayo Aceh Natural,recorded_csv_metadata_not_specimen_verified,,,,,22375,160,151,9,0,5,0,0,0,0,0,996,1004,29.036225,56.559073,MQ3_10ADC_5cycles,True,0,,candidate_labels_unverified
M-MING_B32.csv,c8be2bb4fbaa599300e6308f82493b3cc8e48b567cd9503eaf3709ce20cc7054,B32,M-MING,medium,Arabika Sumatra Utara,recorded_csv_metadata_not_specimen_verified,,,,,19478,152,152,0,0,5,0,0,0,0,0,996,1004,30.079013,57.994934,MQ3_10ADC_5cycles,True,0,,candidate_labels_unverified
M-MING_B33.csv,10f943bb6b294bee5c6e3e7909d0ad918307ba19a5f3bceed07407a4f4fe344a,B33,M-MING,medium,Arabika Sumatra Utara,recorded_csv_metadata_not_specimen_verified,,,,,19970,159,150,9,0,5,0,0,0,0,0,978,1004,29.573,59.123,MQ3_10ADC_5cycles,True,0,,candidate_labels_unverified
M-MING_B34.csv,5b244c1b909e73e0a321a56c5a1144021fcccba3bfdb967796221fc46616cc3f,B34,M-MING,medium,Arabika Sumatra Utara,recorded_csv_metadata_not_specimen_verified,,,,,20186,160,151,9,0,5,0,0,0,0,0,779,1004,29.019007,56.004636,MQ3_10ADC_5cycles,True,0,,candidate_labels_unverified
M-MING_B35.csv,563b4c51c51779b566683167b0caa4b75ca7716012ff219fdfd174a0f8d48175,B35,M-MING,medium,Arabika Sumatra Utara,recorded_csv_metadata_not_specimen_verified,,,,,19818,159,150,9,0,5,0,0,0,0,0,996,1004,27.958467,56.933667,MQ3_10ADC_5cycles,True,0,,candidate_labels_unverified
M-MING_B37.csv,558f7e91a320bc6f122888ddf104c39532d166f7bbda4be02e8e5118d6d8cb6e,B37,M-MING,medium,Arabika Sumatra Utara,recorded_csv_metadata_not_specimen_verified,,,,,19645,152,152,0,0,5,0,0,0,0,0,996,1004,27.178618,55.427303,MQ3_10ADC_5cycles,True,0,,excluded_bench_clean_air
M-MUK_B34.csv,262c15b869311ffe897fa36e6a8e36527cb47c1952da4f2bb71fa177da34e83a,B34,M-MUK,medium,Arabika Temanggung Mukidi,recorded_csv_metadata_not_specimen_verified,,,,,20686,161,152,9,0,5,0,0,0,0,0,996,1004,28.946382,59.352368,MQ3_10ADC_5cycles,True,0,,candidate_labels_unverified
M-MUK_B35.csv,cd1e319650e9858df312817ad83bdcd5ffe275a3f507570f0d345b233b40dcba,B35,M-MUK,medium,Arabika Temanggung Mukidi,recorded_csv_metadata_not_specimen_verified,,,,,20566,160,151,9,0,5,0,0,0,0,0,996,1004,28.974901,55.931325,MQ3_10ADC_5cycles,True,0,,candidate_labels_unverified
M-MUK_B35_20261007_191444.csv,c6fa68c932b21ff63f97e385cb73e6cd0ee358533fc36458cb2e34f804a2e9b2,B35,M-MUK,medium,Arabika Temanggung Mukidi,recorded_csv_metadata_not_specimen_verified,,,,,20582,160,151,9,0,5,0,0,0,0,0,996,1004,28.799205,58.245166,MQ3_10ADC_5cycles,True,0,,candidate_labels_unverified
M-TEM_B32.csv,827e0aa3dd753c3a28754f95e5056653ffd82cce64348a840001445041c58d31,B32,M-TEM,medium,Arabika Temanggung,recorded_csv_metadata_not_specimen_verified,,,,,18876,152,152,0,0,5,0,0,0,0,0,996,1004,30.529737,60.988882,MQ3_10ADC_5cycles,True,0,,candidate_labels_unverified
M-TEM_B33.csv,0678a330f30b5fbb877284e6fd355db24962084599fb7c4cabe37f310194cd4f,B33,M-TEM,medium,Arabika Temanggung,recorded_csv_metadata_not_specimen_verified,,,,,19431,160,151,9,0,5,0,0,0,0,0,996,1004,29.931258,61.298808,MQ3_10ADC_5cycles,True,0,,candidate_labels_unverified
M-TEM_B34.csv,f78f9813712ef995e6a0180c632bb87b02a4247c1898522f3eff2780ae282844,B34,M-TEM,medium,Arabika Temanggung,recorded_csv_metadata_not_specimen_verified,,,,,19460,160,151,9,0,5,0,0,0,0,0,979,1004,28.573377,56.719536,MQ3_10ADC_5cycles,True,0,,candidate_labels_unverified
M-TEM_B35.csv,c9f0e8a8cb366116919cc533a84e3f8f4f0fd783d283fa3fa5288b3fe3fadcee,B35,M-TEM,medium,Arabika Temanggung,recorded_csv_metadata_not_specimen_verified,,,,,19585,161,152,9,0,5,0,0,0,0,0,996,1004,28.725658,56.43625,MQ3_10ADC_5cycles,True,0,,candidate_labels_unverified
M-TOR_B32.csv,98156df846467abb4deab0dc0092c57f70c44dea59c37715b5b0097f80cf1dc6,B32,M-TOR,medium,Arabika Toraja Washed,recorded_csv_metadata_not_specimen_verified,,,,,19245,152,152,0,0,5,0,0,0,0,0,801,1199,30.086053,57.492829,MQ3_10ADC_5cycles,True,0,,candidate_labels_unverified
M-TOR_B33.csv,a544f4662a60715b38996df7754d3f72038c1e7c6cc5bc7a12e9fd52394d73c5,B33,M-TOR,medium,Arabika Toraja Washed,recorded_csv_metadata_not_specimen_verified,,,,,19841,159,150,9,0,5,0,0,0,0,0,879,1004,29.830667,60.8374,MQ3_10ADC_5cycles,True,0,,candidate_labels_unverified
M-TOR_B34.csv,011084251c0daf093731171bb9052072cc1f4123dec0e0b475d19c90d3235c51,B34,M-TOR,medium,Arabika Toraja Washed,recorded_csv_metadata_not_specimen_verified,,,,,19922,161,152,9,0,5,0,0,0,0,0,879,1004,27.048882,59.475592,MQ3_10ADC_5cycles,True,0,,candidate_labels_unverified
M-TOR_B35.csv,4dfeb8936f2deba35ad11372d153d5d30f48f9549a5f119887183f2e4d138b07,B35,M-TOR,medium,Arabika Toraja Washed,recorded_csv_metadata_not_specimen_verified,,,,,19940,160,151,9,0,5,0,0,0,0,0,996,1004,28.754967,54.582517,MQ3_10ADC_5cycles,True,0,,candidate_labels_unverified
