source_file,batch,sample_id,channel,relative_response,group_median,robust_score,review_only
D-CAT_B35_20261007_183310.csv,B35,D-CAT,adc_tgs813,0.012093982,0.0019385212,3.7300607,True
D-GAW_B32.csv,B32,D-GAW,adc_mq135,0.00086296168,0.00027478128,5.8818041,True
D-MING_B35.csv,B35,D-MING,adc_tgs2602,0.060509698,0.038844375,4.4006974,True
D-MING_B34.csv,B34,D-MING,adc_tgs2611,0.0038201353,5.7848691e-05,10.305729,True
D-TEM_B35.csv,B35,D-TEM,adc_tgs813,0.010473966,0.001417439,19.288223,True
D-TOR_B33.csv,B33,D-TOR,adc_tgs2600,-0.00041594454,0,4.1594454,True
L-CAT_B35.csv,B35,L-CAT,adc_mq8,0.014141674,0.0069520932,4.7584342,True
L-CAT_B35.csv,B35,L-CAT,adc_tgs2602,0.021226045,0.011018198,6.4477167,True
L-CAT_B35.csv,B35,L-CAT,adc_tgs2620,0.023265642,0.011145069,5.5385397,True
L-CAT_B33.csv,B33,L-CAT,adc_tgs813,-0.0052845528,-0.0006842703,3.784041,True
L-CAT_B35.csv,B35,L-CAT,adc_tgs816,0.017045533,0.0087539739,4.7028674,True
L-CAT_B35.csv,B35,L-CAT,adc_tgs822,0.043561644,0.020754995,3.5135164,True
L-GAW_B33.csv,B33,L-GAW,adc_tgs813,-0.0053262125,-0.00064611333,4.6878226,True
L-MING_B32_20261009_172056.csv,B32,L-MING,adc_mq3,-0.00040899796,0.00013874436,5.3034749,True
L-MING_B35.csv,B35,L-MING,adc_tgs2602,0.019302532,0.013007783,4.1235031,True
L-TEM_B35.csv,B35,L-TEM,adc_tgs2620,0.017163121,0.0089915099,4.4103953,True
L-TOR_B35.csv,B35,L-TOR,adc_mq8,0.01018848,0.006094353,4.0996794,True
M-CAT_B35.csv,B35,M-CAT,adc_mq8,0.024484983,0.0093222936,13.75052,True
M-CAT_B35.csv,B35,M-CAT,adc_tgs2602,0.028098804,0.01427415,14.009582,True
M-CAT_B35.csv,B35,M-CAT,adc_tgs2620,0.032166378,0.014959925,41.974811,True
M-CAT_B35.csv,B35,M-CAT,adc_tgs816,0.022884161,0.011041299,10.990694,True
M-CAT_B35.csv,B35,M-CAT,adc_tgs822,0.064991736,0.026017498,8.9998288,True
M-GAW_B34.csv,B34,M-GAW,adc_mq135,0.0010259918,0.00053435986,4.7355405,True
M-GAW_B32.csv,B32,M-GAW,adc_mq8,0.017003894,0.014829823,6.4949989,True
M-GAW_B32.csv,B32,M-GAW,adc_tgs816,0.022147915,0.018082462,10.017954,True
M-GRB_B35.csv,B35,M-GRB,adc_tgs2620,0.046397825,0.029723406,3.8599193,True
M-MING_B35.csv,B35,M-MING,adc_mq135,0.00034118048,0.00071957759,3.7839711,True
M-MING_B35.csv,B35,M-MING,adc_tgs2602,0.029455309,0.023495967,3.8057349,True
M-TEM_B35.csv,B35,M-TEM,adc_mq8,0.014819269,0.0072950588,3.6401989,True
M-TEM_B35.csv,B35,M-TEM,adc_tgs2602,0.018583569,0.011224515,3.8653695,True
M-TEM_B35.csv,B35,M-TEM,adc_tgs2620,0.020100738,0.010233356,5.7341764,True
M-TEM_B35.csv,B35,M-TEM,adc_tgs822,0.049180595,0.019200704,14.618353,True
M-TOR_B33.csv,B33,M-TOR,adc_mq3,-0.00027567195,0.0001594795,4.3515145,True
