sample_id,channel,purge_last5_median_B32,purge_last5_median_B35,relative_shift_B35_vs_B32
D-CAT,adc_mq135,2908,2930.5,0.0077372765
D-GAW,adc_mq135,2906,2922,0.00550585
D-GRB,adc_mq135,2902,2926,0.0082701585
D-MING,adc_mq135,2909,2925,0.0055001719
D-TEM,adc_mq135,2895,2929,0.011744387
D-TOR,adc_mq135,2895,2930,0.01208981
L-CAT,adc_mq135,2912,2916,0.0013736264
L-GAW,adc_mq135,2899,2920,0.0072438772
L-GRB,adc_mq135,2899,2925.5,0.0091410831
L-MING,adc_mq135,2919,2920,0.00034258308
L-TEM,adc_mq135,2908,2925,0.0058459422
L-TOR,adc_mq135,2907,2923,0.005503956
M-CAT,adc_mq135,2913,2925,0.0041194645
M-GAW,adc_mq135,2909,2925,0.0055001719
M-GRB,adc_mq135,2902,2927,0.0086147484
M-MING,adc_mq135,2908,2931,0.007909216
M-TEM,adc_mq135,2897,2925,0.0096651709
M-TOR,adc_mq135,2907,2927,0.006879945
D-CAT,adc_mq3,2895,2917,0.0075993092
D-GAW,adc_mq3,2893,2908,0.0051849291
D-GRB,adc_mq3,2887,2911,0.0083131278
D-MING,adc_mq3,2893,2913,0.0069132389
D-TEM,adc_mq3,2882,2915,0.011450382
D-TOR,adc_mq3,2879,2916,0.012851685
L-CAT,adc_mq3,2900,2904,0.0013793103
L-GAW,adc_mq3,2888,2907,0.0065789474
L-GRB,adc_mq3,2884,2912,0.0097087379
L-MING,adc_mq3,2909,2908,-0.00034376074
L-TEM,adc_mq3,2896,2915,0.0065607735
L-TOR,adc_mq3,2897,2912,0.0051777701
M-CAT,adc_mq3,2899,2911,0.0041393584
M-GAW,adc_mq3,2893,2912,0.0065675769
M-GRB,adc_mq3,2888,2914,0.0090027701
M-MING,adc_mq3,2895,2917,0.0075993092
M-TEM,adc_mq3,2884,2915,0.01074896
M-TOR,adc_mq3,2893,2914,0.0072589008
D-CAT,adc_mq8,15817,15968.5,0.0095783018
D-GAW,adc_mq8,15839,15928,0.0056190416
D-GRB,adc_mq8,16176,16384,0.012858556
D-MING,adc_mq8,16121,15951,-0.010545252
D-TEM,adc_mq8,15755,15711,-0.0027927642
D-TOR,adc_mq8,15707,16603,0.05704463
L-CAT,adc_mq8,15530,15468,-0.003992273
L-GAW,adc_mq8,15450,15734,0.018381877
L-GRB,adc_mq8,15677,15904,0.014479811
L-MING,adc_mq8,14840.5,15473,0.042619858
L-TEM,adc_mq8,15234,15218,-0.0010502823
L-TOR,adc_mq8,15350,15174,-0.011465798
M-CAT,adc_mq8,15488,15436,-0.003357438
M-GAW,adc_mq8,15812,16053,0.015241589
M-GRB,adc_mq8,15772,16025,0.016041085
M-MING,adc_mq8,15975,16425,0.028169014
M-TEM,adc_mq8,15505,15533,0.0018058691
M-TOR,adc_mq8,15446,15885,0.028421598
D-CAT,adc_tgs2600,2884,2895,0.003814147
D-GAW,adc_tgs2600,2881,2885,0.0013884068
D-GRB,adc_tgs2600,2884,2891,0.0024271845
D-MING,adc_tgs2600,2886,2888,0.00069300069
D-TEM,adc_tgs2600,2883,2885,0.00069372182
D-TOR,adc_tgs2600,2883,2894,0.00381547
L-CAT,adc_tgs2600,2884,2885,0.00034674064
L-GAW,adc_tgs2600,2884,2885,0.00034674064
L-GRB,adc_tgs2600,2883,2890,0.0024280264
L-MING,adc_tgs2600,2899.5,2887,-0.0043110881
L-TEM,adc_tgs2600,2884,2892,0.0027739251
L-TOR,adc_tgs2600,2884,2888,0.0013869626
M-CAT,adc_tgs2600,2884,2888,0.0013869626
M-GAW,adc_tgs2600,2884,2888,0.0013869626
M-GRB,adc_tgs2600,2884,2890,0.0020804438
M-MING,adc_tgs2600,2886,2898,0.0041580042
M-TEM,adc_tgs2600,2883,2889,0.0020811655
M-TOR,adc_tgs2600,2884,2887,0.0010402219
D-CAT,adc_tgs2602,9445,8897,-0.058020116
D-GAW,adc_tgs2602,9263,8873,-0.04210299
D-GRB,adc_tgs2602,9509,8930,-0.060889683
D-MING,adc_tgs2602,9165,8836,-0.035897436
D-TEM,adc_tgs2602,9423,8677,-0.079167993
D-TOR,adc_tgs2602,9506,8876,-0.066273932
L-CAT,adc_tgs2602,9286,9001,-0.030691363
L-GAW,adc_tgs2602,9500,9084,-0.043789474
L-GRB,adc_tgs2602,9355,8989,-0.039123463
L-MING,adc_tgs2602,9082.5,9004,-0.0086429948
L-TEM,adc_tgs2602,9120,8901,-0.024013158
L-TOR,adc_tgs2602,9241,8679,-0.060815929
M-CAT,adc_tgs2602,9286,9001,-0.030691363
M-GAW,adc_tgs2602,9144,8936,-0.022747157
M-GRB,adc_tgs2602,9316,8979,-0.036174324
M-MING,adc_tgs2602,9312,9051,-0.028028351
M-TEM,adc_tgs2602,9542,8845,-0.073045483
M-TOR,adc_tgs2602,9144,8718,-0.046587927
D-CAT,adc_tgs2611,8052,7569.5,-0.059923
D-GAW,adc_tgs2611,8173,7690,-0.059097027
D-GRB,adc_tgs2611,8211,7575,-0.07745707
D-MING,adc_tgs2611,8112,7613,-0.061513807
D-TEM,adc_tgs2611,8303,7575,-0.087679152
D-TOR,adc_tgs2611,8530,8152,-0.044314185
L-CAT,adc_tgs2611,7959,7867,-0.011559241
L-GAW,adc_tgs2611,8146,7778,-0.045175546
L-GRB,adc_tgs2611,8273,7730.5,-0.065574761
L-MING,adc_tgs2611,8418,7644,-0.09194583
L-TEM,adc_tgs2611,8142,7568,-0.070498649
L-TOR,adc_tgs2611,8160,7551,-0.074632353
M-CAT,adc_tgs2611,7974,7690,-0.035615751
M-GAW,adc_tgs2611,8042,7869,-0.021512062
M-GRB,adc_tgs2611,8170,7648,-0.063892289
M-MING,adc_tgs2611,8041,7832,-0.025991792
M-TEM,adc_tgs2611,8237,7668,-0.069078548
M-TOR,adc_tgs2611,8289,7594,-0.083846061
D-CAT,adc_tgs2620,9928,8611.5,-0.13260475
D-GAW,adc_tgs2620,9646,8518,-0.11693966
D-GRB,adc_tgs2620,10009,8748,-0.12598661
D-MING,adc_tgs2620,9712,8626,-0.11182043
D-TEM,adc_tgs2620,9890,8309,-0.15985844
D-TOR,adc_tgs2620,9886,8690,-0.12097916
L-CAT,adc_tgs2620,9676,8585,-0.1127532
L-GAW,adc_tgs2620,9917,8759,-0.11676918
L-GRB,adc_tgs2620,9741,8651.5,-0.11184683
L-MING,adc_tgs2620,9270.5,8582,-0.074267839
L-TEM,adc_tgs2620,9456,8460,-0.10532995
L-TOR,adc_tgs2620,9512,8197,-0.13824643
M-CAT,adc_tgs2620,9667,8600,-0.1103755
M-GAW,adc_tgs2620,9594,8681,-0.095163644
M-GRB,adc_tgs2620,9848,8720,-0.11454102
M-MING,adc_tgs2620,9843,8878,-0.098039216
M-TEM,adc_tgs2620,9983,8491,-0.14945407
M-TOR,adc_tgs2620,9434,8330,-0.11702353
D-CAT,adc_tgs813,15229,14360,-0.057062184
D-GAW,adc_tgs813,15068,14318,-0.049774356
D-GRB,adc_tgs813,15332,14940,-0.025567441
D-MING,adc_tgs813,15244,14575,-0.043886119
D-TEM,adc_tgs813,15189,13824,-0.089867667
D-TOR,adc_tgs813,14818,14916,0.0066135781
L-CAT,adc_tgs813,14664,13785,-0.059942717
L-GAW,adc_tgs813,14834,14181,-0.044020493
L-GRB,adc_tgs813,14803,14366,-0.029521043
L-MING,adc_tgs813,14786.5,13788,-0.067527813
L-TEM,adc_tgs813,14394,13372,-0.071001806
L-TOR,adc_tgs813,14089,13268,-0.058272411
M-CAT,adc_tgs813,14750,13866,-0.059932203
M-GAW,adc_tgs813,15016,14251,-0.050945658
M-GRB,adc_tgs813,15280,14575,-0.046138743
M-MING,adc_tgs813,15190,14742,-0.029493088
M-TEM,adc_tgs813,15055,13849,-0.080106277
M-TOR,adc_tgs813,14210,14066,-0.010133709
D-CAT,adc_tgs816,15491,14695,-0.051384675
D-GAW,adc_tgs816,15316,14712,-0.039435884
D-GRB,adc_tgs816,15730,15151,-0.036808646
D-MING,adc_tgs816,15446,14938,-0.032888774
D-TEM,adc_tgs816,15409,14438,-0.063015121
D-TOR,adc_tgs816,15491,15256,-0.015170099
L-CAT,adc_tgs816,15193,14536,-0.043243599
L-GAW,adc_tgs816,15367,14779,-0.038263812
L-GRB,adc_tgs816,15339,14723,-0.040159072
L-MING,adc_tgs816,15037.5,14588,-0.029891937
L-TEM,adc_tgs816,14860,14304,-0.037415882
L-TOR,adc_tgs816,15069,14222,-0.056208109
M-CAT,adc_tgs816,15204,14636,-0.03735859
M-GAW,adc_tgs816,15252,14931,-0.02104642
M-GRB,adc_tgs816,15492,14876,-0.039762458
M-MING,adc_tgs816,15441,15256,-0.011981089
M-TEM,adc_tgs816,15415,14536,-0.057022381
M-TOR,adc_tgs816,15067,14593,-0.031459481
D-CAT,adc_tgs822,13431,13692.5,0.019469883
D-GAW,adc_tgs822,13538,13391,-0.010858325
D-GRB,adc_tgs822,14077,14478,0.028486183
D-MING,adc_tgs822,14384,14072,-0.021690768
D-TEM,adc_tgs822,13532,13494,-0.0028081584
D-TOR,adc_tgs822,13515,14618,0.081613023
L-CAT,adc_tgs822,13035,12410,-0.047947833
L-GAW,adc_tgs822,12874,12714,-0.01242815
L-GRB,adc_tgs822,13401,13423,0.0016416685
L-MING,adc_tgs822,12890.5,12337,-0.042938598
L-TEM,adc_tgs822,12791,12173,-0.048315222
L-TOR,adc_tgs822,12959,12223,-0.056794506
M-CAT,adc_tgs822,13139,12771,-0.02800822
M-GAW,adc_tgs822,13609,13447,-0.011903887
M-GRB,adc_tgs822,13761,13632,-0.0093743187
M-MING,adc_tgs822,13855,14134,0.020137135
M-TEM,adc_tgs822,13120,12928,-0.014634146
M-TOR,adc_tgs822,13386,13587,0.015015688
