source_file,label,cycle,n_collecting,n_purging,mean_adc_tgs822,max_adc_tgs822,sum_adc_tgs822,mean_adc_mq135,max_adc_mq135,sum_adc_mq135,mean_adc_mq9,max_adc_mq9,sum_adc_mq9,mean_adc_tgs2611,max_adc_tgs2611,sum_adc_tgs2611,mean_adc_tgs2620,max_adc_tgs2620,sum_adc_tgs2620,mean_adc_tgs2600,max_adc_tgs2600,sum_adc_tgs2600,mean_adc_tgs2602,max_adc_tgs2602,sum_adc_tgs2602,mean_adc_mq8,max_adc_mq8,sum_adc_mq8,mean_adc_tgs813,max_adc_tgs813,sum_adc_tgs813,mean_adc_tgs816,max_adc_tgs816,sum_adc_tgs816,ratio_to_mq135_adc_tgs822,ratio_to_mq135_adc_mq9,ratio_to_mq135_adc_tgs2611,ratio_to_mq135_adc_tgs2620,ratio_to_mq135_adc_tgs2600,ratio_to_mq135_adc_tgs2602,ratio_to_mq135_adc_mq8,ratio_to_mq135_adc_tgs813,ratio_to_mq135_adc_tgs816,ratio_to_tgs822_adc_mq135,ratio_to_tgs822_adc_mq9,ratio_to_tgs822_adc_tgs2611,ratio_to_tgs822_adc_tgs2620,ratio_to_tgs822_adc_tgs2600,ratio_to_tgs822_adc_tgs2602,ratio_to_tgs822_adc_mq8,ratio_to_tgs822_adc_tgs813,ratio_to_tgs822_adc_tgs816,onset_adc_tgs822_slope,onset_adc_tgs822_delta,onset_adc_tgs822_rise_drop,decay_adc_tgs822_slope,decay_adc_tgs822_delta,decay_adc_tgs822_rise_drop,onset_adc_mq135_slope,onset_adc_mq135_delta,onset_adc_mq135_rise_drop,decay_adc_mq135_slope,decay_adc_mq135_delta,decay_adc_mq135_rise_drop,onset_adc_mq9_slope,onset_adc_mq9_delta,onset_adc_mq9_rise_drop,decay_adc_mq9_slope,decay_adc_mq9_delta,decay_adc_mq9_rise_drop,onset_adc_tgs2611_slope,onset_adc_tgs2611_delta,onset_adc_tgs2611_rise_drop,decay_adc_tgs2611_slope,decay_adc_tgs2611_delta,decay_adc_tgs2611_rise_drop,onset_adc_tgs2620_slope,onset_adc_tgs2620_delta,onset_adc_tgs2620_rise_drop,decay_adc_tgs2620_slope,decay_adc_tgs2620_delta,decay_adc_tgs2620_rise_drop,onset_adc_tgs2600_slope,onset_adc_tgs2600_delta,onset_adc_tgs2600_rise_drop,decay_adc_tgs2600_slope,decay_adc_tgs2600_delta,decay_adc_tgs2600_rise_drop,onset_adc_tgs2602_slope,onset_adc_tgs2602_delta,onset_adc_tgs2602_rise_drop,decay_adc_tgs2602_slope,decay_adc_tgs2602_delta,decay_adc_tgs2602_rise_drop,onset_adc_mq8_slope,onset_adc_mq8_delta,onset_adc_mq8_rise_drop,decay_adc_mq8_slope,decay_adc_mq8_delta,decay_adc_mq8_rise_drop,onset_adc_tgs813_slope,onset_adc_tgs813_delta,onset_adc_tgs813_rise_drop,decay_adc_tgs813_slope,decay_adc_tgs813_delta,decay_adc_tgs813_rise_drop,onset_adc_tgs816_slope,onset_adc_tgs816_delta,onset_adc_tgs816_rise_drop,decay_adc_tgs816_slope,decay_adc_tgs816_delta,decay_adc_tgs816_rise_drop
D:\ENOSE\smart-coffee-v2-hardware\smart-coffee-v2-hardware\scripts\..\data\dark_20260810_163245.csv,dark,1.0,180,61,15450.177777777777,16225.0,2781032.0,2982.4333333333334,2988.0,536838.0,2967.5055555555555,2971.0,534151.0,10165.705555555556,10190.0,1829827.0,12013.81111111111,12999.0,2162486.0,2987.483333333333,2992.0,537747.0,9054.344444444445,9590.0,1629782.0,14505.133333333333,14961.0,2610924.0,14058.33888888889,15774.0,2530501.0,12666.344444444445,13060.0,2279942.0,5.430053547523427,0.9943105756358769,3.4103078982597057,4.350401606425703,1.001338688085676,3.2095046854083,5.007028112449799,5.279116465863454,4.3708165997322626,0.1841602465331279,0.18311248073959938,0.6280431432973805,0.801171032357473,0.18440677966101696,0.5910631741140215,0.922095531587057,0.9722033898305085,0.8049306625577812,67.97293233082706,85.0,-292.0,-10.978195488721806,-189.0,-37.0,-0.012781954887218047,-2.0,-1.0,-0.022556390977443608,0.0,1.0,-0.04285714285714286,1.0,-3.0,0.012030075187969926,-1.0,2.0,2.8646616541353382,22.0,-4.0,-0.37819548872180453,-7.0,-4.0,-10.625563909774437,-345.0,-82.0,-2.889473684210526,-55.0,-22.0,-0.07593984962406015,-3.0,-4.0,-0.0736842105263158,-2.0,0.0,4.065413533834587,-360.0,-225.0,0.7390977443609024,13.0,-12.0,23.627819548872182,-135.0,-171.0,-5.230075187969925,-91.0,-23.0,-10.73233082706767,-688.0,-279.0,-10.610526315789475,-192.0,-49.0,42.75263157894737,187.0,-39.0,-2.542857142857143,-48.0,-25.0
D:\ENOSE\smart-coffee-v2-hardware\smart-coffee-v2-hardware\scripts\..\data\dark_20260810_163245.csv,dark,2.0,180,61,14646.261111111111,14807.0,2636327.0,2973.938888888889,2979.0,535309.0,2958.6111111111113,2965.0,532550.0,10137.95,10169.0,1824831.0,10936.477777777778,11142.0,1968566.0,2968.6277777777777,2977.0,534353.0,8969.016666666666,9006.0,1614423.0,13911.488888888889,14074.0,2504068.0,11971.183333333332,12276.0,2154813.0,12568.194444444445,12635.0,2262275.0,4.970459885867741,0.9953004363880497,3.4135615978516283,3.7401812688821754,0.9993286337697214,3.0231621349446125,4.724404162470628,4.120845921450151,4.241356159785163,0.2011886270007429,0.20024312825015195,0.6867697710542311,0.7524819342203012,0.20105355575065847,0.6082258391301412,0.9504963868440602,0.829067333018167,0.8533126224083204,-4.483458646616542,-79.0,-15.0,462.6503759398496,-2930.0,8.0,0.07443609022556391,3.0,4.0,-1.132330827067669,-10.0,-3.0,-0.07969924812030076,-4.0,-1.0,-0.015037593984962405,-2.0,-3.0,0.2210526315789474,5.0,2.0,-420.724060150376,-3911.0,-5.0,-3.1090225563909772,-57.0,-10.0,624.7992481203008,-5903.0,-1.0,-0.06390977443609022,-3.0,-4.0,-0.7278195488721806,-11.0,1.0,-0.5045112781954888,-9.0,-1.0,-503.15488721804513,-7309.0,3.0,-3.371428571428572,-61.0,-11.0,360.46842105263147,-3028.0,3.0,-6.3691729323308275,-117.0,-21.0,539.5037593984963,-8920.0,6.0,-1.5142857142857142,-26.0,-4.0,434.9759398496242,700.0,-4.0
D:\ENOSE\smart-coffee-v2-hardware\smart-coffee-v2-hardware\scripts\..\data\dark_20260810_163245.csv,dark,3.0,181,61,13523.779005524862,14311.0,2447804.0,2965.3370165745855,2969.0,536726.0,2952.8453038674033,2956.0,534465.0,9903.038674033149,9946.0,1792450.0,10567.718232044199,10783.0,1912757.0,2957.806629834254,2962.0,535363.0,8852.745856353591,9003.0,1602347.0,13126.038674033149,13476.0,2375813.0,11364.53591160221,11753.0,2056981.0,12190.436464088398,12527.0,2206469.0,4.82014146177164,0.9956214213539912,3.3499494779387,3.6318625799932636,0.9976423038059953,3.0323341192320648,4.538901987201077,3.958571909733917,4.2192657460424385,0.2074627908601775,0.20655439871427572,0.6949898679337573,0.7534763468660471,0.20697365662776884,0.6290964991964223,0.9416532737055412,0.8212563762141011,0.8753406470547132,295.112030075188,4273.0,123.0,2.2315789473684213,-30.0,-21.0,0.4112781954887218,7.0,3.0,-0.014285714285714287,2.0,4.0,0.031578947368421054,2.0,4.0,0.07593984962406015,1.0,0.0,3.6308270676691734,66.0,13.0,0.18646616541353384,3.0,0.0,29.71654135338346,399.0,-22.0,-0.24586466165413537,-13.0,-4.0,0.039097744360902256,4.0,0.0,-0.12706766917293236,1.0,4.0,38.50225563909775,536.0,27.0,0.5142857142857143,-2.0,2.0,111.95488721804512,1584.0,-26.0,0.2706766917293233,-28.0,-15.0,100.33458646616542,1403.0,-96.0,1.4759398496240603,4.0,-14.0,99.25864661654137,1408.0,-56.0,0.9030075187969926,-27.0,-7.0
D:\ENOSE\smart-coffee-v2-hardware\smart-coffee-v2-hardware\scripts\..\data\dark_20260810_163245.csv,dark,4.0,180,61,13290.733333333334,14494.0,2392332.0,2963.6444444444446,2968.0,533456.0,2951.7722222222224,2956.0,531319.0,9956.622222222222,9968.0,1792192.0,10262.738888888889,10577.0,1847293.0,2953.5833333333335,2959.0,531645.0,8772.172222222222,9087.0,1578991.0,12776.08888888889,13399.0,2299696.0,11140.783333333333,11806.0,2005341.0,12050.288888888888,12597.0,2169052.0,4.883423180592992,0.9959568733153639,3.358490566037736,3.563679245283019,0.996967654986523,3.0616576819407006,4.514487870619946,3.9777628032345014,4.244272237196766,0.2047743894025114,0.20394646060438804,0.6877328549744722,0.7297502414792327,0.20415344280391887,0.6269490823789154,0.9244514971712433,0.8145439492203671,0.8691182558299986,274.309022556391,4590.0,1219.0,-140.57218045112785,-2357.0,-271.0,0.5383458646616542,8.0,4.0,-0.0481203007518797,1.0,1.0,0.059398496240601506,0.0,-1.0,-0.05789473684210526,-1.0,1.0,0.3255639097744361,6.0,3.0,-0.6165413533834586,-11.0,-2.0,35.10601503759399,552.0,84.0,-18.606766917293236,-314.0,-41.0,-0.05864661654135339,-2.0,1.0,-0.05037593984962406,2.0,3.0,30.49323308270677,513.0,177.0,-15.82481203007519,-274.0,-65.0,133.61578947368423,2109.0,299.0,-61.11353383458647,-1042.0,-142.0,134.5857142857143,2064.0,149.0,-55.051127819548874,-920.0,-72.0,125.04586466165415,2035.0,402.0,-54.71278195488722,-948.0,-151.0
D:\ENOSE\smart-coffee-v2-hardware\smart-coffee-v2-hardware\scripts\..\data\dark_20260810_163245.csv,dark,5.0,180,61,13152.255555555555,13886.0,2367406.0,2967.9944444444445,2971.0,534239.0,2955.1666666666665,2959.0,531930.0,9906.777777777777,9917.0,1783220.0,9963.433333333332,10103.0,1793418.0,2960.261111111111,2965.0,532847.0,8582.833333333334,8778.0,1544910.0,12425.85,12661.0,2236653.0,10961.344444444445,11234.0,1973042.0,11889.083333333334,12120.0,2140035.0,4.673847189498486,0.995960955907102,3.337933355772467,3.4005385392123864,0.997980477953551,2.9545607539548975,4.261528105015146,3.781218444968024,4.079434533826994,0.21395650295261415,0.21309232320322627,0.7141725478899611,0.7275673340054731,0.2135244130779202,0.6321474866772289,0.9117816505833213,0.8090162753852801,0.8728215468817514,258.1744360902256,3954.0,394.0,-141.07142857142858,-2368.0,-266.0,0.6285714285714287,11.0,1.0,-0.181203007518797,0.0,2.0,0.0406015037593985,2.0,-2.0,-0.06917293233082708,-4.0,-2.0,0.18947368421052635,2.0,0.0,-0.3315789473684211,-6.0,-1.0,31.75563909774436,473.0,31.0,-17.957894736842107,-305.0,-41.0,0.05488721804511279,1.0,0.0,0.03609022556390978,0.0,-1.0,25.795488721804514,392.0,54.0,-14.694736842105264,-254.0,-58.0,123.44060150375941,1831.0,81.0,-62.87744360902256,-1071.0,-138.0,116.66090225563912,1722.0,38.0,-56.1390977443609,-947.0,-83.0,106.9218045112782,1639.0,136.0,-53.73458646616542,-927.0,-141.0
D:\ENOSE\smart-coffee-v2-hardware\smart-coffee-v2-hardware\scripts\..\data\dark_20260810_163245.csv,dark,6.0,180,61,13557.638888888889,14432.0,2440375.0,2973.383333333333,2976.0,535209.0,2958.4777777777776,2962.0,532526.0,9848.522222222222,9874.0,1772734.0,9864.072222222223,9981.0,1775533.0,2965.1666666666665,2968.0,533730.0,8512.022222222222,8784.0,1532164.0,12592.488888888889,12889.0,2266648.0,11134.216666666667,11429.0,2004159.0,12180.294444444444,12475.0,2192453.0,4.849462365591398,0.9952956989247311,3.3178763440860215,3.3538306451612905,0.9973118279569892,2.9516129032258065,4.330981182795699,3.8403897849462365,4.191868279569892,0.20620842572062084,0.20523835920177383,0.6841740576496674,0.6915881374722838,0.2056541019955654,0.6086474501108647,0.8930848115299335,0.791920731707317,0.8643985587583148,281.63007518797,4564.0,-27.0,-150.81278195488724,-2553.0,-302.0,0.5022556390977443,5.0,2.0,-0.29849624060150376,-5.0,-2.0,0.006766917293233083,0.0,1.0,-0.031578947368421054,2.0,2.0,0.05037593984962406,0.0,-1.0,-0.07669172932330828,-2.0,-1.0,34.984962406015036,604.0,-6.0,-16.049624060150375,-269.0,-38.0,0.0962406015037594,3.0,5.0,0.06240601503759399,4.0,-1.0,38.82706766917293,567.0,0.0,-12.871428571428572,-223.0,-63.0,131.02330827067672,2249.0,-37.0,-67.88796992481203,-1162.0,-166.0,96.40075187969926,1870.0,-31.0,-54.954887218045116,-923.0,-80.0,107.20225563909776,1814.0,-19.0,-55.12406015037594,-962.0,-164.0
D:\ENOSE\smart-coffee-v2-hardware\smart-coffee-v2-hardware\scripts\..\data\dark_20260810_163245.csv,dark,7.0,180,61,11804.194444444445,12986.0,2124755.0,2964.2944444444443,2968.0,533573.0,2954.6055555555554,2959.0,531829.0,9843.055555555555,9851.0,1771750.0,9772.327777777778,9903.0,1759019.0,2959.8777777777777,2965.0,532778.0,8509.68888888889,8643.0,1531744.0,11397.394444444444,11921.0,2051531.0,10422.961111111112,10858.0,1876133.0,11453.394444444444,11891.0,2061611.0,4.37533692722372,0.996967654986523,3.3190700808625335,3.336590296495957,0.998989218328841,2.9120619946091644,4.0165094339622645,3.658355795148248,4.006401617250674,0.2285538271985215,0.22786077314030495,0.7585861697212383,0.7625904820576005,0.22832280917911596,0.6655629139072847,0.9179886031110427,0.8361312182350223,0.9156784229169875,129.91954887218046,2064.0,60.0,-107.34962406015038,-1777.0,-207.0,0.045112781954887216,-2.0,-2.0,-0.13007518796992482,0.0,0.0,-0.007518796992481203,0.0,-2.0,0.0481203007518797,0.0,1.0,0.24586466165413537,5.0,1.0,-0.25263157894736843,-5.0,-1.0,13.047368421052633,201.0,0.0,-10.230075187969925,-164.0,-14.0,-0.09924812030075189,-2.0,0.0,-0.06165413533834587,-2.0,-1.0,11.824812030075188,200.0,11.0,-8.066917293233084,-132.0,-29.0,45.08646616541353,703.0,-22.0,-41.97293233082707,-699.0,-75.0,39.89473684210526,594.0,-29.0,-34.03533834586466,-557.0,-25.0,37.21278195488722,603.0,5.0,-31.493984962406014,-540.0,-75.0
D:\ENOSE\smart-coffee-v2-hardware\smart-coffee-v2-hardware\scripts\..\data\dark_20260810_163245.csv,dark,8.0,180,61,12256.144444444444,12744.0,2206106.0,2960.488888888889,2964.0,532888.0,2951.0,2954.0,531180.0,9868.216666666667,9883.0,1776279.0,9971.333333333334,10066.0,1794840.0,2951.961111111111,2957.0,531353.0,8698.261111111111,8803.0,1565687.0,11533.05,11820.0,2075949.0,10922.327777777778,11251.0,1966019.0,11925.93888888889,12254.0,2146669.0,4.299595141700405,0.9966261808367072,3.3343454790823213,3.3960863697705803,0.997638326585695,2.9699730094466936,3.9878542510121457,3.795883940620783,4.134278002699055,0.23258003766478344,0.2317953546767106,0.7755021971123666,0.7898618957940992,0.23203075957313246,0.6907564344005022,0.9274952919020716,0.8828468298807282,0.9615505335844319,164.38721804511277,2581.0,651.0,-118.87293233082707,-2012.0,-265.0,0.29849624060150376,4.0,-1.0,-0.14285714285714285,-2.0,2.0,-0.13007518796992482,-3.0,1.0,0.01729323308270677,2.0,2.0,0.24436090225563908,5.0,1.0,0.2766917293233083,5.0,1.0,19.29624060150376,291.0,47.0,-12.18872180451128,-207.0,-23.0,-0.039097744360902256,-3.0,0.0,-0.10225563909774438,0.0,-1.0,12.448120300751881,214.0,89.0,-10.415789473684212,-181.0,-43.0,72.77969924812031,1095.0,165.0,-49.79849624060151,-855.0,-120.0,71.45187969924812,1035.0,66.0,-38.29323308270677,-646.0,-50.0,58.330827067669176,916.0,187.0,-38.25263157894737,-667.0,-98.0
D:\ENOSE\smart-coffee-v2-hardware\smart-coffee-v2-hardware\scripts\..\data\dark_20260810_163245.csv,dark,9.0,181,61,12914.209944751381,13390.0,2337472.0,2958.016574585635,2965.0,535401.0,2946.596685082873,2952.0,533334.0,9909.32044198895,9921.0,1793587.0,10167.265193370165,10287.0,1840275.0,2948.276243093923,2953.0,533638.0,8831.734806629835,8919.0,1598544.0,11981.906077348067,12343.0,2168725.0,11673.198895027625,12073.0,2112849.0,12522.093922651933,12876.0,2266499.0,4.51602023608769,0.9956155143338955,3.3460370994940978,3.469477234401349,0.9959527824620573,3.0080944350758854,4.162900505902193,4.071838111298482,4.342664418212479,0.22143390589992532,0.22046303211351756,0.7409260642270351,0.7682598954443615,0.220537714712472,0.6660941000746826,0.9218073188946976,0.9016430171769978,0.9616131441374159,196.32481203007518,3095.0,321.0,-110.206015037594,-1964.0,-434.0,0.2721804511278196,8.0,5.0,-0.002255639097744361,2.0,-1.0,-0.09924812030075189,-3.0,-5.0,0.0481203007518797,4.0,-3.0,0.20902255639097744,4.0,1.0,-0.4571428571428572,-11.0,-5.0,22.67593984962406,355.0,22.0,-14.322556390977445,-266.0,-66.0,-0.05037593984962406,0.0,6.0,-0.0368421052631579,2.0,3.0,19.86766917293233,313.0,47.0,-9.955639097744362,-186.0,-57.0,83.206015037594,1308.0,71.0,-49.40676691729323,-901.0,-206.0,70.83609022556392,1115.0,22.0,-49.03609022556391,-892.0,-190.0,65.6609022556391,1055.0,80.0,-40.46165413533835,-741.0,-165.0
D:\ENOSE\smart-coffee-v2-hardware\smart-coffee-v2-hardware\scripts\..\data\dark_20260810_163245.csv,dark,10.0,181,61,11792.895027624309,12165.0,2134514.0,2963.3977900552486,2966.0,536375.0,2953.414364640884,2957.0,534568.0,9842.149171270717,9887.0,1781429.0,9733.67955801105,9825.0,1761796.0,2956.502762430939,2961.0,535127.0,8497.690607734807,8659.0,1538082.0,11028.779005524862,11247.0,1996209.0,10647.624309392266,10835.0,1927220.0,11683.093922651933,11857.0,2114640.0,4.101483479433581,0.9969656102494943,3.3334457181389077,3.3125421443020904,0.9983142279163857,2.9194200944032365,3.791975724881996,3.653068105192178,3.99763991908294,0.24381422112618167,0.24307439375256884,0.8127414714344431,0.8076448828606658,0.243403205918619,0.7117961364570489,0.924537607891492,0.8906699547883272,0.974681463214139,121.23383458646617,2075.0,647.0,-78.52932330827069,-1342.0,-211.0,0.29097744360902256,3.0,0.0,-0.07443609022556391,0.0,0.0,-0.02105263157894737,0.0,3.0,0.10451127819548872,4.0,4.0,-0.49774436090225566,-9.0,0.0,-0.32180451127819554,-6.0,-1.0,13.269172932330829,219.0,50.0,-9.7203007518797,-171.0,-24.0,-0.07969924812030076,-3.0,2.0,0.03609022556390978,0.0,1.0,8.62857142857143,176.0,102.0,-7.9676691729323315,-145.0,-35.0,47.54812030075188,792.0,176.0,-33.63609022556391,-585.0,-90.0,44.86541353383459,689.0,53.0,-26.459398496240603,-455.0,-45.0,36.8421052631579,632.0,199.0,-24.71278195488722,-439.0,-73.0
F:\MBKM ADB ENOSE\smart-coffee-v2\scripts\..\data\dark_20260813_132219.csv,dark,1.0,180,60,17269.333333333332,17964.0,3108480.0,2983.516666666667,3001.0,537033.0,2964.6055555555554,2981.0,533629.0,9034.394444444444,9568.0,1626191.0,12506.177777777777,14148.0,2251112.0,2967.0555555555557,2981.0,534070.0,6688.833333333333,6795.0,1203990.0,18165.783333333333,18545.0,3269841.0,15899.988888888889,17202.0,2861998.0,14307.672222222222,15146.0,2575381.0,5.986004665111629,0.9933355548150616,3.1882705764745083,4.714428523825392,0.9933355548150616,2.2642452515828055,6.179606797734088,5.732089303565478,5.046984338553815,0.16705633489200625,0.16594299710532176,0.5326207971498552,0.7875751503006012,0.16594299710532176,0.3782565130260521,1.032342462703184,0.9575818303273214,0.8431307058561568,-11.329323308270679,-224.0,-59.0,-121.89473684210526,-2204.0,-16.0,0.03834586466165414,0.0,0.0,-0.43383458646616546,-5.0,1.0,-0.14887218045112782,-3.0,-3.0,-0.3157894736842105,-6.0,-6.0,17.841353383458646,339.0,77.0,3.244360902255639,63.0,13.0,-28.793984962406018,-545.0,-128.0,-6.557894736842106,-141.0,-14.0,-0.10751879699248121,-1.0,-1.0,0.007518796992481203,2.0,2.0,1.8962406015037596,37.0,6.0,-0.11729323308270678,-4.0,4.0,-6.3691729323308275,-125.0,-34.0,-27.071428571428573,-488.0,-7.0,-14.988721804511279,-283.0,-65.0,-52.89548872180451,-960.0,-43.0,-17.467669172932332,-337.0,-91.0,-30.086466165413533,-545.0,-4.0
F:\MBKM ADB ENOSE\smart-coffee-v2\scripts\..\data\dark_20260813_132219.csv,dark,2.0,181,61,16285.939226519336,17094.0,2947755.0,2957.342541436464,2962.0,535279.0,2939.8839779005525,2945.0,532119.0,9914.049723756905,10046.0,1794443.0,11377.939226519336,11643.0,2059407.0,2942.182320441989,2950.0,532535.0,6936.828729281768,7136.0,1255566.0,17636.696132596684,17770.0,3192242.0,13556.729281767955,14394.0,2453768.0,13792.314917127072,13901.0,2496409.0,5.771100607697502,0.9942606347062796,3.391627278865631,3.9307900067521944,0.9959486833220796,2.4091829844699526,5.99932478055368,4.859554355165429,4.693112761647535,0.1732771732771733,0.17228267228267227,0.5876915876915877,0.6811161811161811,0.17257517257517258,0.4174564174564175,1.0395460395460396,0.842049842049842,0.8132093132093132,381.73007518797,5427.0,-38.0,-161.14736842105265,-2843.0,-485.0,0.5533834586466166,10.0,3.0,-0.07969924812030076,0.0,2.0,0.06015037593984962,0.0,1.0,-0.008270676691729324,1.0,4.0,2.601503759398496,45.0,11.0,1.4082706766917295,27.0,6.0,35.9,458.0,-16.0,-13.543609022556392,-220.0,1.0,-0.12030075187969924,-4.0,-2.0,-0.11203007518796992,0.0,1.0,15.7,185.0,14.0,-1.706015037593985,-19.0,13.0,82.93609022556392,1175.0,-42.0,-37.05864661654135,-646.0,-95.0,170.03984962406017,2254.0,-100.0,-77.39022556390978,-1340.0,-191.0,96.74736842105264,1385.0,10.0,-40.51804511278196,-703.0,-105.0
F:\MBKM ADB ENOSE\smart-coffee-v2\scripts\..\data\dark_20260813_132219.csv,dark,3.0,180,61,14736.322222222223,15569.0,2652538.0,2940.4944444444445,2947.0,529289.0,2926.1055555555554,2934.0,526699.0,10076.444444444445,12220.0,1813760.0,11133.255555555555,11665.0,2003986.0,2929.0,2936.0,527220.0,6819.977777777778,7087.0,1227596.0,16859.883333333335,17130.0,3034779.0,12520.16111111111,13567.0,2253629.0,13444.83888888889,13953.0,2420071.0,5.282999660671869,0.995588734306074,4.146589752290465,3.9582626399728538,0.996267390566678,2.4048184594502886,5.812690872073295,4.603664743807261,4.734645402103834,0.1892864024664397,0.18845140985291284,0.7848930567152675,0.7492452951377738,0.1885798702549939,0.45519943477423086,1.1002633438242662,0.8714111375168604,0.8962039951185047,408.5729323308271,11296.0,6438.0,-147.63684210526316,-2430.0,-8.0,0.41353383458646614,12.0,4.0,-0.09924812030075189,-3.0,-3.0,-0.12706766917293236,-4.0,-4.0,-0.0443609022556391,1.0,2.0,118.33082706766918,7670.0,9764.0,0.7947368421052632,15.0,2.0,333.15413533834584,10070.0,8653.0,-15.62406015037594,-258.0,-8.0,0.5518796992481203,9.0,1.0,-0.1924812030075188,-2.0,2.0,318.4248120300752,6360.0,3041.0,-5.1037593984962415,-78.0,-3.0,159.20827067669174,4538.0,3059.0,-31.647368421052633,-522.0,-7.0,507.72481203007527,10920.0,5642.0,-70.22781954887219,-1159.0,-14.0,194.74962406015035,5522.0,4056.0,-36.32932330827068,-594.0,-9.0
F:\MBKM ADB ENOSE\smart-coffee-v2\scripts\..\data\dark_20260813_132219.csv,dark,4.0,180,61,14518.105555555556,14941.0,2613259.0,2930.711111111111,2936.0,527528.0,2916.4944444444445,2921.0,524969.0,10308.744444444445,10336.0,1855574.0,10878.08888888889,11052.0,1958056.0,2917.088888888889,2924.0,525076.0,6931.094444444445,7090.0,1247597.0,16550.12222222222,16620.0,2979022.0,12122.877777777778,12357.0,2182118.0,12959.694444444445,13037.0,2332745.0,5.088896457765667,0.9948910081743869,3.5204359673024523,3.7643051771117166,0.9959128065395095,2.414850136239782,5.660762942779291,4.208787465940055,4.4403950953678475,0.19650625794792853,0.19550230908239075,0.6917876982799009,0.7397095241282378,0.1957030988554983,0.4745331637775249,1.1123753430158625,0.8270530754300247,0.8725654240010708,223.5300751879699,3951.0,1312.0,-146.04135338345864,-2504.0,-378.0,0.2774436090225564,4.0,-1.0,-0.22180451127819548,-8.0,-5.0,-0.03007518796992481,-4.0,-4.0,0.10150375939849623,3.0,0.0,0.8142857142857144,15.0,4.0,0.40075187969924814,7.0,1.0,24.609774436090227,401.0,112.0,-10.101503759398497,-181.0,-15.0,0.015037593984962405,-2.0,1.0,-0.10827067669172932,-3.0,-3.0,5.1037593984962415,119.0,93.0,-1.1187969924812031,-21.0,6.0,50.537593984962406,805.0,130.0,-31.886466165413538,-539.0,-53.0,132.56766917293234,2083.0,353.0,-61.04661654135339,-1057.0,-125.0,49.371428571428574,877.0,264.0,-31.169172932330827,-520.0,-37.0
F:\MBKM ADB ENOSE\smart-coffee-v2\scripts\..\data\dark_20260813_132219.csv,dark,5.0,180,61,14555.58888888889,14959.0,2620006.0,2926.3888888888887,2930.0,526750.0,2911.3,2916.0,524034.0,10364.261111111111,10370.0,1865567.0,10749.022222222222,10915.0,1934824.0,2912.061111111111,2917.0,524171.0,6886.7,7050.0,1239606.0,16435.82222222222,16509.0,2958448.0,12151.35,12402.0,2187243.0,12839.216666666667,12905.0,2311059.0,5.105460750853243,0.995221843003413,3.539249146757679,3.7252559726962455,0.9955631399317406,2.4061433447098977,5.634470989761092,4.232764505119454,4.40443686006826,0.19586870780132362,0.19493281636473025,0.6932281569623638,0.7296610736011766,0.19499966575305835,0.47128818771308245,1.1036165519085501,0.8290661140450565,0.8626913563740892,256.8398496240602,4071.0,790.0,-141.28496240601504,-2323.0,-90.0,0.3939849624060151,8.0,1.0,-0.12631578947368421,-3.0,0.0,0.007518796992481203,0.0,3.0,0.007518796992481203,0.0,0.0,0.002255639097744361,0.0,1.0,0.035338345864661655,1.0,0.0,24.484210526315792,360.0,46.0,-15.545864661654134,-256.0,-7.0,-0.03383458646616541,0.0,-2.0,-0.09323308270676692,-3.0,-4.0,2.6413533834586467,42.0,38.0,-4.821804511278196,-78.0,-7.0,59.84887218045113,882.0,39.0,-34.63082706766918,-570.0,-14.0,138.68345864661654,2053.0,163.0,-67.87443609022557,-1118.0,-27.0,55.29022556390978,863.0,142.0,-35.33984962406015,-584.0,-33.0
F:\MBKM ADB ENOSE\smart-coffee-v2\scripts\..\data\dark_20260813_132219.csv,dark,6.0,180,61,15126.91111111111,16072.0,2722844.0,2923.65,2928.0,526257.0,2907.677777777778,2912.0,523382.0,10371.372222222222,10378.0,1866847.0,10833.238888888889,10899.0,1949983.0,2909.3055555555557,2914.0,523675.0,6925.733333333334,6989.0,1246632.0,16756.7,16957.0,3016206.0,12759.222222222223,13189.0,2296660.0,13106.68888888889,13255.0,2359204.0,5.4890710382513666,0.994535519125683,3.544398907103825,3.7223360655737703,0.9952185792349727,2.386953551912568,5.791325136612022,4.504439890710382,4.52698087431694,0.18218018914883027,0.18118466898954705,0.6457192633150821,0.6781358885017421,0.18130910900945743,0.4348556495769039,1.0550647088103533,0.8206197112991538,0.8247262319561971,342.0601503759398,5052.0,393.0,-118.49624060150376,-1950.0,-31.0,0.5661654135338345,5.0,-4.0,-0.19774436090225564,-3.0,-2.0,0.0,0.0,-1.0,-0.045864661654135344,-1.0,0.0,0.23533834586466165,3.0,1.0,0.17443609022556394,3.0,-1.0,41.32255639097745,603.0,53.0,-7.700751879699249,-130.0,-1.0,0.03609022556390978,-1.0,-6.0,-0.0037593984962406013,2.0,2.0,10.12857142857143,152.0,61.0,0.8909774436090225,14.0,4.0,102.0233082706767,1476.0,35.0,-26.68796992481203,-449.0,-11.0,211.28571428571428,3039.0,83.0,-50.095488721804514,-838.0,-17.0,91.6218045112782,1365.0,112.0,-23.172932330827066,-386.0,-4.0
F:\MBKM ADB ENOSE\smart-coffee-v2\scripts\..\data\dark_20260813_132219.csv,dark,7.0,180,61,13368.205555555556,13518.0,2406277.0,2917.661111111111,2921.0,525179.0,2903.661111111111,2908.0,522659.0,10398.372222222222,10408.0,1871707.0,10830.405555555555,10900.0,1949473.0,2903.788888888889,2907.0,522682.0,7073.444444444444,7118.0,1273220.0,15969.472222222223,16016.0,2874505.0,11848.672222222222,12007.0,2132761.0,12723.144444444444,12828.0,2290166.0,4.627867168777816,0.9955494693598083,3.563163300239644,3.731598767545361,0.9952071208490243,2.436836699760356,5.483053748716193,4.110578568983225,4.3916466963368705,0.2160822606894511,0.21512057996745082,0.7699363811214677,0.8063322976771712,0.21504660452729693,0.5265571830152389,1.1847906495043645,0.8882231099275041,0.9489569462938304,146.56917293233084,2245.0,294.0,-118.19624060150376,-2035.0,-379.0,0.3308270676691729,4.0,-3.0,-0.32706766917293234,-7.0,-4.0,0.015037593984962405,-2.0,-2.0,-0.04887218045112782,-2.0,0.0,0.31503759398496245,5.0,1.0,0.19022556390977444,3.0,0.0,12.687218045112783,194.0,34.0,-5.474436090225564,-81.0,-14.0,-0.031578947368421054,0.0,1.0,0.010526315789473686,0.0,-2.0,0.9646616541353384,27.0,33.0,3.8421052631578947,77.0,7.0,23.982706766917296,353.0,17.0,-21.834586466165412,-367.0,-52.0,66.49924812030075,984.0,63.0,-46.6187969924812,-778.0,-108.0,23.963157894736845,378.0,55.0,-15.738345864661657,-276.0,-40.0
F:\MBKM ADB ENOSE\smart-coffee-v2\scripts\..\data\dark_20260813_132219.csv,dark,8.0,181,61,13539.563535911602,13874.0,2450661.0,2912.1270718232045,2917.0,527095.0,2898.8342541436464,2904.0,524689.0,10418.917127071823,10426.0,1885824.0,10964.596685082874,11006.0,1984592.0,2897.8784530386743,2903.0,524516.0,7177.397790055249,7227.0,1299109.0,15918.337016574586,16040.0,2881219.0,12167.834254143647,12350.0,2202378.0,12895.762430939227,13003.0,2334133.0,4.756256427836819,0.9955433664724032,3.5742200891326705,3.773054508056222,0.9952005485087418,2.4775454233801852,5.498800137127185,4.233801851217004,4.4576619814878296,0.21024938734323195,0.2093123828744414,0.7514775839700158,0.7932823987314401,0.20924030560761137,0.5209024073807121,1.1561193599538706,0.8901542453510163,0.9372207005910336,173.36691729323312,3282.0,1439.0,-108.35263157894738,-1770.0,-4.0,0.17142857142857143,2.0,1.0,-0.2571428571428572,-9.0,-4.0,-0.09774436090225563,2.0,-2.0,0.01729323308270677,2.0,6.0,0.027819548872180452,0.0,2.0,0.16090225563909777,3.0,0.0,15.993984962406017,289.0,124.0,-7.815037593984963,-132.0,-1.0,-0.05864661654135339,-3.0,0.0,-0.031578947368421054,-1.0,-2.0,0.12556390977443607,35.0,70.0,-0.13082706766917296,-5.0,0.0,41.385714285714286,703.0,181.0,-21.250375939849626,-357.0,-1.0,96.88721804511279,1627.0,437.0,-44.96691729323309,-754.0,-7.0,34.1390977443609,631.0,231.0,-18.459398496240603,-311.0,-2.0
F:\MBKM ADB ENOSE\smart-coffee-v2\scripts\..\data\dark_20260813_132219.csv,dark,9.0,180,61,14643.738888888889,15844.0,2635873.0,2909.1666666666665,2913.0,523650.0,2893.766666666667,2898.0,520878.0,10419.627777777778,10437.0,1875533.0,11018.055555555555,11237.0,1983250.0,2892.4333333333334,2896.0,520638.0,7145.472222222223,7376.0,1286185.0,16405.094444444443,16533.0,2952917.0,12857.933333333332,13607.0,2314428.0,13204.494444444445,13400.0,2376809.0,5.4390662547202195,0.9948506694129763,3.582904222451081,3.8575351870923447,0.9941640920013731,2.5320974939924477,5.675592173017508,4.671129419842087,4.6000686577411605,0.18385508709921736,0.18290835647563747,0.6587351678868972,0.7092274678111588,0.1827821257258268,0.4655390053016915,1.0434864933097703,0.8588109063367836,0.845746023731381,374.9398496240602,5054.0,-37.0,-24.531578947368423,-696.0,-7.0,0.5142857142857143,6.0,1.0,-0.002255639097744361,0.0,4.0,-0.07969924812030076,-1.0,2.0,-0.039097744360902256,-3.0,-3.0,-0.0661654135338346,-5.0,-2.0,-0.1774436090225564,-3.0,0.0,40.84436090225564,509.0,-23.0,-1.881203007518797,-54.0,-3.0,-0.027819548872180452,4.0,5.0,0.03233082706766917,-1.0,-1.0,7.506766917293234,61.0,-14.0,-0.15413533834586465,-7.0,-1.0,109.78195488721805,1462.0,-38.0,-5.134586466165414,-160.0,-1.0,215.75488721804513,2823.0,-61.0,-10.759398496240602,-297.0,-1.0,88.61278195488721,1185.0,-32.0,-5.296992481203008,-165.0,-6.0
F:\MBKM ADB ENOSE\smart-coffee-v2\scripts\..\data\dark_20260813_132219.csv,dark,10.0,180,61,12938.005555555555,13417.0,2328841.0,2906.311111111111,2910.0,523136.0,2893.711111111111,2897.0,520868.0,10383.283333333333,10408.0,1868991.0,10601.038888888888,10809.0,1908187.0,2892.6,2896.0,520668.0,7002.688888888889,7168.0,1260484.0,15578.794444444444,15786.0,2804183.0,11443.361111111111,11882.0,2059805.0,12391.783333333333,12627.0,2230521.0,4.610652920962199,0.99553264604811,3.5766323024054985,3.7144329896907218,0.9951890034364261,2.4632302405498283,5.424742268041237,4.083161512027491,4.3391752577319584,0.2168890213907729,0.21592010136394127,0.7757322799433555,0.8056197361556234,0.21584556905418498,0.5342475963330103,1.1765670418126257,0.8855929045241112,0.9411194752925394,119.44360902255639,1854.0,425.0,-89.51654135338346,-1469.0,-4.0,0.28270676691729324,3.0,-2.0,-0.23082706766917296,-4.0,-2.0,-0.07518796992481203,-1.0,1.0,-0.049624060150375945,1.0,1.0,-0.0849624060150376,-1.0,1.0,-0.21804511278195488,-4.0,-1.0,10.001503759398497,143.0,41.0,-8.635338345864662,-147.0,-4.0,-0.014285714285714287,0.0,1.0,0.013533834586466165,2.0,3.0,-1.2518796992481203,-9.0,42.0,-2.3669172932330826,-40.0,-2.0,20.56766917293233,278.0,20.0,-19.827067669172934,-335.0,-5.0,57.11428571428572,799.0,78.0,-37.3609022556391,-634.0,-7.0,16.95639097744361,261.0,83.0,-17.506766917293234,-296.0,-6.0
F:\MBKM ADB ENOSE\smart-coffee-v2\scripts\..\data\dark_20260813_165451.csv,dark,1.0,180,60,15715.16111111111,16146.0,2828729.0,2907.438888888889,2912.0,523339.0,2891.8611111111113,2895.0,520535.0,7424.216666666666,7480.0,1336359.0,10715.483333333334,10877.0,1928787.0,2891.472222222222,2894.0,520465.0,7219.611111111111,7365.0,1299530.0,17271.411111111112,17439.0,3108854.0,13053.477777777778,13444.0,2349626.0,14053.3,14308.0,2529594.0,5.544642857142857,0.9941620879120879,2.568681318681319,3.7352335164835164,0.9938186813186813,2.5291895604395602,5.988667582417582,4.616758241758242,4.913461538461538,0.18035426731078905,0.17930137495354886,0.4632726371856807,0.6736653041000867,0.17923944010900533,0.45615013006317356,1.0800817539947976,0.8326520500433544,0.8861637557289731,-0.7451127819548873,-17.0,-7.0,-171.76917293233086,-2854.0,-210.0,0.14962406015037596,-1.0,1.0,-0.1699248120300752,0.0,2.0,0.09699248120300752,1.0,1.0,-0.07819548872180451,-2.0,-2.0,-0.5172932330827067,-11.0,-3.0,-0.06842105263157894,-2.0,-1.0,-0.5075187969924813,-19.0,-7.0,-26.298496240601505,-419.0,2.0,0.010526315789473686,2.0,-1.0,0.02631578947368421,-1.0,0.0,-0.449624060150376,-15.0,-4.0,-11.800751879699249,-207.0,-47.0,-1.130075187969925,-25.0,-7.0,-51.891729323308276,-846.0,-66.0,-0.3962406015037594,-18.0,-9.0,-93.98496240601504,-1495.0,1.0,-1.0639097744360901,-29.0,-9.0,-46.946616541353386,-787.0,-98.0
F:\MBKM ADB ENOSE\smart-coffee-v2\scripts\..\data\dark_20260813_165451.csv,dark,2.0,181,61,16757.088397790056,17042.0,3033033.0,2910.209944751381,2915.0,526748.0,2892.839779005525,2895.0,523604.0,7353.03314917127,7378.0,1330899.0,11342.78453038674,11495.0,2053044.0,2892.7734806629833,2897.0,523592.0,7520.403314917127,7578.0,1361193.0,17891.24309392265,18075.0,3238315.0,14595.546961325967,14973.0,2641794.0,14878.430939226519,15074.0,2692996.0,5.84631217838765,0.9931389365351629,2.5310463121783875,3.943396226415094,0.9938250428816466,2.5996569468267583,6.200686106346484,5.136535162950257,5.171183533447684,0.17104799906114307,0.16987442788405116,0.43293040722919846,0.6745100340335641,0.16999178500176035,0.4446661190001174,1.0606149512967962,0.8785940617298439,0.884520596174158,323.772932330827,4852.0,118.0,-142.5406015037594,-2437.0,-221.0,0.44586466165413535,6.0,0.0,-0.33458646616541354,-7.0,-1.0,-0.02030075187969925,-1.0,1.0,-0.02631578947368421,-1.0,-4.0,-0.2729323308270677,-5.0,0.0,0.4503759398496241,7.0,0.0,54.78045112781955,814.0,-8.0,-24.463909774436093,-413.0,-8.0,-0.027819548872180452,-1.0,-2.0,-0.11203007518796992,-2.0,-2.0,20.835338345864663,297.0,1.0,-8.503007518796993,-149.0,-23.0,107.80902255639099,1592.0,-33.0,-46.56015037593985,-790.0,-71.0,209.49849624060153,3107.0,-36.0,-82.47819548872181,-1398.0,-81.0,94.75263157894737,1438.0,27.0,-44.69849624060151,-762.0,-79.0
F:\MBKM ADB ENOSE\smart-coffee-v2\scripts\..\data\dark_20260813_165451.csv,dark,3.0,181,61,16938.955801104974,17362.0,3065951.0,2907.2872928176794,2912.0,526219.0,2888.767955801105,2894.0,522867.0,7373.436464088398,7381.0,1334592.0,11652.425414364641,11768.0,2109089.0,2892.0441988950274,2896.0,523460.0,7695.729281767955,7847.0,1392927.0,18105.17127071823,18262.0,3277036.0,15065.508287292818,15363.0,2726857.0,15221.093922651933,15391.0,2755018.0,5.962225274725275,0.9938186813186813,2.534684065934066,4.041208791208791,0.9945054945054945,2.6947115384615383,6.271291208791209,5.2757554945054945,5.2853708791208796,0.16772261260223476,0.166685865683677,0.4251238336597166,0.6778020965326575,0.16680105978573898,0.45196405944015666,1.0518373459278885,0.8848634949890566,0.8864762124179242,345.909022556391,4821.0,-78.0,-133.6248120300752,-2261.0,-75.0,0.449624060150376,9.0,3.0,-0.23458646616541357,-4.0,2.0,-0.03458646616541354,1.0,1.0,0.007518796992481203,2.0,-2.0,0.47443609022556393,7.0,3.0,0.6879699248120301,11.0,-1.0,60.181203007518796,873.0,-3.0,-23.638345864661655,-413.0,-7.0,0.3105263157894737,6.0,1.0,0.030827067669172935,-1.0,-1.0,28.115037593984965,349.0,9.0,-9.462406015037594,-166.0,-11.0,112.9172932330827,1614.0,-43.0,-44.70902255639098,-750.0,-23.0,207.0766917293233,3008.0,-58.0,-78.5406015037594,-1335.0,-28.0,104.39924812030075,1493.0,-26.0,-44.34887218045113,-754.0,-42.0
F:\MBKM ADB ENOSE\smart-coffee-v2\scripts\..\data\dark_20260813_165451.csv,dark,4.0,180,61,15853.483333333334,17223.0,2853627.0,2899.911111111111,2908.0,521984.0,2884.0777777777776,2890.0,519134.0,7432.027777777777,7441.0,1337765.0,11305.705555555556,11671.0,2035027.0,2890.2444444444445,2894.0,520244.0,7592.133333333333,7877.0,1366584.0,17467.844444444443,18047.0,3144212.0,13953.638888888889,15081.0,2511655.0,14619.155555555555,15171.0,2631448.0,5.922627235213205,0.9938101788170564,2.558803301237964,4.013411279229711,0.9951856946354883,2.7087345254470425,6.205983493810179,5.186038514442916,5.216987620357634,0.16884398769087847,0.1677988735992568,0.43203855309760203,0.6776403646286941,0.16803112117517274,0.457353538872438,1.0478430006386807,0.8756314230970215,0.8808569935551298,204.509022556391,3816.0,2170.0,-134.2390977443609,-2309.0,-323.0,0.39699248120300756,4.0,-2.0,-0.21203007518796996,-3.0,3.0,-0.10075187969924812,-1.0,1.0,-0.059398496240601506,-4.0,-2.0,0.18796992481203006,6.0,4.0,0.08195488721804511,1.0,0.0,45.219548872180454,726.0,239.0,-20.990225563909778,-360.0,-43.0,-0.06390977443609022,4.0,2.0,0.02706766917293233,-2.0,-2.0,9.125563909774437,227.0,240.0,-7.48421052631579,-134.0,-38.0,73.08345864661655,1172.0,398.0,-38.47744360902256,-666.0,-100.0,154.37067669172936,2418.0,701.0,-75.40075187969926,-1292.0,-148.0,63.220300751879705,1107.0,530.0,-35.03533834586466,-616.0,-111.0
F:\MBKM ADB ENOSE\smart-coffee-v2\scripts\..\data\dark_20260813_165451.csv,dark,5.0,180,61,18079.983333333334,18664.0,3254397.0,2903.738888888889,2910.0,522673.0,2883.511111111111,2888.0,519032.0,7385.616666666667,7443.0,1329411.0,12151.5,12399.0,2187270.0,2892.016666666667,2895.0,520563.0,7830.827777777778,8143.0,1409549.0,18905.172222222223,19198.0,3402931.0,16256.655555555555,16816.0,2926198.0,15933.41111111111,16339.0,2868014.0,6.413745704467354,0.9924398625429554,2.5577319587628864,4.260824742268041,0.9948453608247423,2.7982817869415806,6.597250859106529,5.778694158075601,5.614776632302405,0.15591513073296184,0.15473639091298758,0.3987891127303901,0.6643270467209601,0.1551114444920703,0.43629447063866267,1.0286112301757393,0.9009858551221603,0.8754286326618088,433.6578947368421,6535.0,419.0,-119.79624060150377,-2143.0,-328.0,0.6661654135338346,7.0,0.0,-0.17218045112781957,0.0,-2.0,-0.10601503759398498,-4.0,-5.0,0.0736842105263158,2.0,0.0,0.039097744360902256,-2.0,1.0,-0.181203007518797,-3.0,-1.0,112.64060150375943,1729.0,80.0,-40.20902255639098,-694.0,-68.0,0.4105263157894737,7.0,0.0,-0.16466165413533837,-3.0,2.0,52.69097744360903,770.0,99.0,-17.215037593984963,-322.0,-96.0,204.0669172932331,3015.0,76.0,-49.811278195488725,-891.0,-155.0,360.9526315789474,5325.0,112.0,-94.08947368421053,-1655.0,-216.0,188.16090225563912,2869.0,149.0,-59.73157894736842,-1078.0,-211.0
F:\MBKM ADB ENOSE\smart-coffee-v2\scripts\..\data\dark_20260813_165451.csv,dark,6.0,180,61,14863.888888888889,15676.0,2675500.0,2902.95,2909.0,522531.0,2887.6277777777777,2895.0,519773.0,7300.894444444444,7329.0,1314161.0,10739.461111111112,11015.0,1933103.0,2891.15,2894.0,520407.0,7272.116666666667,7454.0,1308981.0,17001.183333333334,17431.0,3060213.0,12641.83888888889,13499.0,2275531.0,13792.41111111111,14173.0,2482634.0,5.388793399793744,0.9951873496046751,2.519422481952561,3.7865245788930904,0.994843588862152,2.5623925747679617,5.992093502921966,4.6404262633207285,4.872121003781368,0.18557029854554732,0.18467721357489156,0.4675299821383006,0.7026664965552437,0.1846134217912733,0.47550395509058435,1.1119545802500639,0.8611252870630263,0.9041209492217402,134.93082706766916,1766.0,-107.0,-101.75563909774436,-1682.0,-87.0,0.26015037593984963,3.0,0.0,-0.11729323308270678,0.0,2.0,-0.01804511278195489,4.0,4.0,-0.20451127819548875,0.0,1.0,0.16691729323308274,0.0,0.0,-0.28270676691729324,-7.0,-2.0,21.606766917293236,273.0,-38.0,-14.31203007518797,-249.0,-4.0,0.014285714285714287,0.0,0.0,0.015037593984962405,2.0,0.0,12.96466165413534,140.0,-19.0,-5.613533834586466,-106.0,-6.0,28.335338345864663,327.0,-69.0,-28.182706766917295,-477.0,-20.0,62.548120300751876,798.0,-122.0,-53.72781954887218,-905.0,-21.0,33.178195488721805,381.0,-68.0,-24.413533834586467,-424.0,-29.0
F:\MBKM ADB ENOSE\smart-coffee-v2\scripts\..\data\dark_20260813_165451.csv,dark,7.0,180,61,15238.266666666666,15430.0,2742888.0,2905.588888888889,2910.0,523006.0,2891.238888888889,2896.0,520423.0,7243.705555555555,7250.0,1303867.0,10903.433333333332,11021.0,1962618.0,2890.938888888889,2894.0,520369.0,7383.944444444444,7448.0,1329110.0,16954.633333333335,17078.0,3051834.0,12974.038888888888,13295.0,2335327.0,13999.233333333334,14169.0,2519862.0,5.302405498281787,0.9951890034364261,2.491408934707904,3.7872852233676975,0.9945017182130584,2.5594501718213056,5.868728522336769,4.5687285223367695,4.869072164948453,0.18859364873622814,0.18768632534024626,0.4698639014906027,0.7142579390797148,0.18755670771224886,0.48269604666234606,1.106804925469864,0.8616331821127673,0.9182760855476345,217.5654135338346,3250.0,198.0,-115.04436090225562,-1911.0,-44.0,0.4278195488721805,7.0,2.0,-0.09473684210526317,-3.0,-4.0,-0.0661654135338346,-3.0,4.0,-0.0030075187969924814,0.0,4.0,0.09849624060150378,1.0,0.0,0.34436090225563915,6.0,1.0,38.3406015037594,573.0,27.0,-14.569924812030077,-239.0,5.0,0.05864661654135339,0.0,0.0,0.009022556390977444,-2.0,-1.0,16.799248120300753,251.0,37.0,-5.102255639097745,-77.0,2.0,64.84210526315789,950.0,10.0,-31.956390977443608,-527.0,-5.0,136.0481203007519,2010.0,25.0,-58.13834586466166,-965.0,-2.0,57.63007518796993,887.0,85.0,-27.160902255639098,-445.0,-11.0
F:\MBKM ADB ENOSE\smart-coffee-v2\scripts\..\data\dark_20260813_165451.csv,dark,8.0,180,61,15954.566666666668,16722.0,2871822.0,2904.072222222222,2911.0,522733.0,2887.838888888889,2895.0,519811.0,7285.355555555556,7301.0,1311364.0,11308.744444444445,11399.0,2035574.0,2892.5777777777776,2896.0,520664.0,7589.905555555555,7704.0,1366183.0,17398.644444444446,17575.0,3131756.0,14028.05,14339.0,2525049.0,14564.583333333334,14717.0,2621625.0,5.744417725867399,0.9945036070079011,2.5080728272071453,3.9158364823084852,0.9948471315699072,2.6465132256956374,6.037444177258674,4.925798694606664,5.0556509790450015,0.1740820476019615,0.17312522425547183,0.4366104532950604,0.6816768329147231,0.17318502571462743,0.4607104413347686,1.0510106446597296,0.8574931228321971,0.8800980743930152,303.7766917293233,4628.0,-57.0,-132.93383458646616,-2262.0,-229.0,0.5015037593984962,9.0,-1.0,-0.02706766917293233,1.0,4.0,-0.24511278195488723,-4.0,1.0,-0.018796992481203006,0.0,-2.0,0.34511278195488726,5.0,1.0,0.4578947368421053,8.0,0.0,45.534586466165415,755.0,-13.0,-19.438345864661656,-325.0,-24.0,0.006015037593984963,0.0,-1.0,-0.06165413533834587,-2.0,-3.0,24.809774436090226,364.0,-3.0,-6.437593984962406,-106.0,-26.0,90.58721804511279,1501.0,-36.0,-38.78421052631579,-658.0,-69.0,162.9684210526316,2756.0,-57.0,-70.96691729323308,-1198.0,-91.0,81.43082706766918,1307.0,-23.0,-34.164661654135344,-586.0,-82.0
F:\MBKM ADB ENOSE\smart-coffee-v2\scripts\..\data\dark_20260813_165451.csv,dark,9.0,181,61,15678.950276243095,16034.0,2837890.0,2899.060773480663,2904.0,524730.0,2883.519337016575,2890.0,521917.0,7356.668508287293,7382.0,1331557.0,11320.707182320442,11420.0,2049048.0,2892.3259668508285,2895.0,523511.0,7636.46408839779,7663.0,1382200.0,17246.08287292818,17438.0,3121541.0,13903.370165745857,14232.0,2516510.0,14508.403314917126,14676.0,2626021.0,5.521349862258953,0.9951790633608816,2.5420110192837466,3.9325068870523414,0.996900826446281,2.6387741046831956,6.004820936639119,4.900826446280992,5.053719008264463,0.18111513034801047,0.18024198578021705,0.46039665710365474,0.7122364974429337,0.18055382312585755,0.47792191592865163,1.0875639266558563,0.8876138206311588,0.9153049769240365,205.5639097744361,3287.0,248.0,-121.26616541353384,-2028.0,-65.0,0.18345864661654138,2.0,0.0,-0.21879699248120302,1.0,2.0,-0.035338345864661655,-2.0,-2.0,-0.0007518796992481203,0.0,0.0,0.4796992481203008,9.0,3.0,0.37218045112781956,7.0,1.0,25.85789473684211,422.0,25.0,-18.365413533834587,-320.0,-16.0,0.07218045112781955,-2.0,-1.0,-0.2721804511278196,-7.0,-3.0,9.642857142857142,156.0,33.0,-7.248872180451128,-128.0,-19.0,49.863909774436095,806.0,15.0,-35.371428571428574,-594.0,-19.0,100.61804511278196,1630.0,27.0,-65.12781954887218,-1104.0,-30.0,43.09172932330828,711.0,47.0,-32.61127819548872,-555.0,-40.0
F:\MBKM ADB ENOSE\smart-coffee-v2\scripts\..\data\dark_20260813_165451.csv,dark,10.0,181,61,14744.381215469613,15259.0,2668733.0,2896.425414364641,2902.0,524253.0,2882.795580110497,2886.0,521786.0,7393.53591160221,7402.0,1338230.0,10921.961325966851,11054.0,1976875.0,2887.243093922652,2892.0,522591.0,7448.596685082873,7582.0,1348196.0,16683.795580110498,16796.0,3019767.0,12911.331491712706,13168.0,2336951.0,13911.613259668507,14059.0,2518002.0,5.2580978635423845,0.994486560992419,2.55065472088215,3.809097174362509,0.9965541006202618,2.612680909717436,5.787732598208132,4.537560303239146,4.8445899379738115,0.19018284291237958,0.1891342814076938,0.48509076610524937,0.7244249295497739,0.18952749197195098,0.49688708303296414,1.1007274395438758,0.8629661183563798,0.921357887148568,189.07593984962406,3022.0,41.0,-105.86842105263158,-1754.0,-29.0,0.24436090225563908,5.0,2.0,-0.08045112781954888,-2.0,-2.0,0.12556390977443607,3.0,0.0,-0.0007518796992481203,0.0,-3.0,0.23684210526315788,4.0,1.0,-0.16842105263157897,-3.0,-1.0,24.583458646616545,397.0,-13.0,-16.4609022556391,-274.0,-7.0,-0.004511278195488722,0.0,0.0,-0.03007518796992481,0.0,0.0,11.575187969924812,190.0,-3.0,-7.436842105263158,-117.0,-5.0,45.1187969924812,734.0,-32.0,-30.258646616541355,-502.0,-8.0,89.9045112781955,1445.0,-52.0,-56.25112781954888,-940.0,-13.0,40.471428571428575,667.0,-7.0,-27.309022556390982,-456.0,-17.0
F:\MBKM ADB ENOSE\smart-coffee-v2\scripts\..\data\light_20260813_115343.csv,light,1.0,180,61,14698.794444444444,17976.0,2645783.0,2953.572222222222,2961.0,531643.0,2938.711111111111,2943.0,528968.0,9082.761111111111,19453.0,1634897.0,13036.555555555555,16723.0,2346580.0,2939.983333333333,2948.0,529197.0,6224.0888888888885,12721.0,1120336.0,16424.205555555556,19092.0,2956357.0,14533.744444444445,18414.0,2616074.0,11985.894444444444,16920.0,2157461.0,6.070921985815603,0.993920972644377,6.569739952718676,5.6477541371158395,0.9956095913542722,4.296183721715637,6.447821681864235,6.218844984802431,5.714285714285714,0.1647196261682243,0.16371829105473965,1.0821651090342679,0.9302959501557633,0.16399643969737426,0.7076657765910103,1.0620827770360481,1.024365821094793,0.9412550066755674,12.113533834586468,842.0,2.0,-207.818045112782,-3419.0,-197.0,0.0661654135338346,-3.0,-3.0,-0.38571428571428573,-5.0,1.0,0.09398496240601503,-1.0,0.0,-0.02706766917293233,0.0,3.0,-20.63157894736842,-1448.0,3.0,3.4473684210526314,66.0,15.0,-19.887218045112782,-1399.0,5.0,-15.218796992481204,-265.0,-33.0,-0.05413533834586466,-3.0,0.0,-0.08571428571428572,-1.0,-1.0,-52.64962406015038,-1941.0,5.0,-6.597744360902255,-100.0,-11.0,-19.98796992481203,-133.0,5.0,-25.663157894736845,-423.0,-26.0,-50.569924812030074,-1850.0,6.0,-46.067669172932334,-760.0,-57.0,-47.93458646616541,-1677.0,6.0,-44.357142857142854,-739.0,-78.0
F:\MBKM ADB ENOSE\smart-coffee-v2\scripts\..\data\light_20260813_115343.csv,light,2.0,181,61,14673.364640883978,15275.0,2655879.0,2947.016574585635,2955.0,533410.0,2932.022099447514,2939.0,530696.0,10656.303867403314,10729.0,1928791.0,13030.497237569061,13286.0,2358520.0,2933.966850828729,2939.0,531048.0,6951.508287292818,7032.0,1258223.0,17588.08287292818,17740.0,3183443.0,14623.370165745857,15075.0,2646830.0,12326.408839779006,12464.0,2231080.0,5.169204737732657,0.994585448392555,3.6307952622673434,4.496108291032149,0.994585448392555,2.379695431472081,6.0033840947546535,5.101522842639594,4.217935702199662,0.19345335515548281,0.19240589198036007,0.7023895253682487,0.8697872340425532,0.19240589198036007,0.4603600654664484,1.1613747954173486,0.9869067103109657,0.8159738134206219,289.8969924812031,4610.0,773.0,-171.32406015037594,-2799.0,-44.0,0.35187969924812035,2.0,-2.0,-0.23007518796992482,-6.0,2.0,-0.1105263157894737,0.0,4.0,0.0015037593984962407,1.0,0.0,1.8601503759398497,35.0,9.0,0.6278195488721805,12.0,1.0,10.382706766917295,145.0,9.0,-11.96466165413534,-195.0,-10.0,0.04661654135338346,3.0,0.0,-0.24962406015037597,-5.0,-1.0,11.231578947368423,186.0,59.0,-5.574436090225564,-79.0,5.0,29.854887218045114,445.0,16.0,-25.927067669172935,-422.0,-10.0,53.96766917293234,791.0,50.0,-47.4406015037594,-761.0,-17.0,57.93458646616541,919.0,127.0,-36.74812030075188,-598.0,-12.0
F:\MBKM ADB ENOSE\smart-coffee-v2\scripts\..\data\light_20260813_115343.csv,light,3.0,180,61,15521.733333333334,16367.0,2793912.0,2934.472222222222,2942.0,528205.0,2918.766666666667,2926.0,525378.0,10790.361111111111,10814.0,1942265.0,12725.238888888889,12877.0,2290543.0,2920.7444444444445,2927.0,525734.0,7166.7555555555555,7235.0,1290016.0,17578.933333333334,17765.0,3164208.0,14494.616666666667,14955.0,2609031.0,12949.583333333334,13132.0,2330925.0,5.563222297756628,0.9945615227736234,3.6757307953772944,4.376954452753229,0.9949014276002719,2.4592114208021756,6.038409245411285,5.083276682528892,4.463630183548607,0.17975193987902488,0.17877436304759578,0.6607197409421397,0.7867660536445287,0.1788354615995601,0.44204802346184396,1.0854157756461171,0.9137288446263824,0.8023461843954298,338.309022556391,5347.0,577.0,-133.49924812030076,-2244.0,-13.0,0.4503759398496241,4.0,-2.0,-0.13458646616541356,-2.0,1.0,-0.03984962406015038,-4.0,-3.0,-0.005263157894736843,2.0,2.0,0.38571428571428573,7.0,2.0,0.2210526315789474,4.0,0.0,22.660902255639098,342.0,-4.0,-13.909022556390978,-240.0,-11.0,0.006766917293233083,2.0,0.0,0.025563909774436094,-4.0,-4.0,13.753383458646617,224.0,31.0,-8.569172932330828,-134.0,-2.0,60.3812030075188,926.0,4.0,-28.69924812030075,-480.0,-10.0,108.56917293233083,1638.0,33.0,-52.62481203007519,-883.0,-19.0,86.6233082706767,1384.0,102.0,-39.83007518796993,-659.0,-12.0
F:\MBKM ADB ENOSE\smart-coffee-v2\scripts\..\data\light_20260813_115343.csv,light,4.0,180,61,15031.333333333334,15856.0,2705640.0,2925.9944444444445,2931.0,526679.0,2910.427777777778,2916.0,523877.0,10820.322222222223,10826.0,1947658.0,12235.877777777778,12411.0,2202458.0,2912.133333333333,2917.0,524184.0,7050.022222222222,7167.0,1269004.0,17235.088888888888,17432.0,3102316.0,13777.85,14237.0,2480013.0,12673.3,12924.0,2281194.0,5.409757761856022,0.9948822927328557,3.6936199249402932,4.23439099283521,0.995223473217332,2.445240532241556,5.947458205390651,4.857386557488912,4.409416581371546,0.18485116044399597,0.18390514631685168,0.6827699293642785,0.7827320887991928,0.18396821392532794,0.4520055499495459,1.0993945509586276,0.8978935418768921,0.8150857719475277,130.8609022556391,3083.0,-65.0,-58.452631578947376,-1293.0,-11.0,0.20451127819548875,6.0,-2.0,-0.13007518796992482,-2.0,0.0,0.06315789473684211,-4.0,-2.0,0.11203007518796992,2.0,2.0,0.10300751879699249,2.0,1.0,-0.06541353383458648,-2.0,-1.0,6.093984962406015,178.0,-20.0,-5.591729323308271,-127.0,-5.0,-0.045864661654135344,-2.0,1.0,-0.012030075187969926,1.0,-3.0,8.77218045112782,188.0,-3.0,-4.497744360902256,-90.0,0.0,13.241353383458648,401.0,-34.0,-14.373684210526315,-318.0,-6.0,29.619548872180452,852.0,-46.0,-23.470676691729327,-536.0,-10.0,27.054887218045113,646.0,-35.0,-19.885714285714286,-414.0,-3.0
F:\MBKM ADB ENOSE\smart-coffee-v2\scripts\..\data\light_20260813_115343.csv,light,5.0,180,61,13342.211111111112,14034.0,2401598.0,2920.9777777777776,2925.0,525776.0,2907.1722222222224,2911.0,523291.0,10800.127777777778,10810.0,1944023.0,11679.816666666668,11846.0,2102367.0,2908.8722222222223,2913.0,523597.0,6884.372222222222,7004.0,1239187.0,16429.827777777777,16623.0,2957369.0,12535.988888888889,12898.0,2256478.0,11871.944444444445,12085.0,2136950.0,4.797948717948718,0.9952136752136752,3.695726495726496,4.04991452991453,0.9958974358974358,2.3945299145299144,5.683076923076923,4.40957264957265,4.131623931623932,0.20842240273621207,0.20742482542397037,0.7702721960951974,0.844092917201083,0.2075673364685763,0.49907367821006127,1.1844805472424114,0.9190537266638165,0.8611229870314949,140.68045112781954,2433.0,-71.0,-98.57368421052632,-1627.0,-17.0,0.39323308270676693,5.0,3.0,-0.24586466165413537,-5.0,-2.0,-0.05864661654135339,0.0,-1.0,-0.05639097744360902,-3.0,-2.0,-0.10225563909774438,-2.0,1.0,-0.08721804511278197,-1.0,-1.0,11.341353383458648,202.0,-11.0,-3.4781954887218047,-74.0,-8.0,0.02631578947368421,1.0,-2.0,0.0368421052631579,4.0,-1.0,10.208270676691729,172.0,-1.0,0.7037593984962407,-3.0,-6.0,18.951879699248124,341.0,-35.0,-17.799248120300753,-312.0,-11.0,41.758646616541355,768.0,-41.0,-29.322556390977443,-511.0,-13.0,30.171428571428574,532.0,-31.0,-16.21278195488722,-283.0,-11.0
F:\MBKM ADB ENOSE\smart-coffee-v2\scripts\..\data\light_20260813_115343.csv,light,6.0,181,61,12347.160220994476,14867.0,2234836.0,2916.7845303867402,2924.0,527938.0,2905.1878453038676,2908.0,525839.0,10758.149171270717,10777.0,1947225.0,11331.243093922652,11662.0,2050955.0,2905.8508287292816,2910.0,525959.0,6799.674033149171,7005.0,1230741.0,15815.569060773481,16545.0,2862618.0,11848.24861878453,13076.0,2144533.0,11416.436464088398,12112.0,2066375.0,5.084473324213406,0.9945280437756497,3.685704514363885,3.988372093023256,0.9952120383036935,2.3956908344733243,5.658344733242134,4.471956224350206,4.142270861833105,0.19667720454698326,0.1956009954933746,0.7248940606712854,0.7844218739490146,0.19573552162507568,0.47117777628304297,1.1128674244972085,0.8795318490616802,0.8146902535817583,290.2609022556391,3599.0,-30.0,-123.16315789473687,-2004.0,-138.0,0.41203007518796997,7.0,1.0,-0.343609022556391,-6.0,-2.0,-0.02631578947368421,-1.0,-2.0,-0.08796992481203009,2.0,3.0,-0.2503759398496241,-5.0,-1.0,0.030827067669172935,1.0,1.0,31.40751879699248,401.0,-12.0,-7.359398496240602,-112.0,4.0,0.07293233082706768,-2.0,-2.0,0.06015037593984962,2.0,1.0,15.400000000000002,184.0,-1.0,-2.090977443609023,-29.0,-5.0,72.54436090225563,881.0,-26.0,-24.42105263157895,-393.0,-8.0,133.18646616541352,1662.0,-29.0,-41.87744360902256,-669.0,-7.0,74.33984962406015,925.0,-20.0,-21.299248120300753,-336.0,-19.0
F:\MBKM ADB ENOSE\smart-coffee-v2\scripts\..\data\light_20260813_115343.csv,light,7.0,181,61,14355.193370165745,15788.0,2598290.0,2917.1491712707184,2922.0,528004.0,2902.022099447514,2907.0,525266.0,10737.53591160221,10749.0,1943494.0,11757.917127071823,11880.0,2128183.0,2902.696132596685,2906.0,525388.0,7056.994475138122,7176.0,1277316.0,16545.298342541435,16889.0,2994699.0,13238.685082872928,13942.0,2396202.0,12459.082872928177,12824.0,2255094.0,5.403148528405202,0.9948665297741273,3.6786447638603694,4.0657084188911705,0.9945242984257358,2.455852156057495,5.779945242984257,4.771389459274469,4.388774811772758,0.18507727387889536,0.18412718520395238,0.68083354446415,0.7524702305548517,0.18406384595895617,0.45452242209272864,1.0697365087408157,0.8830757537370154,0.8122624778312643,347.22631578947374,5111.0,833.0,-138.48721804511277,-2313.0,-61.0,0.5090225563909775,6.0,-1.0,-0.1699248120300752,-3.0,-3.0,-0.11278195488721804,-3.0,0.0,-0.030827067669172935,1.0,3.0,-0.20075187969924815,-4.0,0.0,0.018796992481203006,1.0,0.0,35.45263157894737,514.0,28.0,-8.762406015037595,-152.0,1.0,-0.0330827067669173,1.0,1.0,-0.11127819548872181,-4.0,-2.0,12.336842105263159,156.0,30.0,-1.8127819548872182,-30.0,-1.0,108.15338345864663,1527.0,92.0,-34.30526315789474,-572.0,-13.0,177.5105263157895,2517.0,156.0,-54.623308270676695,-918.0,-15.0,97.61278195488721,1402.0,145.0,-31.88045112781955,-537.0,-14.0
F:\MBKM ADB ENOSE\smart-coffee-v2\scripts\..\data\light_20260813_115343.csv,light,8.0,180,61,1909.5833333333333,2011.0,343725.0,2873.2833333333333,2894.0,517191.0,2879.9444444444443,2898.0,518390.0,1922.05,2016.0,345969.0,1911.9666666666667,2006.0,344154.0,2873.8444444444444,2884.0,517292.0,1915.8666666666666,2015.0,344856.0,1899.9444444444443,1999.0,341990.0,1888.9888888888888,1988.0,340018.0,1892.2444444444445,1992.0,340604.0,0.6948859709744298,1.0013821700069108,0.6966136834830684,0.6931582584657913,0.9965445749827229,0.6962681409813407,0.6907394609536973,0.6869384934346925,0.6883206634416034,1.4390850323222277,1.441074092491298,1.0024863252113376,0.9975136747886624,1.4341123818995525,1.0019890601690702,0.9940328194927897,0.9885629040278469,0.9905519641969169,-3.5556390977443613,-78.0,-39.0,0.03609022556390978,1.0,1.0,-0.5428571428571429,-11.0,-3.0,-0.039097744360902256,-2.0,0.0,-0.40075187969924814,-5.0,2.0,-0.03383458646616541,0.0,0.0,-3.366165413533835,-75.0,-39.0,-0.0007518796992481203,0.0,0.0,-3.3812030075187973,-75.0,-38.0,-0.013533834586466165,0.0,1.0,-0.29699248120300753,-3.0,0.0,0.07218045112781955,2.0,2.0,-3.460902255639098,-77.0,-39.0,0.035338345864661655,1.0,1.0,-3.492481203007519,-76.0,-38.0,0.01804511278195489,0.0,0.0,-3.48796992481203,-77.0,-38.0,0.013533834586466165,1.0,1.0,-3.510526315789474,-77.0,-39.0,0.03834586466165414,1.0,0.0
F:\MBKM ADB ENOSE\smart-coffee-v2\scripts\..\data\light_20260813_115343.csv,light,9.0,180,61,2236.6444444444446,65535.0,402596.0,2875.3055555555557,2886.0,517555.0,2881.6277777777777,2893.0,518693.0,1897.111111111111,2309.0,341480.0,2240.8888888888887,65535.0,403360.0,2878.688888888889,2886.0,518164.0,2244.261111111111,65535.0,403967.0,2230.483333333333,65535.0,401487.0,2222.2944444444443,65535.0,400013.0,2224.6666666666665,65534.0,400440.0,22.70790020790021,1.0024255024255024,0.8000693000693001,22.70790020790021,1.0,22.70790020790021,22.70790020790021,22.70790020790021,22.707553707553707,0.044037537193865876,0.04414435034714275,0.03523308155947204,1.0,0.044037537193865876,1.0,1.0,1.0,0.9999847409781033,0.0699248120300752,1.0,0.0,0.05789473684210526,2.0,0.0,-0.0330827067669173,0.0,0.0,0.03383458646616541,-1.0,-1.0,0.031578947368421054,0.0,0.0,0.11879699248120301,1.0,1.0,0.0,0.0,0.0,0.0736842105263158,2.0,0.0,-0.025563909774436094,-1.0,0.0,0.014285714285714287,1.0,0.0,-0.05338345864661655,-1.0,1.0,-0.03759398496240601,-4.0,-2.0,0.009022556390977444,1.0,1.0,0.045112781954887216,1.0,0.0,0.02406015037593985,0.0,0.0,0.059398496240601506,1.0,0.0,0.0,0.0,0.0,0.045112781954887216,1.0,0.0,0.02406015037593985,0.0,0.0,0.04661654135338346,1.0,0.0
F:\MBKM ADB ENOSE\smart-coffee-v2\scripts\..\data\light_20260813_115343.csv,light,10.0,180,61,1920.3444444444444,1926.0,345662.0,2898.9666666666667,2908.0,521814.0,2904.5944444444444,2913.0,522827.0,1924.1444444444444,1929.0,346346.0,1914.2444444444445,1919.0,344564.0,2897.9444444444443,2906.0,521630.0,1924.7277777777779,1930.0,346451.0,1909.2777777777778,1915.0,343670.0,1898.2277777777779,1904.0,341681.0,1901.6277777777777,1907.0,342293.0,0.6623108665749656,1.0017193947730398,0.6633425034387895,0.6599037138927097,0.9993122420907841,0.6636863823933975,0.6585281980742779,0.6547455295735901,0.655777166437414,1.509865005192108,1.5124610591900312,1.0015576323987538,0.9963655244029076,1.5088265835929386,1.0020768431983385,0.994288681204569,0.9885773624091381,0.990134994807892,0.07218045112781955,1.0,0.0,0.06090225563909774,2.0,0.0,0.024812030075187973,-1.0,-2.0,0.08796992481203009,4.0,0.0,0.24210526315789477,6.0,0.0,0.1323308270676692,4.0,2.0,0.0481203007518797,1.0,0.0,0.008270676691729324,0.0,-1.0,0.055639097744360905,1.0,0.0,0.10300751879699249,2.0,0.0,0.12105263157894738,2.0,0.0,-0.018796992481203006,1.0,-2.0,0.05112781954887219,1.0,0.0,0.11954887218045113,3.0,2.0,0.06240601503759399,1.0,0.0,0.025563909774436094,1.0,1.0,0.07067669172932331,1.0,0.0,0.05112781954887219,1.0,1.0,0.06090225563909774,2.0,1.0,0.04736842105263159,1.0,0.0
F:\MBKM ADB ENOSE\smart-coffee-v2\scripts\..\data\medium_20260813_160059.csv,medium,1.0,180,60,15414.305555555555,17512.0,2774575.0,2953.761111111111,2960.0,531677.0,2937.6055555555554,2942.0,528769.0,9239.111111111111,9328.0,1663040.0,10789.794444444444,11354.0,1942163.0,2939.2722222222224,2949.0,529069.0,7190.627777777778,7639.0,1294313.0,16818.705555555556,17545.0,3027367.0,13724.772222222222,15424.0,2470459.0,14410.544444444444,15192.0,2593898.0,5.916216216216216,0.9939189189189189,3.151351351351351,3.835810810810811,0.9962837837837838,2.5807432432432433,5.927364864864865,5.210810810810811,5.132432432432433,0.16902695294655093,0.16799908634079488,0.5326633165829145,0.6483554134307903,0.16839881224303335,0.4362151667428049,1.0018844221105527,0.8807674737322978,0.8675194152581087,215.64736842105268,6044.0,5290.0,-41.73233082706767,-1101.0,-5.0,0.3030075187969925,7.0,5.0,-0.23157894736842105,-3.0,1.0,0.04736842105263159,3.0,3.0,0.06766917293233082,-3.0,-4.0,0.9518796992481203,20.0,9.0,0.9233082706766919,18.0,4.0,38.17443609022557,890.0,755.0,-4.794736842105263,-138.0,-5.0,-0.13458646616541356,-6.0,-3.0,0.04285714285714286,-4.0,-3.0,-3.744360902255639,248.0,547.0,-3.662406015037594,-87.0,-3.0,130.43684210526317,2631.0,1590.0,-11.074436090225564,-299.0,-2.0,174.02406015037596,3748.0,2689.0,-17.983458646616544,-503.0,-12.0,66.31954887218045,1798.0,1551.0,-13.696992481203008,-332.0,-6.0
F:\MBKM ADB ENOSE\smart-coffee-v2\scripts\..\data\medium_20260813_160059.csv,medium,2.0,181,61,17008.414364640885,18157.0,3078523.0,2942.1381215469614,2949.0,532527.0,2923.8618784530386,2931.0,529219.0,9405.558011049723,9427.0,1702406.0,10946.745856353591,11452.0,1981361.0,2927.756906077348,2935.0,529924.0,7127.055248618784,7582.0,1289997.0,17944.292817679558,18452.0,3247917.0,14855.60773480663,15881.0,2688865.0,14955.78453038674,15653.0,2706997.0,6.157002373685995,0.9938962360122076,3.1966768396066465,3.8833502882332995,0.9952526280094948,2.571041030857918,6.257036283485927,5.385215327229569,5.307900983384198,0.16241669879385362,0.16142534559673954,0.5191936993996805,0.6307209340750124,0.16164564630720935,0.41757999669548934,1.016247177397147,0.8746488957426888,0.8620917552459106,400.18646616541355,6663.0,306.0,-141.80977443609024,-2399.0,-35.0,0.5240601503759399,8.0,-2.0,-0.32105263157894737,-6.0,-2.0,-0.04210526315789474,-2.0,-3.0,-0.08045112781954888,2.0,3.0,0.6774436090225564,12.0,2.0,0.0661654135338346,1.0,0.0,68.04135338345864,1182.0,21.0,-18.217293233082707,-314.0,0.0,0.08345864661654137,3.0,2.0,-0.1586466165413534,-2.0,-1.0,33.60300751879699,587.0,41.0,-4.301503759398496,-71.0,1.0,145.35037593984964,2580.0,4.0,-46.60601503759399,-770.0,-4.0,247.5,4219.0,13.0,-75.08721804511279,-1262.0,-14.0,133.52030075187972,2374.0,111.0,-45.30075187969925,-748.0,-5.0
F:\MBKM ADB ENOSE\smart-coffee-v2\scripts\..\data\medium_20260813_160059.csv,medium,3.0,181,61,14246.93370165746,15442.0,2578695.0,2931.3204419889503,2936.0,530569.0,2917.022099447514,2922.0,527981.0,9423.220994475138,9437.0,1705603.0,10382.39226519337,10696.0,1879213.0,2918.016574585635,2924.0,528161.0,7051.325966850829,7260.0,1276290.0,16554.24861878453,17022.0,2996319.0,12561.917127071823,13490.0,2273707.0,13681.812154696132,14151.0,2476408.0,5.259536784741145,0.9952316076294278,3.2142370572207084,3.6430517711171664,0.9959128065395095,2.47275204359673,5.797683923705722,4.594686648501362,4.819822888283379,0.19013081207097526,0.18922419375728533,0.6111255018779951,0.6926563916591115,0.18935371065924103,0.47014635409920996,1.102318352545007,0.8735915036912317,0.9163968397875922,210.4421052631579,3060.0,-83.0,-113.1766917293233,-1975.0,-380.0,0.262406015037594,5.0,2.0,-0.28345864661654135,-4.0,4.0,-0.021804511278195493,-2.0,-1.0,0.0030075187969924814,-2.0,-3.0,-0.015789473684210527,-1.0,-1.0,-0.3007518796992481,-5.0,-1.0,29.215037593984967,410.0,-31.0,-10.924812030075188,-191.0,-23.0,-0.0030075187969924814,1.0,-2.0,0.05263157894736842,4.0,4.0,15.92406015037594,190.0,-15.0,-2.4578947368421056,-40.0,3.0,48.432330827067666,691.0,-61.0,-28.46466165413534,-500.0,-81.0,93.65413533834587,1375.0,-107.0,-51.20751879699248,-900.0,-140.0,53.10601503759399,740.0,-41.0,-23.708270676691733,-414.0,-75.0
F:\MBKM ADB ENOSE\smart-coffee-v2\scripts\..\data\medium_20260813_160059.csv,medium,4.0,180,61,14241.027777777777,15685.0,2563385.0,2926.972222222222,2932.0,526855.0,2912.2277777777776,2917.0,524201.0,9323.277777777777,9374.0,1678190.0,10275.177777777777,10534.0,1849532.0,2913.3944444444446,2917.0,524411.0,7012.122222222222,7222.0,1262182.0,16346.394444444444,16678.0,2942351.0,12399.416666666666,13119.0,2231895.0,13531.583333333334,13877.0,2435685.0,5.349590723055934,0.9948840381991815,3.1971350613915415,3.592769440654843,0.9948840381991815,2.4631650750341065,5.688267394270123,4.474420190995907,4.732946793997272,0.1869301880777813,0.18597386037615557,0.5976410583359898,0.671597067261715,0.18597386037615557,0.46043991074274787,1.0633088938476252,0.8364042078418872,0.8847306343640421,-5.081954887218046,-105.0,-34.0,-121.24736842105266,-2006.0,-7.0,-0.0015037593984962407,0.0,1.0,-0.13834586466165416,-3.0,-2.0,0.13909774436090225,3.0,-2.0,0.02030075187969925,0.0,2.0,-0.3917293233082707,-8.0,-2.0,-0.39699248120300756,-8.0,-3.0,-1.2857142857142858,-41.0,-29.0,-7.7180451127819545,-134.0,3.0,-0.09699248120300752,0.0,1.0,-0.06842105263157894,-2.0,3.0,-0.02706766917293233,-14.0,-19.0,-0.1586466165413534,-6.0,3.0,-5.773684210526317,-119.0,-40.0,-29.212030075187972,-485.0,0.0,-6.689473684210527,-149.0,-64.0,-45.56616541353384,-767.0,6.0,-3.249624060150376,-83.0,-37.0,-21.954887218045112,-363.0,4.0
F:\MBKM ADB ENOSE\smart-coffee-v2\scripts\..\data\medium_20260813_160059.csv,medium,5.0,180,61,14210.105555555556,15262.0,2557819.0,2921.3444444444444,2927.0,525842.0,2906.733333333333,2912.0,523212.0,9185.68888888889,9246.0,1653424.0,10546.322222222223,10629.0,1898338.0,2908.7277777777776,2914.0,523571.0,7197.872222222222,7276.0,1295617.0,16384.3,16611.0,2949174.0,12875.05,13272.0,2317509.0,13787.466666666667,13945.0,2481744.0,5.214212504270584,0.9948752989408951,3.1588657328322514,3.631363170481722,0.9955585924154424,2.4858216604031433,5.67509395285275,4.534335497096003,4.764263751281176,0.1917835146114533,0.19080068143100512,0.6058183724282532,0.6964355916655747,0.19093172585506488,0.47673961472939325,1.0883894640283056,0.8696107980605425,0.9137072467566505,249.53609022556392,3837.0,416.0,-98.74285714285715,-1642.0,-3.0,0.40601503759398494,8.0,0.0,-0.1360902255639098,0.0,1.0,0.02030075187969925,0.0,-2.0,0.02631578947368421,2.0,2.0,-0.7691729323308272,-14.0,-2.0,-0.6300751879699249,-12.0,-3.0,30.736842105263158,455.0,31.0,-7.328571428571429,-116.0,7.0,0.009774436090225564,4.0,1.0,-0.15413533834586465,-2.0,-2.0,7.918796992481203,123.0,26.0,-1.6548872180451129,-22.0,2.0,73.08120300751881,1071.0,26.0,-22.963909774436093,-385.0,-3.0,133.34285714285716,1954.0,63.0,-36.318796992481204,-608.0,8.0,57.99172932330828,895.0,84.0,-17.337593984962407,-282.0,3.0
F:\MBKM ADB ENOSE\smart-coffee-v2\scripts\..\data\medium_20260813_160059.csv,medium,6.0,180,61,15071.488888888889,15807.0,2712868.0,2916.027777777778,2921.0,524885.0,2900.733333333333,2904.0,522132.0,8971.211111111112,9260.0,1614818.0,10961.566666666668,11188.0,1973082.0,2901.2277777777776,2907.0,522221.0,7316.3388888888885,7428.0,1316941.0,16830.12777777778,17020.0,3029423.0,13881.627777777778,14342.0,2498693.0,14359.627777777778,14635.0,2584733.0,5.4115029099623415,0.9941800753166724,3.1701472098596373,3.830195138651147,0.9952071208490243,2.542964738103389,5.826771653543307,4.909962341663814,5.01027045532352,0.184791548048333,0.1837160751565762,0.585816410451066,0.7077876889985449,0.18390586449041563,0.469918390586449,1.0767381539824128,0.9073195419750744,0.9258556335800595,275.7924812030075,4500.0,886.0,-135.093984962406,-2217.0,-56.0,0.3714285714285715,5.0,-1.0,-0.29022556390977444,-3.0,-5.0,-0.10751879699248121,-4.0,0.0,-0.009774436090225564,0.0,1.0,-11.930075187969924,-302.0,-210.0,-0.46691729323308273,-10.0,-3.0,13.709774436090227,128.0,-78.0,-11.778947368421054,-197.0,1.0,0.12932330827067667,5.0,0.0,-0.19924812030075187,-8.0,-4.0,25.827819548872185,526.0,293.0,-2.462406015037594,-42.0,-2.0,94.53458646616542,1539.0,253.0,-34.81804511278196,-572.0,-6.0,98.84661654135338,1526.0,177.0,-54.49398496240602,-902.0,-7.0,47.25112781954888,779.0,187.0,-26.832330827067672,-442.0,-9.0
F:\MBKM ADB ENOSE\smart-coffee-v2\scripts\..\data\medium_20260813_160059.csv,medium,7.0,180,61,13865.705555555556,15456.0,2495827.0,2908.6666666666665,2914.0,523560.0,2894.188888888889,2899.0,520954.0,8819.222222222223,8899.0,1587460.0,10697.18888888889,10984.0,1925494.0,2892.938888888889,2901.0,520729.0,7277.472222222223,7448.0,1309945.0,16258.855555555556,16770.0,2926594.0,12926.3,13838.0,2326734.0,13834.772222222222,14309.0,2490259.0,5.304049416609471,0.9948524365133836,3.0538778311599177,3.769389155799588,0.9955387783115992,2.555936856554564,5.754975978037063,4.748798901853123,4.910432395332876,0.1885351966873706,0.18756469979296067,0.5757634575569358,0.7106625258799172,0.18769409937888198,0.48188405797101447,1.0850155279503106,0.895315734989648,0.9257893374741201,262.5263157894737,3949.0,-1.0,-91.89323308270677,-1490.0,-12.0,0.3180451127819549,7.0,-1.0,-0.2879699248120301,-5.0,-4.0,-0.08195488721804511,-2.0,-1.0,0.0,1.0,1.0,-0.7766917293233083,-15.0,-2.0,-1.0315789473684212,-20.0,-5.0,28.134586466165413,435.0,-10.0,-11.130827067669173,-189.0,-14.0,0.08195488721804511,-1.0,0.0,-0.025563909774436094,-1.0,1.0,11.493984962406016,168.0,-2.0,-5.441353383458647,-93.0,-12.0,68.03609022556392,1055.0,-32.0,-24.510526315789473,-405.0,-9.0,114.32180451127817,1782.0,-41.0,-39.58872180451128,-660.0,-18.0,56.391729323308276,880.0,-6.0,-20.3593984962406,-342.0,-21.0
F:\MBKM ADB ENOSE\smart-coffee-v2\scripts\..\data\medium_20260813_160059.csv,medium,8.0,180,61,13571.388888888889,14515.0,2442850.0,2907.3055555555557,2912.0,523315.0,2893.35,2897.0,520803.0,8569.238888888889,8676.0,1542463.0,10526.905555555555,10799.0,1894843.0,2892.5666666666666,2896.0,520662.0,7186.127777777778,7449.0,1293503.0,15945.994444444445,16222.0,2870279.0,12561.477777777778,13085.0,2261066.0,13550.433333333332,13871.0,2439078.0,4.9845467032967035,0.9948489010989011,2.9793956043956045,3.708447802197802,0.9945054945054945,2.5580357142857144,5.570741758241758,4.493475274725275,4.763392857142857,0.20062004822597312,0.1995866345160179,0.5977264898380985,0.7439889769204271,0.19951774026868757,0.5131932483637617,1.1176024801929039,0.9014812263176025,0.955632104719256,172.58345864661655,2817.0,946.0,-1.1007518796992481,-51.0,5.0,0.3082706766917293,6.0,4.0,-0.07293233082706768,0.0,-2.0,0.02330827067669173,1.0,0.0,-0.0030075187969924814,2.0,2.0,-1.017293233082707,-20.0,-5.0,-1.0511278195488722,-20.0,-4.0,27.137593984962407,421.0,114.0,0.6781954887218046,9.0,3.0,0.07593984962406015,2.0,2.0,-0.07218045112781955,-3.0,-5.0,10.090977443609024,183.0,112.0,0.6593984962406015,9.0,4.0,54.29548872180451,838.0,192.0,0.15338345864661657,0.0,3.0,99.32556390977444,1493.0,262.0,0.8864661654135338,6.0,4.0,41.2593984962406,693.0,249.0,0.37218045112781956,0.0,4.0
F:\MBKM ADB ENOSE\smart-coffee-v2\scripts\..\data\medium_20260813_160059.csv,medium,9.0,181,61,16065.00552486188,17128.0,2907766.0,2911.745856353591,2917.0,527026.0,2894.1767955801106,2898.0,523846.0,8268.624309392266,8403.0,1496621.0,10876.563535911602,11064.0,1968658.0,2892.254143646409,2896.0,523498.0,7203.14364640884,7491.0,1303769.0,17305.67955801105,17663.0,3132328.0,14329.806629834255,14894.0,2593695.0,14372.303867403314,14679.0,2601387.0,5.871786081590676,0.9934864586904354,2.880699348645869,3.7929379499485774,0.9928008227631128,2.5680493657867673,6.0551936921494685,5.10593075077134,5.032224888584162,0.17030593180756656,0.16919663708547408,0.49060018682858475,0.6459598318542737,0.16907986921999066,0.4373540401681457,1.0312354040168146,0.869570294255021,0.8570177487155535,120.74210526315792,2107.0,-37.0,-132.203007518797,-2232.0,-139.0,0.1548872180451128,3.0,1.0,-0.23157894736842105,0.0,1.0,0.031578947368421054,1.0,0.0,0.010526315789473686,2.0,4.0,-1.0894736842105264,-20.0,-2.0,-1.0037593984962405,-19.0,-5.0,11.903007518796993,222.0,-4.0,-15.261654135338347,-264.0,0.0,-0.018796992481203006,0.0,-3.0,-0.06315789473684211,-1.0,0.0,7.1947368421052635,122.0,-11.0,-3.0015037593984966,-58.0,-4.0,24.075187969924812,426.0,-44.0,-42.22706766917294,-712.0,-35.0,40.13609022556391,764.0,-21.0,-62.98571428571429,-1068.0,-42.0,23.398496240601503,417.0,-39.0,-34.46917293233083,-585.0,-33.0
F:\MBKM ADB ENOSE\smart-coffee-v2\scripts\..\data\medium_20260813_160059.csv,medium,10.0,181,61,13719.265193370165,14047.0,2483187.0,2908.453038674033,2913.0,526430.0,2893.5911602209944,2897.0,523740.0,8021.640883977901,8086.0,1451917.0,10563.635359116022,10633.0,1912018.0,2892.519337016575,2896.0,523546.0,7229.922651933702,7290.0,1308616.0,16206.182320441989,16381.0,2933319.0,12721.060773480664,12982.0,2302512.0,13603.817679558011,13702.0,2462291.0,4.822176450394782,0.9945073807071747,2.7758324751115686,3.650188808788191,0.9941640920013731,2.502574665293512,5.6234122897356675,4.4565739787161,4.703741846893237,0.20737524026482523,0.20623620701929238,0.5756389264611661,0.7569587812344273,0.20616501744144658,0.5189720224959066,1.1661564746921051,0.9241830995942194,0.9754395956431978,92.70977443609024,1442.0,405.0,-99.87669172932331,-1627.0,-12.0,0.30000000000000004,8.0,3.0,-0.16090225563909777,-4.0,-3.0,0.039097744360902256,0.0,-1.0,0.0007518796992481203,0.0,2.0,-0.5661654135338345,-10.0,-1.0,-0.4969924812030076,-10.0,-3.0,9.439097744360902,136.0,37.0,-7.626315789473685,-121.0,3.0,0.08045112781954888,1.0,0.0,0.025563909774436094,-2.0,-4.0,0.2962406015037594,5.0,27.0,-1.5090225563909776,-19.0,3.0,16.33308270676692,210.0,19.0,-24.27744360902256,-396.0,0.0,37.09097744360903,508.0,64.0,-37.382706766917295,-612.0,2.0,14.122556390977445,216.0,73.0,-16.83308270676692,-270.0,0.0
