source_file,label,cycle,n_samples,mean_adc_tgs822,max_adc_tgs822,sum_adc_tgs822,mean_adc_mq135,max_adc_mq135,sum_adc_mq135,mean_adc_mq9,max_adc_mq9,sum_adc_mq9,mean_adc_tgs2611,max_adc_tgs2611,sum_adc_tgs2611,mean_adc_tgs2620,max_adc_tgs2620,sum_adc_tgs2620,mean_adc_tgs2600,max_adc_tgs2600,sum_adc_tgs2600,mean_adc_tgs2602,max_adc_tgs2602,sum_adc_tgs2602,mean_adc_mq8,max_adc_mq8,sum_adc_mq8,mean_adc_tgs813,max_adc_tgs813,sum_adc_tgs813,mean_adc_tgs816,max_adc_tgs816,sum_adc_tgs816,ratio_to_mq135_adc_tgs822,ratio_to_mq135_adc_mq9,ratio_to_mq135_adc_tgs2611,ratio_to_mq135_adc_tgs2620,ratio_to_mq135_adc_tgs2600,ratio_to_mq135_adc_tgs2602,ratio_to_mq135_adc_mq8,ratio_to_mq135_adc_tgs813,ratio_to_mq135_adc_tgs816,ratio_to_tgs822_adc_mq135,ratio_to_tgs822_adc_mq9,ratio_to_tgs822_adc_tgs2611,ratio_to_tgs822_adc_tgs2620,ratio_to_tgs822_adc_tgs2600,ratio_to_tgs822_adc_tgs2602,ratio_to_tgs822_adc_mq8,ratio_to_tgs822_adc_tgs813,ratio_to_tgs822_adc_tgs816
D:\ENOSE\smart-coffee-v2-hardware\smart-coffee-v2-hardware\scripts\..\data\dark_20260810_163245.csv,dark,1.0,180,15450.177777777777,16225.0,2781032.0,2982.4333333333334,2988.0,536838.0,2967.5055555555555,2971.0,534151.0,10165.705555555556,10190.0,1829827.0,12013.81111111111,12999.0,2162486.0,2987.483333333333,2992.0,537747.0,9054.344444444445,9590.0,1629782.0,14505.133333333333,14961.0,2610924.0,14058.33888888889,15774.0,2530501.0,12666.344444444445,13060.0,2279942.0,5.430053547523427,0.9943105756358769,3.4103078982597057,4.350401606425703,1.001338688085676,3.2095046854083,5.007028112449799,5.279116465863454,4.3708165997322626,0.1841602465331279,0.18311248073959938,0.6280431432973805,0.801171032357473,0.18440677966101696,0.5910631741140215,0.922095531587057,0.9722033898305085,0.8049306625577812
D:\ENOSE\smart-coffee-v2-hardware\smart-coffee-v2-hardware\scripts\..\data\dark_20260810_163245.csv,dark,2.0,180,14646.261111111111,14807.0,2636327.0,2973.938888888889,2979.0,535309.0,2958.6111111111113,2965.0,532550.0,10137.95,10169.0,1824831.0,10936.477777777778,11142.0,1968566.0,2968.6277777777777,2977.0,534353.0,8969.016666666666,9006.0,1614423.0,13911.488888888889,14074.0,2504068.0,11971.183333333332,12276.0,2154813.0,12568.194444444445,12635.0,2262275.0,4.970459885867741,0.9953004363880497,3.4135615978516283,3.7401812688821754,0.9993286337697214,3.0231621349446125,4.724404162470628,4.120845921450151,4.241356159785163,0.2011886270007429,0.20024312825015195,0.6867697710542311,0.7524819342203012,0.20105355575065847,0.6082258391301412,0.9504963868440602,0.829067333018167,0.8533126224083204
D:\ENOSE\smart-coffee-v2-hardware\smart-coffee-v2-hardware\scripts\..\data\dark_20260810_163245.csv,dark,3.0,181,13523.779005524862,14311.0,2447804.0,2965.3370165745855,2969.0,536726.0,2952.8453038674033,2956.0,534465.0,9903.038674033149,9946.0,1792450.0,10567.718232044199,10783.0,1912757.0,2957.806629834254,2962.0,535363.0,8852.745856353591,9003.0,1602347.0,13126.038674033149,13476.0,2375813.0,11364.53591160221,11753.0,2056981.0,12190.436464088398,12527.0,2206469.0,4.82014146177164,0.9956214213539912,3.3499494779387,3.6318625799932636,0.9976423038059953,3.0323341192320648,4.538901987201077,3.958571909733917,4.2192657460424385,0.2074627908601775,0.20655439871427572,0.6949898679337573,0.7534763468660471,0.20697365662776884,0.6290964991964223,0.9416532737055412,0.8212563762141011,0.8753406470547132
D:\ENOSE\smart-coffee-v2-hardware\smart-coffee-v2-hardware\scripts\..\data\dark_20260810_163245.csv,dark,4.0,180,13290.733333333334,14494.0,2392332.0,2963.6444444444446,2968.0,533456.0,2951.7722222222224,2956.0,531319.0,9956.622222222222,9968.0,1792192.0,10262.738888888889,10577.0,1847293.0,2953.5833333333335,2959.0,531645.0,8772.172222222222,9087.0,1578991.0,12776.08888888889,13399.0,2299696.0,11140.783333333333,11806.0,2005341.0,12050.288888888888,12597.0,2169052.0,4.883423180592992,0.9959568733153639,3.358490566037736,3.563679245283019,0.996967654986523,3.0616576819407006,4.514487870619946,3.9777628032345014,4.244272237196766,0.2047743894025114,0.20394646060438804,0.6877328549744722,0.7297502414792327,0.20415344280391887,0.6269490823789154,0.9244514971712433,0.8145439492203671,0.8691182558299986
D:\ENOSE\smart-coffee-v2-hardware\smart-coffee-v2-hardware\scripts\..\data\dark_20260810_163245.csv,dark,5.0,180,13152.255555555555,13886.0,2367406.0,2967.9944444444445,2971.0,534239.0,2955.1666666666665,2959.0,531930.0,9906.777777777777,9917.0,1783220.0,9963.433333333332,10103.0,1793418.0,2960.261111111111,2965.0,532847.0,8582.833333333334,8778.0,1544910.0,12425.85,12661.0,2236653.0,10961.344444444445,11234.0,1973042.0,11889.083333333334,12120.0,2140035.0,4.673847189498486,0.995960955907102,3.337933355772467,3.4005385392123864,0.997980477953551,2.9545607539548975,4.261528105015146,3.781218444968024,4.079434533826994,0.21395650295261415,0.21309232320322627,0.7141725478899611,0.7275673340054731,0.2135244130779202,0.6321474866772289,0.9117816505833213,0.8090162753852801,0.8728215468817514
D:\ENOSE\smart-coffee-v2-hardware\smart-coffee-v2-hardware\scripts\..\data\dark_20260810_163245.csv,dark,6.0,180,13557.638888888889,14432.0,2440375.0,2973.383333333333,2976.0,535209.0,2958.4777777777776,2962.0,532526.0,9848.522222222222,9874.0,1772734.0,9864.072222222223,9981.0,1775533.0,2965.1666666666665,2968.0,533730.0,8512.022222222222,8784.0,1532164.0,12592.488888888889,12889.0,2266648.0,11134.216666666667,11429.0,2004159.0,12180.294444444444,12475.0,2192453.0,4.849462365591398,0.9952956989247311,3.3178763440860215,3.3538306451612905,0.9973118279569892,2.9516129032258065,4.330981182795699,3.8403897849462365,4.191868279569892,0.20620842572062084,0.20523835920177383,0.6841740576496674,0.6915881374722838,0.2056541019955654,0.6086474501108647,0.8930848115299335,0.791920731707317,0.8643985587583148
D:\ENOSE\smart-coffee-v2-hardware\smart-coffee-v2-hardware\scripts\..\data\dark_20260810_163245.csv,dark,7.0,180,11804.194444444445,12986.0,2124755.0,2964.2944444444443,2968.0,533573.0,2954.6055555555554,2959.0,531829.0,9843.055555555555,9851.0,1771750.0,9772.327777777778,9903.0,1759019.0,2959.8777777777777,2965.0,532778.0,8509.68888888889,8643.0,1531744.0,11397.394444444444,11921.0,2051531.0,10422.961111111112,10858.0,1876133.0,11453.394444444444,11891.0,2061611.0,4.37533692722372,0.996967654986523,3.3190700808625335,3.336590296495957,0.998989218328841,2.9120619946091644,4.0165094339622645,3.658355795148248,4.006401617250674,0.2285538271985215,0.22786077314030495,0.7585861697212383,0.7625904820576005,0.22832280917911596,0.6655629139072847,0.9179886031110427,0.8361312182350223,0.9156784229169875
D:\ENOSE\smart-coffee-v2-hardware\smart-coffee-v2-hardware\scripts\..\data\dark_20260810_163245.csv,dark,8.0,180,12256.144444444444,12744.0,2206106.0,2960.488888888889,2964.0,532888.0,2951.0,2954.0,531180.0,9868.216666666667,9883.0,1776279.0,9971.333333333334,10066.0,1794840.0,2951.961111111111,2957.0,531353.0,8698.261111111111,8803.0,1565687.0,11533.05,11820.0,2075949.0,10922.327777777778,11251.0,1966019.0,11925.93888888889,12254.0,2146669.0,4.299595141700405,0.9966261808367072,3.3343454790823213,3.3960863697705803,0.997638326585695,2.9699730094466936,3.9878542510121457,3.795883940620783,4.134278002699055,0.23258003766478344,0.2317953546767106,0.7755021971123666,0.7898618957940992,0.23203075957313246,0.6907564344005022,0.9274952919020716,0.8828468298807282,0.9615505335844319
D:\ENOSE\smart-coffee-v2-hardware\smart-coffee-v2-hardware\scripts\..\data\dark_20260810_163245.csv,dark,9.0,181,12914.209944751381,13390.0,2337472.0,2958.016574585635,2965.0,535401.0,2946.596685082873,2952.0,533334.0,9909.32044198895,9921.0,1793587.0,10167.265193370165,10287.0,1840275.0,2948.276243093923,2953.0,533638.0,8831.734806629835,8919.0,1598544.0,11981.906077348067,12343.0,2168725.0,11673.198895027625,12073.0,2112849.0,12522.093922651933,12876.0,2266499.0,4.51602023608769,0.9956155143338955,3.3460370994940978,3.469477234401349,0.9959527824620573,3.0080944350758854,4.162900505902193,4.071838111298482,4.342664418212479,0.22143390589992532,0.22046303211351756,0.7409260642270351,0.7682598954443615,0.220537714712472,0.6660941000746826,0.9218073188946976,0.9016430171769978,0.9616131441374159
D:\ENOSE\smart-coffee-v2-hardware\smart-coffee-v2-hardware\scripts\..\data\dark_20260810_163245.csv,dark,10.0,181,11792.895027624309,12165.0,2134514.0,2963.3977900552486,2966.0,536375.0,2953.414364640884,2957.0,534568.0,9842.149171270717,9887.0,1781429.0,9733.67955801105,9825.0,1761796.0,2956.502762430939,2961.0,535127.0,8497.690607734807,8659.0,1538082.0,11028.779005524862,11247.0,1996209.0,10647.624309392266,10835.0,1927220.0,11683.093922651933,11857.0,2114640.0,4.101483479433581,0.9969656102494943,3.3334457181389077,3.3125421443020904,0.9983142279163857,2.9194200944032365,3.791975724881996,3.653068105192178,3.99763991908294,0.24381422112618167,0.24307439375256884,0.8127414714344431,0.8076448828606658,0.243403205918619,0.7117961364570489,0.924537607891492,0.8906699547883272,0.974681463214139
D:\ENOSE\smart-coffee-v2-hardware\smart-coffee-v2-hardware\scripts\..\data\medium_20260811_172251.csv,medium,1.0,180,11904.716666666667,17904.0,2142849.0,2850.711111111111,2866.0,513128.0,2839.6111111111113,2845.0,511130.0,12383.877777777778,12401.0,2229098.0,12164.466666666667,13570.0,2189604.0,2829.8611111111113,2838.0,509375.0,10433.927777777777,11833.0,1878107.0,15848.56111111111,18278.0,2852741.0,16905.37222222222,18757.0,3042967.0,14810.394444444444,16706.0,2665871.0,6.247034193998604,0.9926727145847871,4.326936496859735,4.734822051639917,0.9902302861130495,4.128750872295883,6.377529658060014,6.544661549197488,5.829030006978367,0.16007596067917784,0.1589030384271671,0.6926385165326184,0.7579311885612153,0.15851206434316353,0.6609137622877569,1.0208891867739052,1.047642984807864,0.9330875781948168
D:\ENOSE\smart-coffee-v2-hardware\smart-coffee-v2-hardware\scripts\..\data\medium_20260811_172251.csv,medium,2.0,181,14088.022099447513,15684.0,2549932.0,2845.8839779005525,2852.0,515105.0,2831.3922651933703,2837.0,512482.0,12375.121546961325,12386.0,2239897.0,12175.961325966851,12591.0,2203849.0,2822.24861878453,2827.0,510827.0,10465.447513812154,10990.0,1894246.0,16182.149171270717,16722.0,2928969.0,16977.795580110498,17504.0,3072981.0,15113.701657458563,15615.0,2735580.0,5.49929873772791,0.9947405329593267,4.342917251051893,4.414796633941094,0.991234221598878,3.8534361851332397,5.863253856942497,6.137447405329593,5.475105189340813,0.18184136699821474,0.18088497832185668,0.7897220096914053,0.8027926549349655,0.1802473858709513,0.7007141035450141,1.0661820964039785,1.1160418260647793,0.9956006120887528
D:\ENOSE\smart-coffee-v2-hardware\smart-coffee-v2-hardware\scripts\..\data\medium_20260811_172251.csv,medium,3.0,180,13592.511111111111,15237.0,2446652.0,2839.711111111111,2847.0,511148.0,2824.822222222222,2830.0,508468.0,12355.733333333334,12370.0,2224032.0,11730.461111111112,12143.0,2111483.0,2819.988888888889,2824.0,507598.0,10103.422222222222,10546.0,1818616.0,15835.816666666668,16324.0,2850447.0,16517.172222222223,17034.0,2973091.0,14627.822222222223,15060.0,2633008.0,5.351949420442571,0.9940288022479803,4.344924481910783,4.265191429574991,0.991921320688444,3.7042500878117317,5.733754829645241,5.983140147523709,5.289778714436249,0.1868478046859618,0.18573209949465116,0.8118396009713198,0.7969416551814662,0.18533832119183566,0.6921309969154033,1.071339502526744,1.1179366016932466,0.9883835400669423
D:\ENOSE\smart-coffee-v2-hardware\smart-coffee-v2-hardware\scripts\..\data\medium_20260811_172251.csv,medium,4.0,180,13214.172222222222,14917.0,2378551.0,2832.1055555555554,2840.0,509779.0,2819.516666666667,2824.0,507513.0,12313.194444444445,12333.0,2216375.0,11421.894444444444,11779.0,2055941.0,2818.15,2824.0,507267.0,9890.68888888889,10222.0,1780324.0,15544.716666666667,16068.0,2798049.0,16205.344444444445,16682.0,2916962.0,14284.85,14696.0,2571273.0,5.252464788732395,0.9943661971830986,4.342605633802817,4.147535211267606,0.9943661971830986,3.5992957746478873,5.657746478873239,5.873943661971831,5.174647887323943,0.1903868069987263,0.189314205269156,0.8267748206743983,0.7896359857880271,0.189314205269156,0.6852584299792184,1.0771602869209627,1.1183213782932224,0.9851846886103104
D:\ENOSE\smart-coffee-v2-hardware\smart-coffee-v2-hardware\scripts\..\data\medium_20260811_172251.csv,medium,5.0,180,12802.58888888889,14118.0,2304466.0,2827.8055555555557,2835.0,509005.0,2816.8722222222223,2821.0,507037.0,12281.583333333334,12294.0,2210685.0,11484.755555555555,11661.0,2067256.0,2813.233333333333,2819.0,506382.0,10014.405555555555,10204.0,1802593.0,15357.166666666666,15688.0,2764290.0,16197.294444444444,16475.0,2915513.0,14365.444444444445,14567.0,2585780.0,4.97989417989418,0.9950617283950617,4.336507936507936,4.113227513227513,0.9943562610229277,3.599294532627866,5.5336860670194,5.811287477954145,5.1382716049382715,0.20080747981300467,0.1998158379373849,0.870803229919252,0.8259668508287292,0.19967417481229635,0.7227652642017283,1.1112055531945035,1.1669499929168436,1.0318033715823771
D:\ENOSE\smart-coffee-v2-hardware\smart-coffee-v2-hardware\scripts\..\data\medium_20260811_172251.csv,medium,6.0,180,12860.877777777778,14580.0,2314958.0,2825.1111111111113,2832.0,508520.0,2814.222222222222,2818.0,506560.0,12254.16111111111,12270.0,2205749.0,11527.327777777778,11773.0,2074919.0,2809.2444444444445,2813.0,505664.0,10076.461111111112,10333.0,1813763.0,15339.516666666666,15758.0,2761113.0,16221.35,16595.0,2919843.0,14487.41111111111,14746.0,2607734.0,5.148305084745763,0.9950564971751412,4.3326271186440675,4.157132768361582,0.9932909604519774,3.6486581920903953,5.5642655367231635,5.859816384180791,5.206920903954802,0.194238683127572,0.19327846364883403,0.8415637860082305,0.8074759945130315,0.1929355281207133,0.7087105624142661,1.08079561042524,1.1382030178326474,1.0113854595336076
D:\ENOSE\smart-coffee-v2-hardware\smart-coffee-v2-hardware\scripts\..\data\medium_20260811_172251.csv,medium,7.0,180,12742.755555555555,14066.0,2293696.0,2824.0666666666666,2829.0,508332.0,2813.3,2816.0,506394.0,12212.044444444444,12232.0,2198168.0,11548.072222222223,11742.0,2078653.0,2804.9166666666665,2809.0,504885.0,10122.155555555555,10359.0,1821988.0,15288.06111111111,15570.0,2751851.0,16228.361111111111,16503.0,2921105.0,14550.611111111111,14736.0,2619110.0,4.972074938140686,0.9954047366560622,4.32378932484977,4.150583244962885,0.9929303640862496,3.6617179215270412,5.503711558854719,5.833510074231177,5.208907741251325,0.20112327598464383,0.2001990615668989,0.8696146736812171,0.8347788994739087,0.19970140764965164,0.7364567041091995,1.106924498791412,1.1732546566187971,1.047632589222238
D:\ENOSE\smart-coffee-v2-hardware\smart-coffee-v2-hardware\scripts\..\data\medium_20260811_172251.csv,medium,8.0,180,13615.194444444445,14245.0,2450735.0,2825.8888888888887,2829.0,508660.0,2812.4944444444445,2816.0,506249.0,12175.433333333332,12191.0,2191578.0,11741.416666666666,11808.0,2113455.0,2801.511111111111,2806.0,504272.0,10249.927777777777,10394.0,1844987.0,15685.144444444444,15830.0,2823326.0,16508.93888888889,16606.0,2971609.0,14880.955555555556,14972.0,2678572.0,5.035348179568752,0.9954047366560622,4.309296571226582,4.173913043478261,0.991869918699187,3.6740897843761045,5.595616825733475,5.869918699186992,5.292329445033581,0.1985959985959986,0.19768339768339768,0.8558090558090559,0.828922428922429,0.196981396981397,0.7296595296595296,1.1112671112671113,1.1657423657423658,1.051035451035451
D:\ENOSE\smart-coffee-v2-hardware\smart-coffee-v2-hardware\scripts\..\data\medium_20260811_172251.csv,medium,9.0,180,13408.583333333334,15402.0,2413545.0,2824.35,2831.0,508383.0,2811.4666666666667,2815.0,506064.0,12124.822222222223,12146.0,2182468.0,11730.005555555555,12069.0,2111401.0,2796.8277777777776,2801.0,503429.0,10260.727777777778,10545.0,1846931.0,15626.727777777778,16539.0,2812811.0,16480.56111111111,17024.0,2966501.0,14875.961111111112,15424.0,2677673.0,5.440480395619923,0.9943482868244437,4.290356764394207,4.2631578947368425,0.9894030377958318,3.7248322147651005,5.842105263157895,6.0134228187919465,5.448251501236312,0.1838072977535385,0.18276847162706142,0.7885988832619141,0.7835995325282431,0.18185949876639398,0.6846513439813011,1.0738215816127776,1.105310998571614,1.001428385923906
D:\ENOSE\smart-coffee-v2-hardware\smart-coffee-v2-hardware\scripts\..\data\medium_20260811_172251.csv,medium,10.0,180,11774.155555555555,12318.0,2119348.0,2820.4944444444445,2825.0,507689.0,2809.961111111111,2814.0,505793.0,12073.177777777777,12104.0,2173172.0,11309.75,11515.0,2035755.0,2792.211111111111,2795.0,502598.0,9934.322222222223,10140.0,1788178.0,14872.83888888889,15102.0,2677111.0,15926.383333333333,16152.0,2866749.0,14294.094444444445,14506.0,2572937.0,4.360353982300885,0.9961061946902655,4.284601769911505,4.076106194690266,0.9893805309734514,3.5893805309734512,5.3458407079646015,5.717522123893805,5.134867256637168,0.22933917843805812,0.22844617632732586,0.9826270498457542,0.9348108459165448,0.22690371813606106,0.8231855820750121,1.2260107160253289,1.3112518265952264,1.1776262380256535
F:\MBKM ADB ENOSE\smart-coffee-v2\scripts\..\data\dark_20260813_132219.csv,dark,1.0,180,17269.333333333332,17964.0,3108480.0,2983.516666666667,3001.0,537033.0,2964.6055555555554,2981.0,533629.0,9034.394444444444,9568.0,1626191.0,12506.177777777777,14148.0,2251112.0,2967.0555555555557,2981.0,534070.0,6688.833333333333,6795.0,1203990.0,18165.783333333333,18545.0,3269841.0,15899.988888888889,17202.0,2861998.0,14307.672222222222,15146.0,2575381.0,5.986004665111629,0.9933355548150616,3.1882705764745083,4.714428523825392,0.9933355548150616,2.2642452515828055,6.179606797734088,5.732089303565478,5.046984338553815,0.16705633489200625,0.16594299710532176,0.5326207971498552,0.7875751503006012,0.16594299710532176,0.3782565130260521,1.032342462703184,0.9575818303273214,0.8431307058561568
F:\MBKM ADB ENOSE\smart-coffee-v2\scripts\..\data\dark_20260813_132219.csv,dark,2.0,181,16285.939226519336,17094.0,2947755.0,2957.342541436464,2962.0,535279.0,2939.8839779005525,2945.0,532119.0,9914.049723756905,10046.0,1794443.0,11377.939226519336,11643.0,2059407.0,2942.182320441989,2950.0,532535.0,6936.828729281768,7136.0,1255566.0,17636.696132596684,17770.0,3192242.0,13556.729281767955,14394.0,2453768.0,13792.314917127072,13901.0,2496409.0,5.771100607697502,0.9942606347062796,3.391627278865631,3.9307900067521944,0.9959486833220796,2.4091829844699526,5.99932478055368,4.859554355165429,4.693112761647535,0.1732771732771733,0.17228267228267227,0.5876915876915877,0.6811161811161811,0.17257517257517258,0.4174564174564175,1.0395460395460396,0.842049842049842,0.8132093132093132
F:\MBKM ADB ENOSE\smart-coffee-v2\scripts\..\data\dark_20260813_132219.csv,dark,3.0,180,14736.322222222223,15569.0,2652538.0,2940.4944444444445,2947.0,529289.0,2926.1055555555554,2934.0,526699.0,10076.444444444445,12220.0,1813760.0,11133.255555555555,11665.0,2003986.0,2929.0,2936.0,527220.0,6819.977777777778,7087.0,1227596.0,16859.883333333335,17130.0,3034779.0,12520.16111111111,13567.0,2253629.0,13444.83888888889,13953.0,2420071.0,5.282999660671869,0.995588734306074,4.146589752290465,3.9582626399728538,0.996267390566678,2.4048184594502886,5.812690872073295,4.603664743807261,4.734645402103834,0.1892864024664397,0.18845140985291284,0.7848930567152675,0.7492452951377738,0.1885798702549939,0.45519943477423086,1.1002633438242662,0.8714111375168604,0.8962039951185047
F:\MBKM ADB ENOSE\smart-coffee-v2\scripts\..\data\dark_20260813_132219.csv,dark,4.0,180,14518.105555555556,14941.0,2613259.0,2930.711111111111,2936.0,527528.0,2916.4944444444445,2921.0,524969.0,10308.744444444445,10336.0,1855574.0,10878.08888888889,11052.0,1958056.0,2917.088888888889,2924.0,525076.0,6931.094444444445,7090.0,1247597.0,16550.12222222222,16620.0,2979022.0,12122.877777777778,12357.0,2182118.0,12959.694444444445,13037.0,2332745.0,5.088896457765667,0.9948910081743869,3.5204359673024523,3.7643051771117166,0.9959128065395095,2.414850136239782,5.660762942779291,4.208787465940055,4.4403950953678475,0.19650625794792853,0.19550230908239075,0.6917876982799009,0.7397095241282378,0.1957030988554983,0.4745331637775249,1.1123753430158625,0.8270530754300247,0.8725654240010708
F:\MBKM ADB ENOSE\smart-coffee-v2\scripts\..\data\dark_20260813_132219.csv,dark,5.0,180,14555.58888888889,14959.0,2620006.0,2926.3888888888887,2930.0,526750.0,2911.3,2916.0,524034.0,10364.261111111111,10370.0,1865567.0,10749.022222222222,10915.0,1934824.0,2912.061111111111,2917.0,524171.0,6886.7,7050.0,1239606.0,16435.82222222222,16509.0,2958448.0,12151.35,12402.0,2187243.0,12839.216666666667,12905.0,2311059.0,5.105460750853243,0.995221843003413,3.539249146757679,3.7252559726962455,0.9955631399317406,2.4061433447098977,5.634470989761092,4.232764505119454,4.40443686006826,0.19586870780132362,0.19493281636473025,0.6932281569623638,0.7296610736011766,0.19499966575305835,0.47128818771308245,1.1036165519085501,0.8290661140450565,0.8626913563740892
F:\MBKM ADB ENOSE\smart-coffee-v2\scripts\..\data\dark_20260813_132219.csv,dark,6.0,180,15126.91111111111,16072.0,2722844.0,2923.65,2928.0,526257.0,2907.677777777778,2912.0,523382.0,10371.372222222222,10378.0,1866847.0,10833.238888888889,10899.0,1949983.0,2909.3055555555557,2914.0,523675.0,6925.733333333334,6989.0,1246632.0,16756.7,16957.0,3016206.0,12759.222222222223,13189.0,2296660.0,13106.68888888889,13255.0,2359204.0,5.4890710382513666,0.994535519125683,3.544398907103825,3.7223360655737703,0.9952185792349727,2.386953551912568,5.791325136612022,4.504439890710382,4.52698087431694,0.18218018914883027,0.18118466898954705,0.6457192633150821,0.6781358885017421,0.18130910900945743,0.4348556495769039,1.0550647088103533,0.8206197112991538,0.8247262319561971
F:\MBKM ADB ENOSE\smart-coffee-v2\scripts\..\data\dark_20260813_132219.csv,dark,7.0,180,13368.205555555556,13518.0,2406277.0,2917.661111111111,2921.0,525179.0,2903.661111111111,2908.0,522659.0,10398.372222222222,10408.0,1871707.0,10830.405555555555,10900.0,1949473.0,2903.788888888889,2907.0,522682.0,7073.444444444444,7118.0,1273220.0,15969.472222222223,16016.0,2874505.0,11848.672222222222,12007.0,2132761.0,12723.144444444444,12828.0,2290166.0,4.627867168777816,0.9955494693598083,3.563163300239644,3.731598767545361,0.9952071208490243,2.436836699760356,5.483053748716193,4.110578568983225,4.3916466963368705,0.2160822606894511,0.21512057996745082,0.7699363811214677,0.8063322976771712,0.21504660452729693,0.5265571830152389,1.1847906495043645,0.8882231099275041,0.9489569462938304
F:\MBKM ADB ENOSE\smart-coffee-v2\scripts\..\data\dark_20260813_132219.csv,dark,8.0,181,13539.563535911602,13874.0,2450661.0,2912.1270718232045,2917.0,527095.0,2898.8342541436464,2904.0,524689.0,10418.917127071823,10426.0,1885824.0,10964.596685082874,11006.0,1984592.0,2897.8784530386743,2903.0,524516.0,7177.397790055249,7227.0,1299109.0,15918.337016574586,16040.0,2881219.0,12167.834254143647,12350.0,2202378.0,12895.762430939227,13003.0,2334133.0,4.756256427836819,0.9955433664724032,3.5742200891326705,3.773054508056222,0.9952005485087418,2.4775454233801852,5.498800137127185,4.233801851217004,4.4576619814878296,0.21024938734323195,0.2093123828744414,0.7514775839700158,0.7932823987314401,0.20924030560761137,0.5209024073807121,1.1561193599538706,0.8901542453510163,0.9372207005910336
F:\MBKM ADB ENOSE\smart-coffee-v2\scripts\..\data\dark_20260813_132219.csv,dark,9.0,180,14643.738888888889,15844.0,2635873.0,2909.1666666666665,2913.0,523650.0,2893.766666666667,2898.0,520878.0,10419.627777777778,10437.0,1875533.0,11018.055555555555,11237.0,1983250.0,2892.4333333333334,2896.0,520638.0,7145.472222222223,7376.0,1286185.0,16405.094444444443,16533.0,2952917.0,12857.933333333332,13607.0,2314428.0,13204.494444444445,13400.0,2376809.0,5.4390662547202195,0.9948506694129763,3.582904222451081,3.8575351870923447,0.9941640920013731,2.5320974939924477,5.675592173017508,4.671129419842087,4.6000686577411605,0.18385508709921736,0.18290835647563747,0.6587351678868972,0.7092274678111588,0.1827821257258268,0.4655390053016915,1.0434864933097703,0.8588109063367836,0.845746023731381
F:\MBKM ADB ENOSE\smart-coffee-v2\scripts\..\data\dark_20260813_132219.csv,dark,10.0,180,12938.005555555555,13417.0,2328841.0,2906.311111111111,2910.0,523136.0,2893.711111111111,2897.0,520868.0,10383.283333333333,10408.0,1868991.0,10601.038888888888,10809.0,1908187.0,2892.6,2896.0,520668.0,7002.688888888889,7168.0,1260484.0,15578.794444444444,15786.0,2804183.0,11443.361111111111,11882.0,2059805.0,12391.783333333333,12627.0,2230521.0,4.610652920962199,0.99553264604811,3.5766323024054985,3.7144329896907218,0.9951890034364261,2.4632302405498283,5.424742268041237,4.083161512027491,4.3391752577319584,0.2168890213907729,0.21592010136394127,0.7757322799433555,0.8056197361556234,0.21584556905418498,0.5342475963330103,1.1765670418126257,0.8855929045241112,0.9411194752925394
F:\MBKM ADB ENOSE\smart-coffee-v2\scripts\..\data\dark_20260813_165451.csv,dark,1.0,180,15715.16111111111,16146.0,2828729.0,2907.438888888889,2912.0,523339.0,2891.8611111111113,2895.0,520535.0,7424.216666666666,7480.0,1336359.0,10715.483333333334,10877.0,1928787.0,2891.472222222222,2894.0,520465.0,7219.611111111111,7365.0,1299530.0,17271.411111111112,17439.0,3108854.0,13053.477777777778,13444.0,2349626.0,14053.3,14308.0,2529594.0,5.544642857142857,0.9941620879120879,2.568681318681319,3.7352335164835164,0.9938186813186813,2.5291895604395602,5.988667582417582,4.616758241758242,4.913461538461538,0.18035426731078905,0.17930137495354886,0.4632726371856807,0.6736653041000867,0.17923944010900533,0.45615013006317356,1.0800817539947976,0.8326520500433544,0.8861637557289731
F:\MBKM ADB ENOSE\smart-coffee-v2\scripts\..\data\dark_20260813_165451.csv,dark,2.0,181,16757.088397790056,17042.0,3033033.0,2910.209944751381,2915.0,526748.0,2892.839779005525,2895.0,523604.0,7353.03314917127,7378.0,1330899.0,11342.78453038674,11495.0,2053044.0,2892.7734806629833,2897.0,523592.0,7520.403314917127,7578.0,1361193.0,17891.24309392265,18075.0,3238315.0,14595.546961325967,14973.0,2641794.0,14878.430939226519,15074.0,2692996.0,5.84631217838765,0.9931389365351629,2.5310463121783875,3.943396226415094,0.9938250428816466,2.5996569468267583,6.200686106346484,5.136535162950257,5.171183533447684,0.17104799906114307,0.16987442788405116,0.43293040722919846,0.6745100340335641,0.16999178500176035,0.4446661190001174,1.0606149512967962,0.8785940617298439,0.884520596174158
F:\MBKM ADB ENOSE\smart-coffee-v2\scripts\..\data\dark_20260813_165451.csv,dark,3.0,181,16938.955801104974,17362.0,3065951.0,2907.2872928176794,2912.0,526219.0,2888.767955801105,2894.0,522867.0,7373.436464088398,7381.0,1334592.0,11652.425414364641,11768.0,2109089.0,2892.0441988950274,2896.0,523460.0,7695.729281767955,7847.0,1392927.0,18105.17127071823,18262.0,3277036.0,15065.508287292818,15363.0,2726857.0,15221.093922651933,15391.0,2755018.0,5.962225274725275,0.9938186813186813,2.534684065934066,4.041208791208791,0.9945054945054945,2.6947115384615383,6.271291208791209,5.2757554945054945,5.2853708791208796,0.16772261260223476,0.166685865683677,0.4251238336597166,0.6778020965326575,0.16680105978573898,0.45196405944015666,1.0518373459278885,0.8848634949890566,0.8864762124179242
F:\MBKM ADB ENOSE\smart-coffee-v2\scripts\..\data\dark_20260813_165451.csv,dark,4.0,180,15853.483333333334,17223.0,2853627.0,2899.911111111111,2908.0,521984.0,2884.0777777777776,2890.0,519134.0,7432.027777777777,7441.0,1337765.0,11305.705555555556,11671.0,2035027.0,2890.2444444444445,2894.0,520244.0,7592.133333333333,7877.0,1366584.0,17467.844444444443,18047.0,3144212.0,13953.638888888889,15081.0,2511655.0,14619.155555555555,15171.0,2631448.0,5.922627235213205,0.9938101788170564,2.558803301237964,4.013411279229711,0.9951856946354883,2.7087345254470425,6.205983493810179,5.186038514442916,5.216987620357634,0.16884398769087847,0.1677988735992568,0.43203855309760203,0.6776403646286941,0.16803112117517274,0.457353538872438,1.0478430006386807,0.8756314230970215,0.8808569935551298
F:\MBKM ADB ENOSE\smart-coffee-v2\scripts\..\data\dark_20260813_165451.csv,dark,5.0,180,18079.983333333334,18664.0,3254397.0,2903.738888888889,2910.0,522673.0,2883.511111111111,2888.0,519032.0,7385.616666666667,7443.0,1329411.0,12151.5,12399.0,2187270.0,2892.016666666667,2895.0,520563.0,7830.827777777778,8143.0,1409549.0,18905.172222222223,19198.0,3402931.0,16256.655555555555,16816.0,2926198.0,15933.41111111111,16339.0,2868014.0,6.413745704467354,0.9924398625429554,2.5577319587628864,4.260824742268041,0.9948453608247423,2.7982817869415806,6.597250859106529,5.778694158075601,5.614776632302405,0.15591513073296184,0.15473639091298758,0.3987891127303901,0.6643270467209601,0.1551114444920703,0.43629447063866267,1.0286112301757393,0.9009858551221603,0.8754286326618088
F:\MBKM ADB ENOSE\smart-coffee-v2\scripts\..\data\dark_20260813_165451.csv,dark,6.0,180,14863.888888888889,15676.0,2675500.0,2902.95,2909.0,522531.0,2887.6277777777777,2895.0,519773.0,7300.894444444444,7329.0,1314161.0,10739.461111111112,11015.0,1933103.0,2891.15,2894.0,520407.0,7272.116666666667,7454.0,1308981.0,17001.183333333334,17431.0,3060213.0,12641.83888888889,13499.0,2275531.0,13792.41111111111,14173.0,2482634.0,5.388793399793744,0.9951873496046751,2.519422481952561,3.7865245788930904,0.994843588862152,2.5623925747679617,5.992093502921966,4.6404262633207285,4.872121003781368,0.18557029854554732,0.18467721357489156,0.4675299821383006,0.7026664965552437,0.1846134217912733,0.47550395509058435,1.1119545802500639,0.8611252870630263,0.9041209492217402
F:\MBKM ADB ENOSE\smart-coffee-v2\scripts\..\data\dark_20260813_165451.csv,dark,7.0,180,15238.266666666666,15430.0,2742888.0,2905.588888888889,2910.0,523006.0,2891.238888888889,2896.0,520423.0,7243.705555555555,7250.0,1303867.0,10903.433333333332,11021.0,1962618.0,2890.938888888889,2894.0,520369.0,7383.944444444444,7448.0,1329110.0,16954.633333333335,17078.0,3051834.0,12974.038888888888,13295.0,2335327.0,13999.233333333334,14169.0,2519862.0,5.302405498281787,0.9951890034364261,2.491408934707904,3.7872852233676975,0.9945017182130584,2.5594501718213056,5.868728522336769,4.5687285223367695,4.869072164948453,0.18859364873622814,0.18768632534024626,0.4698639014906027,0.7142579390797148,0.18755670771224886,0.48269604666234606,1.106804925469864,0.8616331821127673,0.9182760855476345
F:\MBKM ADB ENOSE\smart-coffee-v2\scripts\..\data\dark_20260813_165451.csv,dark,8.0,180,15954.566666666668,16722.0,2871822.0,2904.072222222222,2911.0,522733.0,2887.838888888889,2895.0,519811.0,7285.355555555556,7301.0,1311364.0,11308.744444444445,11399.0,2035574.0,2892.5777777777776,2896.0,520664.0,7589.905555555555,7704.0,1366183.0,17398.644444444446,17575.0,3131756.0,14028.05,14339.0,2525049.0,14564.583333333334,14717.0,2621625.0,5.744417725867399,0.9945036070079011,2.5080728272071453,3.9158364823084852,0.9948471315699072,2.6465132256956374,6.037444177258674,4.925798694606664,5.0556509790450015,0.1740820476019615,0.17312522425547183,0.4366104532950604,0.6816768329147231,0.17318502571462743,0.4607104413347686,1.0510106446597296,0.8574931228321971,0.8800980743930152
F:\MBKM ADB ENOSE\smart-coffee-v2\scripts\..\data\dark_20260813_165451.csv,dark,9.0,181,15678.950276243095,16034.0,2837890.0,2899.060773480663,2904.0,524730.0,2883.519337016575,2890.0,521917.0,7356.668508287293,7382.0,1331557.0,11320.707182320442,11420.0,2049048.0,2892.3259668508285,2895.0,523511.0,7636.46408839779,7663.0,1382200.0,17246.08287292818,17438.0,3121541.0,13903.370165745857,14232.0,2516510.0,14508.403314917126,14676.0,2626021.0,5.521349862258953,0.9951790633608816,2.5420110192837466,3.9325068870523414,0.996900826446281,2.6387741046831956,6.004820936639119,4.900826446280992,5.053719008264463,0.18111513034801047,0.18024198578021705,0.46039665710365474,0.7122364974429337,0.18055382312585755,0.47792191592865163,1.0875639266558563,0.8876138206311588,0.9153049769240365
F:\MBKM ADB ENOSE\smart-coffee-v2\scripts\..\data\dark_20260813_165451.csv,dark,10.0,181,14744.381215469613,15259.0,2668733.0,2896.425414364641,2902.0,524253.0,2882.795580110497,2886.0,521786.0,7393.53591160221,7402.0,1338230.0,10921.961325966851,11054.0,1976875.0,2887.243093922652,2892.0,522591.0,7448.596685082873,7582.0,1348196.0,16683.795580110498,16796.0,3019767.0,12911.331491712706,13168.0,2336951.0,13911.613259668507,14059.0,2518002.0,5.2580978635423845,0.994486560992419,2.55065472088215,3.809097174362509,0.9965541006202618,2.612680909717436,5.787732598208132,4.537560303239146,4.8445899379738115,0.19018284291237958,0.1891342814076938,0.48509076610524937,0.7244249295497739,0.18952749197195098,0.49688708303296414,1.1007274395438758,0.8629661183563798,0.921357887148568
F:\MBKM ADB ENOSE\smart-coffee-v2\scripts\..\data\light_20260813_115343.csv,light,1.0,180,14698.794444444444,17976.0,2645783.0,2953.572222222222,2961.0,531643.0,2938.711111111111,2943.0,528968.0,9082.761111111111,19453.0,1634897.0,13036.555555555555,16723.0,2346580.0,2939.983333333333,2948.0,529197.0,6224.0888888888885,12721.0,1120336.0,16424.205555555556,19092.0,2956357.0,14533.744444444445,18414.0,2616074.0,11985.894444444444,16920.0,2157461.0,6.070921985815603,0.993920972644377,6.569739952718676,5.6477541371158395,0.9956095913542722,4.296183721715637,6.447821681864235,6.218844984802431,5.714285714285714,0.1647196261682243,0.16371829105473965,1.0821651090342679,0.9302959501557633,0.16399643969737426,0.7076657765910103,1.0620827770360481,1.024365821094793,0.9412550066755674
F:\MBKM ADB ENOSE\smart-coffee-v2\scripts\..\data\light_20260813_115343.csv,light,2.0,181,14673.364640883978,15275.0,2655879.0,2947.016574585635,2955.0,533410.0,2932.022099447514,2939.0,530696.0,10656.303867403314,10729.0,1928791.0,13030.497237569061,13286.0,2358520.0,2933.966850828729,2939.0,531048.0,6951.508287292818,7032.0,1258223.0,17588.08287292818,17740.0,3183443.0,14623.370165745857,15075.0,2646830.0,12326.408839779006,12464.0,2231080.0,5.169204737732657,0.994585448392555,3.6307952622673434,4.496108291032149,0.994585448392555,2.379695431472081,6.0033840947546535,5.101522842639594,4.217935702199662,0.19345335515548281,0.19240589198036007,0.7023895253682487,0.8697872340425532,0.19240589198036007,0.4603600654664484,1.1613747954173486,0.9869067103109657,0.8159738134206219
F:\MBKM ADB ENOSE\smart-coffee-v2\scripts\..\data\light_20260813_115343.csv,light,3.0,180,15521.733333333334,16367.0,2793912.0,2934.472222222222,2942.0,528205.0,2918.766666666667,2926.0,525378.0,10790.361111111111,10814.0,1942265.0,12725.238888888889,12877.0,2290543.0,2920.7444444444445,2927.0,525734.0,7166.7555555555555,7235.0,1290016.0,17578.933333333334,17765.0,3164208.0,14494.616666666667,14955.0,2609031.0,12949.583333333334,13132.0,2330925.0,5.563222297756628,0.9945615227736234,3.6757307953772944,4.376954452753229,0.9949014276002719,2.4592114208021756,6.038409245411285,5.083276682528892,4.463630183548607,0.17975193987902488,0.17877436304759578,0.6607197409421397,0.7867660536445287,0.1788354615995601,0.44204802346184396,1.0854157756461171,0.9137288446263824,0.8023461843954298
F:\MBKM ADB ENOSE\smart-coffee-v2\scripts\..\data\light_20260813_115343.csv,light,4.0,180,15031.333333333334,15856.0,2705640.0,2925.9944444444445,2931.0,526679.0,2910.427777777778,2916.0,523877.0,10820.322222222223,10826.0,1947658.0,12235.877777777778,12411.0,2202458.0,2912.133333333333,2917.0,524184.0,7050.022222222222,7167.0,1269004.0,17235.088888888888,17432.0,3102316.0,13777.85,14237.0,2480013.0,12673.3,12924.0,2281194.0,5.409757761856022,0.9948822927328557,3.6936199249402932,4.23439099283521,0.995223473217332,2.445240532241556,5.947458205390651,4.857386557488912,4.409416581371546,0.18485116044399597,0.18390514631685168,0.6827699293642785,0.7827320887991928,0.18396821392532794,0.4520055499495459,1.0993945509586276,0.8978935418768921,0.8150857719475277
F:\MBKM ADB ENOSE\smart-coffee-v2\scripts\..\data\light_20260813_115343.csv,light,5.0,180,13342.211111111112,14034.0,2401598.0,2920.9777777777776,2925.0,525776.0,2907.1722222222224,2911.0,523291.0,10800.127777777778,10810.0,1944023.0,11679.816666666668,11846.0,2102367.0,2908.8722222222223,2913.0,523597.0,6884.372222222222,7004.0,1239187.0,16429.827777777777,16623.0,2957369.0,12535.988888888889,12898.0,2256478.0,11871.944444444445,12085.0,2136950.0,4.797948717948718,0.9952136752136752,3.695726495726496,4.04991452991453,0.9958974358974358,2.3945299145299144,5.683076923076923,4.40957264957265,4.131623931623932,0.20842240273621207,0.20742482542397037,0.7702721960951974,0.844092917201083,0.2075673364685763,0.49907367821006127,1.1844805472424114,0.9190537266638165,0.8611229870314949
F:\MBKM ADB ENOSE\smart-coffee-v2\scripts\..\data\light_20260813_115343.csv,light,6.0,181,12347.160220994476,14867.0,2234836.0,2916.7845303867402,2924.0,527938.0,2905.1878453038676,2908.0,525839.0,10758.149171270717,10777.0,1947225.0,11331.243093922652,11662.0,2050955.0,2905.8508287292816,2910.0,525959.0,6799.674033149171,7005.0,1230741.0,15815.569060773481,16545.0,2862618.0,11848.24861878453,13076.0,2144533.0,11416.436464088398,12112.0,2066375.0,5.084473324213406,0.9945280437756497,3.685704514363885,3.988372093023256,0.9952120383036935,2.3956908344733243,5.658344733242134,4.471956224350206,4.142270861833105,0.19667720454698326,0.1956009954933746,0.7248940606712854,0.7844218739490146,0.19573552162507568,0.47117777628304297,1.1128674244972085,0.8795318490616802,0.8146902535817583
F:\MBKM ADB ENOSE\smart-coffee-v2\scripts\..\data\light_20260813_115343.csv,light,7.0,181,14355.193370165745,15788.0,2598290.0,2917.1491712707184,2922.0,528004.0,2902.022099447514,2907.0,525266.0,10737.53591160221,10749.0,1943494.0,11757.917127071823,11880.0,2128183.0,2902.696132596685,2906.0,525388.0,7056.994475138122,7176.0,1277316.0,16545.298342541435,16889.0,2994699.0,13238.685082872928,13942.0,2396202.0,12459.082872928177,12824.0,2255094.0,5.403148528405202,0.9948665297741273,3.6786447638603694,4.0657084188911705,0.9945242984257358,2.455852156057495,5.779945242984257,4.771389459274469,4.388774811772758,0.18507727387889536,0.18412718520395238,0.68083354446415,0.7524702305548517,0.18406384595895617,0.45452242209272864,1.0697365087408157,0.8830757537370154,0.8122624778312643
F:\MBKM ADB ENOSE\smart-coffee-v2\scripts\..\data\light_20260813_115343.csv,light,8.0,180,1909.5833333333333,2011.0,343725.0,2873.2833333333333,2894.0,517191.0,2879.9444444444443,2898.0,518390.0,1922.05,2016.0,345969.0,1911.9666666666667,2006.0,344154.0,2873.8444444444444,2884.0,517292.0,1915.8666666666666,2015.0,344856.0,1899.9444444444443,1999.0,341990.0,1888.9888888888888,1988.0,340018.0,1892.2444444444445,1992.0,340604.0,0.6948859709744298,1.0013821700069108,0.6966136834830684,0.6931582584657913,0.9965445749827229,0.6962681409813407,0.6907394609536973,0.6869384934346925,0.6883206634416034,1.4390850323222277,1.441074092491298,1.0024863252113376,0.9975136747886624,1.4341123818995525,1.0019890601690702,0.9940328194927897,0.9885629040278469,0.9905519641969169
F:\MBKM ADB ENOSE\smart-coffee-v2\scripts\..\data\light_20260813_115343.csv,light,9.0,180,2236.6444444444446,65535.0,402596.0,2875.3055555555557,2886.0,517555.0,2881.6277777777777,2893.0,518693.0,1897.111111111111,2309.0,341480.0,2240.8888888888887,65535.0,403360.0,2878.688888888889,2886.0,518164.0,2244.261111111111,65535.0,403967.0,2230.483333333333,65535.0,401487.0,2222.2944444444443,65535.0,400013.0,2224.6666666666665,65534.0,400440.0,22.70790020790021,1.0024255024255024,0.8000693000693001,22.70790020790021,1.0,22.70790020790021,22.70790020790021,22.70790020790021,22.707553707553707,0.044037537193865876,0.04414435034714275,0.03523308155947204,1.0,0.044037537193865876,1.0,1.0,1.0,0.9999847409781033
F:\MBKM ADB ENOSE\smart-coffee-v2\scripts\..\data\light_20260813_115343.csv,light,10.0,180,1920.3444444444444,1926.0,345662.0,2898.9666666666667,2908.0,521814.0,2904.5944444444444,2913.0,522827.0,1924.1444444444444,1929.0,346346.0,1914.2444444444445,1919.0,344564.0,2897.9444444444443,2906.0,521630.0,1924.7277777777779,1930.0,346451.0,1909.2777777777778,1915.0,343670.0,1898.2277777777779,1904.0,341681.0,1901.6277777777777,1907.0,342293.0,0.6623108665749656,1.0017193947730398,0.6633425034387895,0.6599037138927097,0.9993122420907841,0.6636863823933975,0.6585281980742779,0.6547455295735901,0.655777166437414,1.509865005192108,1.5124610591900312,1.0015576323987538,0.9963655244029076,1.5088265835929386,1.0020768431983385,0.994288681204569,0.9885773624091381,0.990134994807892
F:\MBKM ADB ENOSE\smart-coffee-v2\scripts\..\data\medium_20260811_170159.csv,medium,1.0,180,12287.055555555555,12480.0,2211670.0,2942.072222222222,2946.0,529573.0,2932.2444444444445,2937.0,527804.0,9666.705555555556,9674.0,1740007.0,9116.016666666666,9147.0,1640883.0,2944.7277777777776,2948.0,530051.0,8669.105555555556,8691.0,1560439.0,11445.283333333333,11595.0,2060151.0,10680.41111111111,10795.0,1922474.0,12897.855555555556,13017.0,2321614.0,4.236252545824847,0.9969450101832994,3.28377460964019,3.104887983706721,1.0006788866259335,2.95010183299389,3.935845213849287,3.6642905634758995,4.418533604887983,0.2360576923076923,0.23533653846153846,0.7751602564102564,0.7329326923076923,0.2362179487179487,0.6963942307692308,0.9290865384615384,0.8649839743589743,1.0430288461538462
F:\MBKM ADB ENOSE\smart-coffee-v2\scripts\..\data\medium_20260811_170159.csv,medium,2.0,181,10347.867403314916,11072.0,1872964.0,2939.193370165746,2943.0,531994.0,2932.4696132596687,2936.0,530777.0,9670.06629834254,9689.0,1750282.0,8947.060773480664,9062.0,1619418.0,2944.049723756906,2947.0,532873.0,8619.546961325967,8766.0,1560138.0,10152.839779005524,10535.0,1837664.0,9949.828729281768,10160.0,1800919.0,12174.055248618784,12333.0,2203504.0,3.762147468569487,0.9976214746856948,3.292218824328916,3.0791709140332992,1.00135915732246,2.978593272171254,3.579680598029222,3.45225959904859,4.190621814475025,0.2658056358381503,0.2651734104046243,0.8750903179190751,0.8184609826589595,0.2661669075144509,0.7917268786127167,0.9514992774566474,0.9176300578034682,1.1138908959537572
F:\MBKM ADB ENOSE\smart-coffee-v2\scripts\..\data\medium_20260811_170159.csv,medium,3.0,180,11496.33888888889,13453.0,2069341.0,2939.8555555555554,2946.0,529174.0,2930.222222222222,2933.0,527440.0,9716.455555555556,9724.0,1748962.0,9288.8,9492.0,1671984.0,2942.488888888889,2947.0,529648.0,8848.861111111111,9013.0,1592795.0,10852.172222222222,11913.0,1953391.0,10953.433333333332,11787.0,1971618.0,13011.683333333332,13751.0,2342103.0,4.56653088934148,0.9955872369314325,3.300746775288527,3.2219959266802443,1.0003394433129666,3.0594025797691784,4.043788187372709,4.0010183299389,4.6676849966055665,0.21898461309745038,0.2180182858841894,0.7228127555192151,0.7055675314056344,0.2190589459600089,0.6699620902400951,0.8855273916598528,0.8761614509774771,1.022151193042444
F:\MBKM ADB ENOSE\smart-coffee-v2\scripts\..\data\medium_20260811_170159.csv,medium,4.0,180,11142.122222222222,11389.0,2005582.0,2937.911111111111,2941.0,528824.0,2928.061111111111,2932.0,527051.0,9734.933333333332,9739.0,1752288.0,9333.6,9363.0,1680048.0,2942.0833333333335,2946.0,529575.0,8901.433333333332,8940.0,1602258.0,10580.427777777777,10709.0,1904477.0,10898.877777777778,11019.0,1961798.0,12968.388888888889,13075.0,2334310.0,3.8724923495409724,0.9969398163889833,3.311458687521251,3.1836110166609997,1.0017001020061205,3.039782386943217,3.6412784767086026,3.7466848010880653,4.44576674600476,0.258231627008517,0.25744139081569933,0.855123364650101,0.8221090525946089,0.2586706471156379,0.7849679515321801,0.9402932654315568,0.967512512073053,1.1480375801211695
F:\MBKM ADB ENOSE\smart-coffee-v2\scripts\..\data\medium_20260811_170159.csv,medium,5.0,180,10948.138888888889,11044.0,1970665.0,2935.9555555555557,2939.0,528472.0,2926.8611111111113,2929.0,526835.0,9759.383333333333,9766.0,1756689.0,9368.1,9377.0,1686258.0,2940.072222222222,2944.0,529213.0,8939.166666666666,8952.0,1609050.0,10506.555555555555,10594.0,1891180.0,10956.727777777778,10989.0,1972211.0,13021.138888888889,13057.0,2343805.0,3.7577407281388227,0.9965974821367812,3.3228989452194626,3.190541000340252,1.0017012589316094,3.0459339911534538,3.6046274242939775,3.7390268798911195,4.442667574004764,0.2661173487866715,0.2652118797537124,0.8842810575878305,0.8490583122057226,0.266570083303151,0.8105758783049619,0.9592538935168418,0.9950199203187251,1.1822709163346614
F:\MBKM ADB ENOSE\smart-coffee-v2\scripts\..\data\medium_20260811_170159.csv,medium,6.0,180,10812.822222222223,10847.0,1946308.0,2935.1,2938.0,528318.0,2925.8777777777777,2928.0,526658.0,9786.422222222222,9806.0,1761556.0,9371.072222222223,9386.0,1686793.0,2936.9333333333334,2942.0,528648.0,8960.155555555555,8972.0,1612828.0,10347.522222222222,10392.0,1862554.0,10943.783333333333,10978.0,1969881.0,12983.527777777777,13000.0,2337035.0,3.6919673247106877,0.9965963240299524,3.337644656228727,3.1946902654867255,1.0013614703880191,3.0537780803267527,3.5371000680735194,3.736555479918312,4.424778761061947,0.27085830183460863,0.26993638794136626,0.9040287637134692,0.8653083801972896,0.2712270673919056,0.8271411450170554,0.9580529178574722,1.0120770720014751,1.1984880612150826
F:\MBKM ADB ENOSE\smart-coffee-v2\scripts\..\data\medium_20260811_170159.csv,medium,7.0,180,10827.33888888889,10891.0,1948921.0,2931.616666666667,2936.0,527691.0,2923.6444444444446,2927.0,526256.0,9827.544444444444,9835.0,1768958.0,9386.355555555556,9420.0,1689544.0,2932.1388888888887,2936.0,527785.0,8964.333333333334,8997.0,1613580.0,10270.166666666666,10299.0,1848630.0,11016.91111111111,11073.0,1983044.0,12988.33888888889,13023.0,2337901.0,3.709468664850136,0.9969346049046321,3.3497956403269753,3.2084468664850134,1.0,3.064373297002725,3.50783378746594,3.771457765667575,4.435626702997276,0.2695803874758975,0.2687540170783215,0.9030392066844183,0.8649343494628592,0.2695803874758975,0.8260949407767881,0.9456431916261133,1.0167110458176476,1.1957579652924433
F:\MBKM ADB ENOSE\smart-coffee-v2\scripts\..\data\medium_20260811_170159.csv,medium,8.0,181,10774.259668508288,11363.0,1950141.0,2937.1767955801106,2942.0,531629.0,2928.1436464088397,2933.0,529994.0,9750.0773480663,9800.0,1764764.0,9156.635359116022,9215.0,1657351.0,2939.75138121547,2946.0,532095.0,8740.651933701658,8820.0,1582058.0,9918.92817679558,10178.0,1795326.0,10742.889502762431,10945.0,1944463.0,12694.718232044199,12864.0,2297744.0,3.8623385452073418,0.9969408565601632,3.3310673011556764,3.1322229775662813,1.0013596193065941,2.997960571040109,3.4595513256288237,3.720258327668253,4.372535690006798,0.2589104989879433,0.25811845463345945,0.8624482971046379,0.8109654140631876,0.2592625187010473,0.7762034673941741,0.8957141599929596,0.9632139399806389,1.1320953973422512
F:\MBKM ADB ENOSE\smart-coffee-v2\scripts\..\data\medium_20260811_170159.csv,medium,9.0,181,11018.740331491712,11153.0,1994392.0,2940.0552486187844,2945.0,532150.0,2931.6187845303866,2937.0,530623.0,9599.0,9666.0,1737419.0,9050.745856353591,9158.0,1638185.0,2944.049723756906,2947.0,532873.0,8618.038674033149,8746.0,1559865.0,9931.723756906078,10066.0,1797642.0,10734.381215469613,10782.0,1942923.0,12682.441988950277,12784.0,2295522.0,3.7870967741935484,0.997283531409168,3.2821731748726655,3.109677419354839,1.000679117147708,2.969779286926995,3.4179966044142613,3.6611205432937184,4.340916808149406,0.26405451448040884,0.26333721868555543,0.8666726441316238,0.8211243611584327,0.26423383842912224,0.7841836277234825,0.9025374338742939,0.9667354075136735,1.1462386801757374
F:\MBKM ADB ENOSE\smart-coffee-v2\scripts\..\data\medium_20260811_170159.csv,medium,10.0,180,10704.316666666668,11430.0,1926777.0,2939.722222222222,2944.0,529150.0,2932.8444444444444,2936.0,527912.0,9560.927777777777,9569.0,1720967.0,9182.611111111111,9239.0,1652870.0,2945.483333333333,2948.0,530187.0,8747.544444444444,8802.0,1574558.0,9913.68888888889,10295.0,1784464.0,10809.961111111112,11007.0,1945793.0,12820.011111111111,13016.0,2307602.0,3.8824728260869565,0.9972826086956522,3.2503396739130435,3.138247282608696,1.0013586956521738,2.989809782608696,3.496942934782609,3.7387907608695654,4.421195652173913,0.2575678040244969,0.2568678915135608,0.8371828521434821,0.8083114610673666,0.257917760279965,0.7700787401574803,0.9006999125109362,0.962992125984252,1.1387576552930883
F:\MBKM ADB ENOSE\smart-coffee-v2\scripts\..\data\medium_20260813_160059.csv,medium,1.0,180,15414.305555555555,17512.0,2774575.0,2953.761111111111,2960.0,531677.0,2937.6055555555554,2942.0,528769.0,9239.111111111111,9328.0,1663040.0,10789.794444444444,11354.0,1942163.0,2939.2722222222224,2949.0,529069.0,7190.627777777778,7639.0,1294313.0,16818.705555555556,17545.0,3027367.0,13724.772222222222,15424.0,2470459.0,14410.544444444444,15192.0,2593898.0,5.916216216216216,0.9939189189189189,3.151351351351351,3.835810810810811,0.9962837837837838,2.5807432432432433,5.927364864864865,5.210810810810811,5.132432432432433,0.16902695294655093,0.16799908634079488,0.5326633165829145,0.6483554134307903,0.16839881224303335,0.4362151667428049,1.0018844221105527,0.8807674737322978,0.8675194152581087
F:\MBKM ADB ENOSE\smart-coffee-v2\scripts\..\data\medium_20260813_160059.csv,medium,2.0,181,17008.414364640885,18157.0,3078523.0,2942.1381215469614,2949.0,532527.0,2923.8618784530386,2931.0,529219.0,9405.558011049723,9427.0,1702406.0,10946.745856353591,11452.0,1981361.0,2927.756906077348,2935.0,529924.0,7127.055248618784,7582.0,1289997.0,17944.292817679558,18452.0,3247917.0,14855.60773480663,15881.0,2688865.0,14955.78453038674,15653.0,2706997.0,6.157002373685995,0.9938962360122076,3.1966768396066465,3.8833502882332995,0.9952526280094948,2.571041030857918,6.257036283485927,5.385215327229569,5.307900983384198,0.16241669879385362,0.16142534559673954,0.5191936993996805,0.6307209340750124,0.16164564630720935,0.41757999669548934,1.016247177397147,0.8746488957426888,0.8620917552459106
F:\MBKM ADB ENOSE\smart-coffee-v2\scripts\..\data\medium_20260813_160059.csv,medium,3.0,181,14246.93370165746,15442.0,2578695.0,2931.3204419889503,2936.0,530569.0,2917.022099447514,2922.0,527981.0,9423.220994475138,9437.0,1705603.0,10382.39226519337,10696.0,1879213.0,2918.016574585635,2924.0,528161.0,7051.325966850829,7260.0,1276290.0,16554.24861878453,17022.0,2996319.0,12561.917127071823,13490.0,2273707.0,13681.812154696132,14151.0,2476408.0,5.259536784741145,0.9952316076294278,3.2142370572207084,3.6430517711171664,0.9959128065395095,2.47275204359673,5.797683923705722,4.594686648501362,4.819822888283379,0.19013081207097526,0.18922419375728533,0.6111255018779951,0.6926563916591115,0.18935371065924103,0.47014635409920996,1.102318352545007,0.8735915036912317,0.9163968397875922
F:\MBKM ADB ENOSE\smart-coffee-v2\scripts\..\data\medium_20260813_160059.csv,medium,4.0,180,14241.027777777777,15685.0,2563385.0,2926.972222222222,2932.0,526855.0,2912.2277777777776,2917.0,524201.0,9323.277777777777,9374.0,1678190.0,10275.177777777777,10534.0,1849532.0,2913.3944444444446,2917.0,524411.0,7012.122222222222,7222.0,1262182.0,16346.394444444444,16678.0,2942351.0,12399.416666666666,13119.0,2231895.0,13531.583333333334,13877.0,2435685.0,5.349590723055934,0.9948840381991815,3.1971350613915415,3.592769440654843,0.9948840381991815,2.4631650750341065,5.688267394270123,4.474420190995907,4.732946793997272,0.1869301880777813,0.18597386037615557,0.5976410583359898,0.671597067261715,0.18597386037615557,0.46043991074274787,1.0633088938476252,0.8364042078418872,0.8847306343640421
F:\MBKM ADB ENOSE\smart-coffee-v2\scripts\..\data\medium_20260813_160059.csv,medium,5.0,180,14210.105555555556,15262.0,2557819.0,2921.3444444444444,2927.0,525842.0,2906.733333333333,2912.0,523212.0,9185.68888888889,9246.0,1653424.0,10546.322222222223,10629.0,1898338.0,2908.7277777777776,2914.0,523571.0,7197.872222222222,7276.0,1295617.0,16384.3,16611.0,2949174.0,12875.05,13272.0,2317509.0,13787.466666666667,13945.0,2481744.0,5.214212504270584,0.9948752989408951,3.1588657328322514,3.631363170481722,0.9955585924154424,2.4858216604031433,5.67509395285275,4.534335497096003,4.764263751281176,0.1917835146114533,0.19080068143100512,0.6058183724282532,0.6964355916655747,0.19093172585506488,0.47673961472939325,1.0883894640283056,0.8696107980605425,0.9137072467566505
F:\MBKM ADB ENOSE\smart-coffee-v2\scripts\..\data\medium_20260813_160059.csv,medium,6.0,180,15071.488888888889,15807.0,2712868.0,2916.027777777778,2921.0,524885.0,2900.733333333333,2904.0,522132.0,8971.211111111112,9260.0,1614818.0,10961.566666666668,11188.0,1973082.0,2901.2277777777776,2907.0,522221.0,7316.3388888888885,7428.0,1316941.0,16830.12777777778,17020.0,3029423.0,13881.627777777778,14342.0,2498693.0,14359.627777777778,14635.0,2584733.0,5.4115029099623415,0.9941800753166724,3.1701472098596373,3.830195138651147,0.9952071208490243,2.542964738103389,5.826771653543307,4.909962341663814,5.01027045532352,0.184791548048333,0.1837160751565762,0.585816410451066,0.7077876889985449,0.18390586449041563,0.469918390586449,1.0767381539824128,0.9073195419750744,0.9258556335800595
F:\MBKM ADB ENOSE\smart-coffee-v2\scripts\..\data\medium_20260813_160059.csv,medium,7.0,180,13865.705555555556,15456.0,2495827.0,2908.6666666666665,2914.0,523560.0,2894.188888888889,2899.0,520954.0,8819.222222222223,8899.0,1587460.0,10697.18888888889,10984.0,1925494.0,2892.938888888889,2901.0,520729.0,7277.472222222223,7448.0,1309945.0,16258.855555555556,16770.0,2926594.0,12926.3,13838.0,2326734.0,13834.772222222222,14309.0,2490259.0,5.304049416609471,0.9948524365133836,3.0538778311599177,3.769389155799588,0.9955387783115992,2.555936856554564,5.754975978037063,4.748798901853123,4.910432395332876,0.1885351966873706,0.18756469979296067,0.5757634575569358,0.7106625258799172,0.18769409937888198,0.48188405797101447,1.0850155279503106,0.895315734989648,0.9257893374741201
F:\MBKM ADB ENOSE\smart-coffee-v2\scripts\..\data\medium_20260813_160059.csv,medium,8.0,180,13571.388888888889,14515.0,2442850.0,2907.3055555555557,2912.0,523315.0,2893.35,2897.0,520803.0,8569.238888888889,8676.0,1542463.0,10526.905555555555,10799.0,1894843.0,2892.5666666666666,2896.0,520662.0,7186.127777777778,7449.0,1293503.0,15945.994444444445,16222.0,2870279.0,12561.477777777778,13085.0,2261066.0,13550.433333333332,13871.0,2439078.0,4.9845467032967035,0.9948489010989011,2.9793956043956045,3.708447802197802,0.9945054945054945,2.5580357142857144,5.570741758241758,4.493475274725275,4.763392857142857,0.20062004822597312,0.1995866345160179,0.5977264898380985,0.7439889769204271,0.19951774026868757,0.5131932483637617,1.1176024801929039,0.9014812263176025,0.955632104719256
F:\MBKM ADB ENOSE\smart-coffee-v2\scripts\..\data\medium_20260813_160059.csv,medium,9.0,181,16065.00552486188,17128.0,2907766.0,2911.745856353591,2917.0,527026.0,2894.1767955801106,2898.0,523846.0,8268.624309392266,8403.0,1496621.0,10876.563535911602,11064.0,1968658.0,2892.254143646409,2896.0,523498.0,7203.14364640884,7491.0,1303769.0,17305.67955801105,17663.0,3132328.0,14329.806629834255,14894.0,2593695.0,14372.303867403314,14679.0,2601387.0,5.871786081590676,0.9934864586904354,2.880699348645869,3.7929379499485774,0.9928008227631128,2.5680493657867673,6.0551936921494685,5.10593075077134,5.032224888584162,0.17030593180756656,0.16919663708547408,0.49060018682858475,0.6459598318542737,0.16907986921999066,0.4373540401681457,1.0312354040168146,0.869570294255021,0.8570177487155535
F:\MBKM ADB ENOSE\smart-coffee-v2\scripts\..\data\medium_20260813_160059.csv,medium,10.0,181,13719.265193370165,14047.0,2483187.0,2908.453038674033,2913.0,526430.0,2893.5911602209944,2897.0,523740.0,8021.640883977901,8086.0,1451917.0,10563.635359116022,10633.0,1912018.0,2892.519337016575,2896.0,523546.0,7229.922651933702,7290.0,1308616.0,16206.182320441989,16381.0,2933319.0,12721.060773480664,12982.0,2302512.0,13603.817679558011,13702.0,2462291.0,4.822176450394782,0.9945073807071747,2.7758324751115686,3.650188808788191,0.9941640920013731,2.502574665293512,5.6234122897356675,4.4565739787161,4.703741846893237,0.20737524026482523,0.20623620701929238,0.5756389264611661,0.7569587812344273,0.20616501744144658,0.5189720224959066,1.1661564746921051,0.9241830995942194,0.9754395956431978
