label,phase,cycle,sample_idx,timestamp,adc_tgs822,adc_mq135,adc_mq9,adc_tgs2611,adc_tgs2620,adc_tgs2600,adc_tgs2602,adc_mq8,adc_tgs813,adc_tgs816,source_file
light,collecting,1,1,2201,1873,2978,2987,1997,1995,2979,1841,1991,2008,2010,D:\ENOSE\smart-coffee-v2-hardware\smart-coffee-v2-hardware\scripts\..\data\light_20260810_160508.csv
light,collecting,1,2,3202,1880,2981,2984,1999,1996,2976,1853,1993,2008,2011,D:\ENOSE\smart-coffee-v2-hardware\smart-coffee-v2-hardware\scripts\..\data\light_20260810_160508.csv
light,collecting,1,3,4201,1883,2981,2982,2001,1996,2976,1858,1994,2009,2012,D:\ENOSE\smart-coffee-v2-hardware\smart-coffee-v2-hardware\scripts\..\data\light_20260810_160508.csv
light,collecting,1,4,5201,1885,2979,2985,2001,1997,2982,1861,1995,2009,2013,D:\ENOSE\smart-coffee-v2-hardware\smart-coffee-v2-hardware\scripts\..\data\light_20260810_160508.csv
light,collecting,1,5,6201,1885,2981,2982,2002,1997,2982,1862,1995,2009,2013,D:\ENOSE\smart-coffee-v2-hardware\smart-coffee-v2-hardware\scripts\..\data\light_20260810_160508.csv
light,collecting,1,6,7201,1885,2981,2987,2002,1998,2979,1863,1995,2010,2013,D:\ENOSE\smart-coffee-v2-hardware\smart-coffee-v2-hardware\scripts\..\data\light_20260810_160508.csv
light,collecting,1,7,8202,1886,2981,2985,2002,1998,2977,1864,1995,2010,2013,D:\ENOSE\smart-coffee-v2-hardware\smart-coffee-v2-hardware\scripts\..\data\light_20260810_160508.csv
light,collecting,1,8,9201,1886,2982,2984,2002,2000,2979,1865,1994,2011,2012,D:\ENOSE\smart-coffee-v2-hardware\smart-coffee-v2-hardware\scripts\..\data\light_20260810_160508.csv
light,collecting,1,9,10202,1886,2981,2984,2002,2000,2979,1866,1994,2011,2012,D:\ENOSE\smart-coffee-v2-hardware\smart-coffee-v2-hardware\scripts\..\data\light_20260810_160508.csv
light,collecting,1,10,11201,1887,2981,2989,2001,2001,2981,1866,1994,2012,2012,D:\ENOSE\smart-coffee-v2-hardware\smart-coffee-v2-hardware\scripts\..\data\light_20260810_160508.csv
light,collecting,1,11,12201,1887,2981,2985,2000,2000,2979,1866,1994,2012,2012,D:\ENOSE\smart-coffee-v2-hardware\smart-coffee-v2-hardware\scripts\..\data\light_20260810_160508.csv
light,collecting,1,12,13201,1887,2978,2985,2001,2001,2976,1865,1994,2012,2012,D:\ENOSE\smart-coffee-v2-hardware\smart-coffee-v2-hardware\scripts\..\data\light_20260810_160508.csv
light,collecting,1,13,14201,1888,2981,2987,2001,2000,2979,1865,1995,2011,2013,D:\ENOSE\smart-coffee-v2-hardware\smart-coffee-v2-hardware\scripts\..\data\light_20260810_160508.csv
light,collecting,1,14,15201,1887,2978,2985,2001,2000,2979,1864,1996,2010,2013,D:\ENOSE\smart-coffee-v2-hardware\smart-coffee-v2-hardware\scripts\..\data\light_20260810_160508.csv
light,collecting,1,15,16201,1887,2979,2985,2001,1999,2976,1863,1996,2010,2013,D:\ENOSE\smart-coffee-v2-hardware\smart-coffee-v2-hardware\scripts\..\data\light_20260810_160508.csv
light,collecting,1,16,17202,1887,2981,2984,2002,1999,2976,1863,1996,2010,2014,D:\ENOSE\smart-coffee-v2-hardware\smart-coffee-v2-hardware\scripts\..\data\light_20260810_160508.csv
light,collecting,1,17,18201,1886,2981,2982,2003,1998,2980,1863,1996,2010,2014,D:\ENOSE\smart-coffee-v2-hardware\smart-coffee-v2-hardware\scripts\..\data\light_20260810_160508.csv
light,collecting,1,18,19202,1886,2981,2985,2003,1998,2979,1863,1997,2010,2014,D:\ENOSE\smart-coffee-v2-hardware\smart-coffee-v2-hardware\scripts\..\data\light_20260810_160508.csv
light,collecting,1,19,20201,1886,2981,2985,2003,1998,2979,1863,1997,2010,2014,D:\ENOSE\smart-coffee-v2-hardware\smart-coffee-v2-hardware\scripts\..\data\light_20260810_160508.csv
light,collecting,1,20,21201,1886,2981,2987,2003,1998,2977,1863,1997,2010,2014,D:\ENOSE\smart-coffee-v2-hardware\smart-coffee-v2-hardware\scripts\..\data\light_20260810_160508.csv
light,collecting,1,21,22201,1885,2982,2989,2002,1999,2979,1864,1996,2010,2013,D:\ENOSE\smart-coffee-v2-hardware\smart-coffee-v2-hardware\scripts\..\data\light_20260810_160508.csv
light,collecting,1,22,23201,1885,2982,2984,2003,1999,2979,1864,1995,2010,2013,D:\ENOSE\smart-coffee-v2-hardware\smart-coffee-v2-hardware\scripts\..\data\light_20260810_160508.csv
light,collecting,1,23,24202,1885,2981,2985,2003,1999,2976,1864,1995,2011,2013,D:\ENOSE\smart-coffee-v2-hardware\smart-coffee-v2-hardware\scripts\..\data\light_20260810_160508.csv
light,collecting,1,24,25201,1886,2982,2985,2002,2001,2979,1866,1995,2012,2013,D:\ENOSE\smart-coffee-v2-hardware\smart-coffee-v2-hardware\scripts\..\data\light_20260810_160508.csv
light,collecting,1,25,26202,1886,2978,2987,2002,2001,2977,1865,1995,2012,2012,D:\ENOSE\smart-coffee-v2-hardware\smart-coffee-v2-hardware\scripts\..\data\light_20260810_160508.csv
light,collecting,1,26,27201,1887,2982,2989,2002,2001,2976,1866,1994,2012,2012,D:\ENOSE\smart-coffee-v2-hardware\smart-coffee-v2-hardware\scripts\..\data\light_20260810_160508.csv
light,collecting,1,27,28201,1887,2981,2989,2002,2001,2976,1866,1994,2012,2012,D:\ENOSE\smart-coffee-v2-hardware\smart-coffee-v2-hardware\scripts\..\data\light_20260810_160508.csv
light,collecting,1,28,29201,1887,2981,2985,2002,2001,2977,1866,1995,2012,2012,D:\ENOSE\smart-coffee-v2-hardware\smart-coffee-v2-hardware\scripts\..\data\light_20260810_160508.csv
light,collecting,1,29,30201,1887,2982,2989,2001,2001,2976,1866,1994,2012,2012,D:\ENOSE\smart-coffee-v2-hardware\smart-coffee-v2-hardware\scripts\..\data\light_20260810_160508.csv
light,collecting,1,30,31201,1887,2981,2987,2001,2001,2976,1865,1994,2012,2012,D:\ENOSE\smart-coffee-v2-hardware\smart-coffee-v2-hardware\scripts\..\data\light_20260810_160508.csv
light,collecting,1,31,32201,1888,2982,2987,2001,2001,2976,1865,1994,2011,2013,D:\ENOSE\smart-coffee-v2-hardware\smart-coffee-v2-hardware\scripts\..\data\light_20260810_160508.csv
light,collecting,1,32,33202,1888,2981,2987,2001,2001,2980,1865,1995,2012,2013,D:\ENOSE\smart-coffee-v2-hardware\smart-coffee-v2-hardware\scripts\..\data\light_20260810_160508.csv
light,collecting,1,33,34201,1888,2979,2989,2002,1999,2979,1864,1996,2011,2014,D:\ENOSE\smart-coffee-v2-hardware\smart-coffee-v2-hardware\scripts\..\data\light_20260810_160508.csv
light,collecting,1,34,35202,1888,2978,2987,2001,2000,2981,1864,1996,2011,2014,D:\ENOSE\smart-coffee-v2-hardware\smart-coffee-v2-hardware\scripts\..\data\light_20260810_160508.csv
light,collecting,1,35,36201,1887,2981,2984,2002,1999,2976,1864,1997,2011,2014,D:\ENOSE\smart-coffee-v2-hardware\smart-coffee-v2-hardware\scripts\..\data\light_20260810_160508.csv
light,collecting,1,36,37201,1888,2981,2987,2002,1999,2976,1863,1997,2010,2014,D:\ENOSE\smart-coffee-v2-hardware\smart-coffee-v2-hardware\scripts\..\data\light_20260810_160508.csv
light,collecting,1,37,38201,1887,2981,2984,2003,1999,2980,1863,1997,2011,2014,D:\ENOSE\smart-coffee-v2-hardware\smart-coffee-v2-hardware\scripts\..\data\light_20260810_160508.csv
light,collecting,1,38,39201,1887,2981,2987,2003,1999,2977,1863,1997,2010,2014,D:\ENOSE\smart-coffee-v2-hardware\smart-coffee-v2-hardware\scripts\..\data\light_20260810_160508.csv
light,collecting,1,39,40202,1886,2979,2989,2003,1999,2977,1863,1997,2010,2014,D:\ENOSE\smart-coffee-v2-hardware\smart-coffee-v2-hardware\scripts\..\data\light_20260810_160508.csv
light,collecting,1,40,41201,1886,2981,2982,2004,1999,2980,1863,1997,2010,2014,D:\ENOSE\smart-coffee-v2-hardware\smart-coffee-v2-hardware\scripts\..\data\light_20260810_160508.csv
light,collecting,1,41,42202,1886,2981,2982,2004,1999,2980,1863,1997,2011,2014,D:\ENOSE\smart-coffee-v2-hardware\smart-coffee-v2-hardware\scripts\..\data\light_20260810_160508.csv
light,collecting,1,42,43201,1886,2982,2985,2003,1999,2982,1864,1997,2011,2014,D:\ENOSE\smart-coffee-v2-hardware\smart-coffee-v2-hardware\scripts\..\data\light_20260810_160508.csv
light,collecting,1,43,44201,1886,2982,2982,2003,1999,2977,1864,1997,2011,2014,D:\ENOSE\smart-coffee-v2-hardware\smart-coffee-v2-hardware\scripts\..\data\light_20260810_160508.csv
light,collecting,1,44,45201,1886,2982,2987,2003,2000,2979,1864,1996,2011,2013,D:\ENOSE\smart-coffee-v2-hardware\smart-coffee-v2-hardware\scripts\..\data\light_20260810_160508.csv
light,collecting,1,45,46201,1886,2982,2985,2003,2000,2979,1865,1996,2012,2014,D:\ENOSE\smart-coffee-v2-hardware\smart-coffee-v2-hardware\scripts\..\data\light_20260810_160508.csv
light,collecting,1,46,47201,1886,2979,2984,2003,2001,2976,1865,1996,2012,2013,D:\ENOSE\smart-coffee-v2-hardware\smart-coffee-v2-hardware\scripts\..\data\light_20260810_160508.csv
light,collecting,1,47,48201,1886,2982,2985,2002,2001,2976,1866,1996,2012,2013,D:\ENOSE\smart-coffee-v2-hardware\smart-coffee-v2-hardware\scripts\..\data\light_20260810_160508.csv
light,collecting,1,48,49202,1887,2982,2984,2002,2001,2976,1866,1995,2012,2013,D:\ENOSE\smart-coffee-v2-hardware\smart-coffee-v2-hardware\scripts\..\data\light_20260810_160508.csv
light,collecting,1,49,50201,1887,2982,2985,2002,2002,2976,1866,1995,2012,2013,D:\ENOSE\smart-coffee-v2-hardware\smart-coffee-v2-hardware\scripts\..\data\light_20260810_160508.csv
light,collecting,1,50,51202,1888,2982,2984,2002,2001,2976,1866,1995,2012,2013,D:\ENOSE\smart-coffee-v2-hardware\smart-coffee-v2-hardware\scripts\..\data\light_20260810_160508.csv
light,collecting,1,51,52201,1888,2982,2985,2002,2001,2976,1866,1995,2012,2012,D:\ENOSE\smart-coffee-v2-hardware\smart-coffee-v2-hardware\scripts\..\data\light_20260810_160508.csv
light,collecting,1,52,53201,1888,2982,2987,2002,2001,2976,1866,1995,2012,2013,D:\ENOSE\smart-coffee-v2-hardware\smart-coffee-v2-hardware\scripts\..\data\light_20260810_160508.csv
light,collecting,1,53,54201,1888,2981,2985,2002,2001,2979,1866,1996,2012,2013,D:\ENOSE\smart-coffee-v2-hardware\smart-coffee-v2-hardware\scripts\..\data\light_20260810_160508.csv
light,collecting,1,54,55201,1888,2981,2987,2002,2001,2976,1866,1996,2012,2013,D:\ENOSE\smart-coffee-v2-hardware\smart-coffee-v2-hardware\scripts\..\data\light_20260810_160508.csv
light,collecting,1,55,56202,1888,2981,2987,2001,2001,2976,1865,1995,2012,2013,D:\ENOSE\smart-coffee-v2-hardware\smart-coffee-v2-hardware\scripts\..\data\light_20260810_160508.csv
light,collecting,1,56,57201,1888,2981,2987,2002,2000,2979,1864,1996,2011,2014,D:\ENOSE\smart-coffee-v2-hardware\smart-coffee-v2-hardware\scripts\..\data\light_20260810_160508.csv
light,collecting,1,57,58202,1888,2982,2987,2001,2001,2979,1865,1996,2011,2014,D:\ENOSE\smart-coffee-v2-hardware\smart-coffee-v2-hardware\scripts\..\data\light_20260810_160508.csv
light,collecting,1,58,59201,1888,2981,2987,2002,2000,2976,1864,1997,2011,2014,D:\ENOSE\smart-coffee-v2-hardware\smart-coffee-v2-hardware\scripts\..\data\light_20260810_160508.csv
light,collecting,1,59,60201,1888,2981,2987,2002,2000,2979,1864,1997,2011,2014,D:\ENOSE\smart-coffee-v2-hardware\smart-coffee-v2-hardware\scripts\..\data\light_20260810_160508.csv
light,collecting,1,60,61201,1887,2981,2989,2002,2000,2976,1864,1998,2012,2015,D:\ENOSE\smart-coffee-v2-hardware\smart-coffee-v2-hardware\scripts\..\data\light_20260810_160508.csv
light,collecting,1,61,62201,1887,2979,2987,2003,2000,2976,1863,1997,2011,2015,D:\ENOSE\smart-coffee-v2-hardware\smart-coffee-v2-hardware\scripts\..\data\light_20260810_160508.csv
light,collecting,1,62,63201,1887,2981,2989,2003,1999,2980,1863,1997,2011,2015,D:\ENOSE\smart-coffee-v2-hardware\smart-coffee-v2-hardware\scripts\..\data\light_20260810_160508.csv
light,collecting,1,63,64201,1887,2981,2984,2003,2000,2977,1864,1997,2011,2015,D:\ENOSE\smart-coffee-v2-hardware\smart-coffee-v2-hardware\scripts\..\data\light_20260810_160508.csv
light,collecting,1,64,65202,1887,2981,2987,2004,2000,2979,1863,1998,2011,2015,D:\ENOSE\smart-coffee-v2-hardware\smart-coffee-v2-hardware\scripts\..\data\light_20260810_160508.csv
light,collecting,1,65,66201,1887,2979,2987,2004,2000,2978,1863,1998,2011,2015,D:\ENOSE\smart-coffee-v2-hardware\smart-coffee-v2-hardware\scripts\..\data\light_20260810_160508.csv
light,collecting,1,66,67202,1887,2982,2987,2004,2000,2980,1863,1998,2012,2015,D:\ENOSE\smart-coffee-v2-hardware\smart-coffee-v2-hardware\scripts\..\data\light_20260810_160508.csv
light,collecting,1,67,68201,1887,2981,2987,2004,1999,2982,1863,1998,2011,2015,D:\ENOSE\smart-coffee-v2-hardware\smart-coffee-v2-hardware\scripts\..\data\light_20260810_160508.csv
light,collecting,1,68,69201,1887,2982,2984,2004,2000,2978,1864,1998,2011,2015,D:\ENOSE\smart-coffee-v2-hardware\smart-coffee-v2-hardware\scripts\..\data\light_20260810_160508.csv
light,collecting,1,69,70201,1887,2982,2982,2004,2000,2982,1864,1998,2012,2014,D:\ENOSE\smart-coffee-v2-hardware\smart-coffee-v2-hardware\scripts\..\data\light_20260810_160508.csv
light,collecting,1,70,71201,1887,2978,2985,2004,2000,2980,1864,1998,2012,2015,D:\ENOSE\smart-coffee-v2-hardware\smart-coffee-v2-hardware\scripts\..\data\light_20260810_160508.csv
light,collecting,1,71,72202,1887,2982,2982,2004,2000,2982,1864,1998,2012,2015,D:\ENOSE\smart-coffee-v2-hardware\smart-coffee-v2-hardware\scripts\..\data\light_20260810_160508.csv
light,collecting,1,72,73201,1887,2979,2984,2004,2000,2979,1865,1997,2012,2015,D:\ENOSE\smart-coffee-v2-hardware\smart-coffee-v2-hardware\scripts\..\data\light_20260810_160508.csv
light,collecting,1,73,74202,1887,2981,2989,2004,2000,2976,1865,1997,2012,2015,D:\ENOSE\smart-coffee-v2-hardware\smart-coffee-v2-hardware\scripts\..\data\light_20260810_160508.csv
light,collecting,1,74,75201,1887,2979,2987,2004,2001,2976,1866,1997,2013,2014,D:\ENOSE\smart-coffee-v2-hardware\smart-coffee-v2-hardware\scripts\..\data\light_20260810_160508.csv
light,collecting,1,75,76201,1887,2979,2987,2003,2000,2979,1866,1997,2012,2014,D:\ENOSE\smart-coffee-v2-hardware\smart-coffee-v2-hardware\scripts\..\data\light_20260810_160508.csv
light,collecting,1,76,77201,1887,2979,2987,2003,2002,2981,1866,1997,2013,2014,D:\ENOSE\smart-coffee-v2-hardware\smart-coffee-v2-hardware\scripts\..\data\light_20260810_160508.csv
light,collecting,1,77,78201,1887,2981,2987,2003,2002,2980,1866,1997,2013,2014,D:\ENOSE\smart-coffee-v2-hardware\smart-coffee-v2-hardware\scripts\..\data\light_20260810_160508.csv
light,collecting,1,78,79201,1888,2979,2985,2003,2002,2977,1866,1996,2013,2014,D:\ENOSE\smart-coffee-v2-hardware\smart-coffee-v2-hardware\scripts\..\data\light_20260810_160508.csv
light,collecting,1,79,80201,1888,2978,2987,2003,2002,2979,1866,1996,2013,2014,D:\ENOSE\smart-coffee-v2-hardware\smart-coffee-v2-hardware\scripts\..\data\light_20260810_160508.csv
light,collecting,1,80,81202,1888,2979,2985,2003,2002,2979,1866,1997,2013,2014,D:\ENOSE\smart-coffee-v2-hardware\smart-coffee-v2-hardware\scripts\..\data\light_20260810_160508.csv
light,collecting,1,81,82201,1888,2981,2987,2002,2003,2979,1867,1996,2013,2013,D:\ENOSE\smart-coffee-v2-hardware\smart-coffee-v2-hardware\scripts\..\data\light_20260810_160508.csv
light,collecting,1,82,83202,1888,2978,2987,2003,2003,2976,1866,1996,2013,2013,D:\ENOSE\smart-coffee-v2-hardware\smart-coffee-v2-hardware\scripts\..\data\light_20260810_160508.csv
light,collecting,1,83,84201,1888,2982,2987,2003,2002,2977,1867,1996,2013,2014,D:\ENOSE\smart-coffee-v2-hardware\smart-coffee-v2-hardware\scripts\..\data\light_20260810_160508.csv
light,collecting,1,84,85201,1888,2979,2987,2002,2002,2979,1867,1996,2013,2014,D:\ENOSE\smart-coffee-v2-hardware\smart-coffee-v2-hardware\scripts\..\data\light_20260810_160508.csv
light,collecting,1,85,86201,1888,2982,2989,2002,2002,2979,1866,1996,2013,2014,D:\ENOSE\smart-coffee-v2-hardware\smart-coffee-v2-hardware\scripts\..\data\light_20260810_160508.csv
light,collecting,1,86,87201,1889,2981,2989,2002,2002,2976,1866,1996,2013,2014,D:\ENOSE\smart-coffee-v2-hardware\smart-coffee-v2-hardware\scripts\..\data\light_20260810_160508.csv
light,collecting,1,87,88202,1889,2978,2984,2003,2002,2976,1866,1997,2013,2014,D:\ENOSE\smart-coffee-v2-hardware\smart-coffee-v2-hardware\scripts\..\data\light_20260810_160508.csv
light,collecting,1,88,89201,1889,2978,2987,2002,2001,2979,1865,1997,2013,2015,D:\ENOSE\smart-coffee-v2-hardware\smart-coffee-v2-hardware\scripts\..\data\light_20260810_160508.csv
light,collecting,1,89,90202,1889,2981,2987,2003,2001,2976,1865,1997,2012,2014,D:\ENOSE\smart-coffee-v2-hardware\smart-coffee-v2-hardware\scripts\..\data\light_20260810_160508.csv
light,collecting,1,90,91201,1888,2981,2984,2003,2000,2977,1864,1998,2012,2016,D:\ENOSE\smart-coffee-v2-hardware\smart-coffee-v2-hardware\scripts\..\data\light_20260810_160508.csv
light,collecting,1,91,92201,1888,2981,2984,2003,2000,2976,1864,1998,2012,2015,D:\ENOSE\smart-coffee-v2-hardware\smart-coffee-v2-hardware\scripts\..\data\light_20260810_160508.csv
light,collecting,1,92,93201,1888,2981,2984,2003,2000,2979,1863,1999,2012,2016,D:\ENOSE\smart-coffee-v2-hardware\smart-coffee-v2-hardware\scripts\..\data\light_20260810_160508.csv
light,collecting,1,93,94201,1888,2982,2989,2004,2000,2977,1864,1999,2013,2016,D:\ENOSE\smart-coffee-v2-hardware\smart-coffee-v2-hardware\scripts\..\data\light_20260810_160508.csv
light,collecting,1,94,95201,1887,2981,2987,2005,2000,2979,1863,1999,2012,2016,D:\ENOSE\smart-coffee-v2-hardware\smart-coffee-v2-hardware\scripts\..\data\light_20260810_160508.csv
light,collecting,1,95,96201,1887,2979,2987,2004,2000,2977,1864,1999,2012,2015,D:\ENOSE\smart-coffee-v2-hardware\smart-coffee-v2-hardware\scripts\..\data\light_20260810_160508.csv
light,collecting,1,96,97202,1887,2978,2987,2005,2000,2977,1864,2000,2012,2016,D:\ENOSE\smart-coffee-v2-hardware\smart-coffee-v2-hardware\scripts\..\data\light_20260810_160508.csv
light,collecting,1,97,98201,1887,2978,2987,2005,2001,2977,1864,1999,2012,2015,D:\ENOSE\smart-coffee-v2-hardware\smart-coffee-v2-hardware\scripts\..\data\light_20260810_160508.csv
light,collecting,1,98,99202,1887,2982,2984,2005,2000,2978,1864,1998,2013,2015,D:\ENOSE\smart-coffee-v2-hardware\smart-coffee-v2-hardware\scripts\..\data\light_20260810_160508.csv
light,collecting,1,99,100201,1887,2979,2987,2004,2001,2977,1866,1997,2013,2015,D:\ENOSE\smart-coffee-v2-hardware\smart-coffee-v2-hardware\scripts\..\data\light_20260810_160508.csv
light,collecting,1,100,101201,1887,2978,2987,2004,2001,2977,1866,1997,2013,2015,D:\ENOSE\smart-coffee-v2-hardware\smart-coffee-v2-hardware\scripts\..\data\light_20260810_160508.csv
light,collecting,1,101,102201,1887,2981,2987,2004,2002,2979,1867,1997,2013,2014,D:\ENOSE\smart-coffee-v2-hardware\smart-coffee-v2-hardware\scripts\..\data\light_20260810_160508.csv
light,collecting,1,102,103201,1888,2979,2987,2003,2002,2979,1866,1997,2014,2014,D:\ENOSE\smart-coffee-v2-hardware\smart-coffee-v2-hardware\scripts\..\data\light_20260810_160508.csv
light,collecting,1,103,104202,1888,2981,2985,2004,2003,2976,1867,1997,2013,2014,D:\ENOSE\smart-coffee-v2-hardware\smart-coffee-v2-hardware\scripts\..\data\light_20260810_160508.csv
light,collecting,1,104,105201,1889,2978,2987,2003,2002,2977,1867,1997,2013,2014,D:\ENOSE\smart-coffee-v2-hardware\smart-coffee-v2-hardware\scripts\..\data\light_20260810_160508.csv
light,collecting,1,105,106202,1889,2979,2987,2002,2003,2976,1867,1996,2014,2014,D:\ENOSE\smart-coffee-v2-hardware\smart-coffee-v2-hardware\scripts\..\data\light_20260810_160508.csv
light,collecting,1,106,107201,1889,2982,2987,2002,2002,2977,1867,1996,2013,2014,D:\ENOSE\smart-coffee-v2-hardware\smart-coffee-v2-hardware\scripts\..\data\light_20260810_160508.csv
light,collecting,1,107,108201,1889,2982,2989,2003,2002,2976,1866,1997,2014,2014,D:\ENOSE\smart-coffee-v2-hardware\smart-coffee-v2-hardware\scripts\..\data\light_20260810_160508.csv
light,collecting,1,108,109201,1889,2981,2989,2003,2002,2980,1865,1998,2013,2015,D:\ENOSE\smart-coffee-v2-hardware\smart-coffee-v2-hardware\scripts\..\data\light_20260810_160508.csv
light,collecting,1,109,110201,1889,2982,2986,2002,2001,2979,1864,1998,2013,2015,D:\ENOSE\smart-coffee-v2-hardware\smart-coffee-v2-hardware\scripts\..\data\light_20260810_160508.csv
light,collecting,1,110,111201,1889,2981,2989,2003,2000,2976,1864,1999,2012,2016,D:\ENOSE\smart-coffee-v2-hardware\smart-coffee-v2-hardware\scripts\..\data\light_20260810_160508.csv
light,collecting,1,111,112201,1888,2982,2984,2004,2000,2979,1864,1999,2012,2016,D:\ENOSE\smart-coffee-v2-hardware\smart-coffee-v2-hardware\scripts\..\data\light_20260810_160508.csv
light,collecting,1,112,113202,1888,2981,2984,2004,2000,2979,1864,1999,2012,2016,D:\ENOSE\smart-coffee-v2-hardware\smart-coffee-v2-hardware\scripts\..\data\light_20260810_160508.csv
light,collecting,1,113,114201,1887,2981,2984,2005,2000,2977,1864,1999,2012,2016,D:\ENOSE\smart-coffee-v2-hardware\smart-coffee-v2-hardware\scripts\..\data\light_20260810_160508.csv
light,collecting,1,114,115202,1887,2982,2985,2005,2000,2980,1864,1998,2012,2016,D:\ENOSE\smart-coffee-v2-hardware\smart-coffee-v2-hardware\scripts\..\data\light_20260810_160508.csv
light,collecting,1,115,116201,1887,2981,2987,2004,2001,2978,1865,1999,2012,2015,D:\ENOSE\smart-coffee-v2-hardware\smart-coffee-v2-hardware\scripts\..\data\light_20260810_160508.csv
light,collecting,1,116,117201,1887,2979,2987,2004,2001,2977,1866,1997,2013,2015,D:\ENOSE\smart-coffee-v2-hardware\smart-coffee-v2-hardware\scripts\..\data\light_20260810_160508.csv
light,collecting,1,117,118201,1887,2979,2985,2004,2002,2979,1866,1997,2013,2014,D:\ENOSE\smart-coffee-v2-hardware\smart-coffee-v2-hardware\scripts\..\data\light_20260810_160508.csv
light,collecting,1,118,119201,1888,2981,2987,2003,2003,2976,1867,1997,2013,2015,D:\ENOSE\smart-coffee-v2-hardware\smart-coffee-v2-hardware\scripts\..\data\light_20260810_160508.csv
light,collecting,1,119,120202,1889,2979,2984,2003,2003,2979,1867,1996,2013,2014,D:\ENOSE\smart-coffee-v2-hardware\smart-coffee-v2-hardware\scripts\..\data\light_20260810_160508.csv
light,collecting,1,120,121201,1889,2978,2987,2003,2002,2977,1867,1996,2014,2014,D:\ENOSE\smart-coffee-v2-hardware\smart-coffee-v2-hardware\scripts\..\data\light_20260810_160508.csv
light,collecting,1,121,122202,1889,2982,2984,2002,2002,2979,1866,1996,2013,2014,D:\ENOSE\smart-coffee-v2-hardware\smart-coffee-v2-hardware\scripts\..\data\light_20260810_160508.csv
light,collecting,1,122,123201,1889,2982,2984,2002,2001,2976,1865,1998,2012,2015,D:\ENOSE\smart-coffee-v2-hardware\smart-coffee-v2-hardware\scripts\..\data\light_20260810_160508.csv
light,collecting,1,123,124201,1889,2982,2984,2003,2001,2976,1865,1998,2013,2015,D:\ENOSE\smart-coffee-v2-hardware\smart-coffee-v2-hardware\scripts\..\data\light_20260810_160508.csv
light,collecting,1,124,125201,1888,2982,2989,2004,2000,2979,1864,1998,2012,2016,D:\ENOSE\smart-coffee-v2-hardware\smart-coffee-v2-hardware\scripts\..\data\light_20260810_160508.csv
light,collecting,1,125,126201,1888,2982,2985,2004,2000,2980,1864,1999,2012,2017,D:\ENOSE\smart-coffee-v2-hardware\smart-coffee-v2-hardware\scripts\..\data\light_20260810_160508.csv
light,collecting,1,126,127201,1888,2981,2982,2005,2000,2978,1864,1999,2012,2016,D:\ENOSE\smart-coffee-v2-hardware\smart-coffee-v2-hardware\scripts\..\data\light_20260810_160508.csv
light,collecting,1,127,128201,1887,2978,2987,2005,2000,2977,1864,1999,2012,2016,D:\ENOSE\smart-coffee-v2-hardware\smart-coffee-v2-hardware\scripts\..\data\light_20260810_160508.csv
light,collecting,1,128,129202,1887,2981,2987,2005,2001,2979,1864,1999,2013,2015,D:\ENOSE\smart-coffee-v2-hardware\smart-coffee-v2-hardware\scripts\..\data\light_20260810_160508.csv
light,collecting,1,129,130201,1887,2981,2987,2005,2001,2979,1866,1998,2013,2015,D:\ENOSE\smart-coffee-v2-hardware\smart-coffee-v2-hardware\scripts\..\data\light_20260810_160508.csv
light,collecting,1,130,131202,1887,2981,2987,2004,2002,2979,1866,1997,2013,2015,D:\ENOSE\smart-coffee-v2-hardware\smart-coffee-v2-hardware\scripts\..\data\light_20260810_160508.csv
light,collecting,1,131,132201,1888,2981,2987,2004,2003,2979,1867,1997,2014,2014,D:\ENOSE\smart-coffee-v2-hardware\smart-coffee-v2-hardware\scripts\..\data\light_20260810_160508.csv
light,collecting,1,132,133201,1889,2982,2987,2003,2003,2977,1867,1997,2014,2015,D:\ENOSE\smart-coffee-v2-hardware\smart-coffee-v2-hardware\scripts\..\data\light_20260810_160508.csv
light,collecting,1,133,134201,1889,2979,2989,2003,2003,2979,1867,1997,2014,2015,D:\ENOSE\smart-coffee-v2-hardware\smart-coffee-v2-hardware\scripts\..\data\light_20260810_160508.csv
light,collecting,1,134,135201,1889,2978,2984,2003,2003,2976,1867,1997,2013,2015,D:\ENOSE\smart-coffee-v2-hardware\smart-coffee-v2-hardware\scripts\..\data\light_20260810_160508.csv
light,collecting,1,135,136202,1890,2978,2984,2003,2002,2976,1867,1997,2014,2015,D:\ENOSE\smart-coffee-v2-hardware\smart-coffee-v2-hardware\scripts\..\data\light_20260810_160508.csv
light,collecting,1,136,137201,1889,2982,2984,2004,2002,2979,1865,1999,2013,2016,D:\ENOSE\smart-coffee-v2-hardware\smart-coffee-v2-hardware\scripts\..\data\light_20260810_160508.csv
light,collecting,1,137,138202,1889,2982,2984,2004,2001,2976,1864,1999,2013,2016,D:\ENOSE\smart-coffee-v2-hardware\smart-coffee-v2-hardware\scripts\..\data\light_20260810_160508.csv
light,collecting,1,138,139201,1888,2982,2985,2005,2001,2982,1864,1999,2012,2017,D:\ENOSE\smart-coffee-v2-hardware\smart-coffee-v2-hardware\scripts\..\data\light_20260810_160508.csv
light,collecting,1,139,140201,1888,2982,2986,2005,2001,2977,1864,1999,2013,2016,D:\ENOSE\smart-coffee-v2-hardware\smart-coffee-v2-hardware\scripts\..\data\light_20260810_160508.csv
light,collecting,1,140,141201,1888,2982,2987,2005,2001,2977,1865,1999,2012,2016,D:\ENOSE\smart-coffee-v2-hardware\smart-coffee-v2-hardware\scripts\..\data\light_20260810_160508.csv
light,collecting,1,141,142201,1888,2981,2987,2005,2001,2982,1864,1999,2013,2015,D:\ENOSE\smart-coffee-v2-hardware\smart-coffee-v2-hardware\scripts\..\data\light_20260810_160508.csv
light,collecting,1,142,143201,1887,2982,2987,2005,2001,2980,1866,1997,2013,2015,D:\ENOSE\smart-coffee-v2-hardware\smart-coffee-v2-hardware\scripts\..\data\light_20260810_160508.csv
light,collecting,1,143,144201,1888,2981,2984,2005,2002,2979,1867,1997,2013,2015,D:\ENOSE\smart-coffee-v2-hardware\smart-coffee-v2-hardware\scripts\..\data\light_20260810_160508.csv
light,collecting,1,144,145202,1888,2981,2987,2004,2003,2976,1867,1997,2014,2015,D:\ENOSE\smart-coffee-v2-hardware\smart-coffee-v2-hardware\scripts\..\data\light_20260810_160508.csv
light,collecting,1,145,146201,1889,2981,2989,2003,2003,2976,1867,1997,2014,2015,D:\ENOSE\smart-coffee-v2-hardware\smart-coffee-v2-hardware\scripts\..\data\light_20260810_160508.csv
light,collecting,1,146,147202,1890,2978,2984,2003,2003,2976,1867,1997,2015,2015,D:\ENOSE\smart-coffee-v2-hardware\smart-coffee-v2-hardware\scripts\..\data\light_20260810_160508.csv
light,collecting,1,147,148201,1889,2978,2989,2003,2003,2976,1866,1997,2014,2015,D:\ENOSE\smart-coffee-v2-hardware\smart-coffee-v2-hardware\scripts\..\data\light_20260810_160508.csv
light,collecting,1,148,149201,1889,2982,2987,2003,2002,2977,1866,1998,2014,2016,D:\ENOSE\smart-coffee-v2-hardware\smart-coffee-v2-hardware\scripts\..\data\light_20260810_160508.csv
light,collecting,1,149,150201,1889,2982,2987,2004,2001,2976,1865,1999,2013,2016,D:\ENOSE\smart-coffee-v2-hardware\smart-coffee-v2-hardware\scripts\..\data\light_20260810_160508.csv
light,collecting,1,150,151201,1889,2982,2984,2005,2001,2976,1865,1999,2013,2017,D:\ENOSE\smart-coffee-v2-hardware\smart-coffee-v2-hardware\scripts\..\data\light_20260810_160508.csv
light,collecting,1,151,152202,1889,2982,2984,2005,2001,2980,1864,2000,2013,2017,D:\ENOSE\smart-coffee-v2-hardware\smart-coffee-v2-hardware\scripts\..\data\light_20260810_160508.csv
light,collecting,1,152,153201,1888,2978,2989,2006,2001,2979,1864,2000,2013,2016,D:\ENOSE\smart-coffee-v2-hardware\smart-coffee-v2-hardware\scripts\..\data\light_20260810_160508.csv
light,collecting,1,153,154202,1888,2978,2987,2006,2001,2979,1865,2000,2013,2015,D:\ENOSE\smart-coffee-v2-hardware\smart-coffee-v2-hardware\scripts\..\data\light_20260810_160508.csv
light,collecting,1,154,155201,1888,2981,2987,2005,2002,2977,1866,1998,2014,2016,D:\ENOSE\smart-coffee-v2-hardware\smart-coffee-v2-hardware\scripts\..\data\light_20260810_160508.csv
light,collecting,1,155,156201,1888,2981,2987,2005,2002,2977,1867,1998,2014,2015,D:\ENOSE\smart-coffee-v2-hardware\smart-coffee-v2-hardware\scripts\..\data\light_20260810_160508.csv
light,collecting,1,156,157201,1889,2981,2987,2004,2004,2979,1868,1997,2015,2015,D:\ENOSE\smart-coffee-v2-hardware\smart-coffee-v2-hardware\scripts\..\data\light_20260810_160508.csv
light,collecting,1,157,158201,1889,2981,2984,2004,2004,2976,1868,1998,2015,2014,D:\ENOSE\smart-coffee-v2-hardware\smart-coffee-v2-hardware\scripts\..\data\light_20260810_160508.csv
light,collecting,1,158,159201,1890,2981,2989,2003,2003,2979,1867,1998,2014,2015,D:\ENOSE\smart-coffee-v2-hardware\smart-coffee-v2-hardware\scripts\..\data\light_20260810_160508.csv
light,collecting,1,159,160201,1890,2978,2986,2003,2003,2976,1866,1998,2014,2016,D:\ENOSE\smart-coffee-v2-hardware\smart-coffee-v2-hardware\scripts\..\data\light_20260810_160508.csv
light,collecting,1,160,161202,1889,2978,2984,2003,2001,2976,1865,1999,2013,2016,D:\ENOSE\smart-coffee-v2-hardware\smart-coffee-v2-hardware\scripts\..\data\light_20260810_160508.csv
light,collecting,1,161,162201,1889,2982,2984,2005,2001,2980,1864,2000,2013,2017,D:\ENOSE\smart-coffee-v2-hardware\smart-coffee-v2-hardware\scripts\..\data\light_20260810_160508.csv
light,collecting,1,162,163202,1888,2982,2989,2006,2001,2978,1864,2000,2013,2017,D:\ENOSE\smart-coffee-v2-hardware\smart-coffee-v2-hardware\scripts\..\data\light_20260810_160508.csv
light,collecting,1,163,164201,1888,2981,2987,2006,2001,2977,1865,2000,2013,2016,D:\ENOSE\smart-coffee-v2-hardware\smart-coffee-v2-hardware\scripts\..\data\light_20260810_160508.csv
light,collecting,1,164,165201,1888,2981,2987,2005,2001,2976,1866,1999,2013,2016,D:\ENOSE\smart-coffee-v2-hardware\smart-coffee-v2-hardware\scripts\..\data\light_20260810_160508.csv
light,collecting,1,165,166201,1888,2981,2989,2005,2002,2979,1867,1998,2014,2016,D:\ENOSE\smart-coffee-v2-hardware\smart-coffee-v2-hardware\scripts\..\data\light_20260810_160508.csv
light,collecting,1,166,167201,1889,2983,2989,2004,2003,2977,1867,1998,2014,2015,D:\ENOSE\smart-coffee-v2-hardware\smart-coffee-v2-hardware\scripts\..\data\light_20260810_160508.csv
light,collecting,1,167,168202,1889,2981,2984,2004,2003,2979,1868,1998,2015,2015,D:\ENOSE\smart-coffee-v2-hardware\smart-coffee-v2-hardware\scripts\..\data\light_20260810_160508.csv
light,collecting,1,168,169201,1889,2978,2984,2003,2003,2979,1867,1997,2015,2015,D:\ENOSE\smart-coffee-v2-hardware\smart-coffee-v2-hardware\scripts\..\data\light_20260810_160508.csv
light,collecting,1,169,170202,1890,2979,2984,2003,2003,2976,1867,1998,2014,2015,D:\ENOSE\smart-coffee-v2-hardware\smart-coffee-v2-hardware\scripts\..\data\light_20260810_160508.csv
light,collecting,1,170,171201,1890,2978,2987,2004,2002,2977,1866,2000,2013,2016,D:\ENOSE\smart-coffee-v2-hardware\smart-coffee-v2-hardware\scripts\..\data\light_20260810_160508.csv
light,collecting,1,171,172201,1890,2978,2984,2005,2001,2977,1865,2000,2014,2017,D:\ENOSE\smart-coffee-v2-hardware\smart-coffee-v2-hardware\scripts\..\data\light_20260810_160508.csv
light,collecting,1,172,173201,1889,2978,2987,2006,2001,2979,1865,2001,2013,2017,D:\ENOSE\smart-coffee-v2-hardware\smart-coffee-v2-hardware\scripts\..\data\light_20260810_160508.csv
light,collecting,1,173,174201,1889,2981,2985,2006,2001,2978,1865,2000,2013,2016,D:\ENOSE\smart-coffee-v2-hardware\smart-coffee-v2-hardware\scripts\..\data\light_20260810_160508.csv
light,collecting,1,174,175201,1888,2981,2987,2005,2002,2977,1866,1999,2014,2016,D:\ENOSE\smart-coffee-v2-hardware\smart-coffee-v2-hardware\scripts\..\data\light_20260810_160508.csv
light,collecting,1,175,176201,1889,2983,2987,2005,2003,2979,1867,1999,2015,2016,D:\ENOSE\smart-coffee-v2-hardware\smart-coffee-v2-hardware\scripts\..\data\light_20260810_160508.csv
light,collecting,1,176,177202,1889,2978,2984,2005,2004,2977,1868,1999,2015,2015,D:\ENOSE\smart-coffee-v2-hardware\smart-coffee-v2-hardware\scripts\..\data\light_20260810_160508.csv
light,collecting,1,177,178201,1890,2983,2989,2004,2004,2976,1868,1998,2015,2015,D:\ENOSE\smart-coffee-v2-hardware\smart-coffee-v2-hardware\scripts\..\data\light_20260810_160508.csv
light,collecting,1,178,179202,1890,2979,2984,2004,2003,2977,1868,1998,2015,2016,D:\ENOSE\smart-coffee-v2-hardware\smart-coffee-v2-hardware\scripts\..\data\light_20260810_160508.csv
light,collecting,1,179,180201,1890,2979,2987,2004,2003,2976,1867,1999,2014,2017,D:\ENOSE\smart-coffee-v2-hardware\smart-coffee-v2-hardware\scripts\..\data\light_20260810_160508.csv
light,collecting,1,180,181201,1890,2981,2984,2004,2002,2977,1866,2000,2014,2017,D:\ENOSE\smart-coffee-v2-hardware\smart-coffee-v2-hardware\scripts\..\data\light_20260810_160508.csv
light,purging,1,1,182204,1889,2978,2984,2006,2002,2976,1865,2000,2014,2017,D:\ENOSE\smart-coffee-v2-hardware\smart-coffee-v2-hardware\scripts\..\data\light_20260810_160508.csv
light,purging,1,2,183201,1889,2979,2984,2006,2001,2979,1865,2001,2013,2017,D:\ENOSE\smart-coffee-v2-hardware\smart-coffee-v2-hardware\scripts\..\data\light_20260810_160508.csv
light,purging,1,3,184202,1888,2981,2987,2006,2002,2978,1865,2000,2014,2017,D:\ENOSE\smart-coffee-v2-hardware\smart-coffee-v2-hardware\scripts\..\data\light_20260810_160508.csv
light,purging,1,4,185201,1889,2983,2987,2006,2002,2979,1867,1999,2015,2016,D:\ENOSE\smart-coffee-v2-hardware\smart-coffee-v2-hardware\scripts\..\data\light_20260810_160508.csv
light,purging,1,5,186202,1889,2981,2984,2005,2004,2977,1868,1999,2015,2015,D:\ENOSE\smart-coffee-v2-hardware\smart-coffee-v2-hardware\scripts\..\data\light_20260810_160508.csv
light,purging,1,6,187201,1890,2981,2989,2004,2004,2977,1868,1998,2015,2015,D:\ENOSE\smart-coffee-v2-hardware\smart-coffee-v2-hardware\scripts\..\data\light_20260810_160508.csv
light,purging,1,7,188201,1890,2981,2986,2003,2003,2981,1868,1998,2015,2016,D:\ENOSE\smart-coffee-v2-hardware\smart-coffee-v2-hardware\scripts\..\data\light_20260810_160508.csv
light,purging,1,8,189201,1890,2981,2986,2004,2003,2976,1866,1999,2014,2016,D:\ENOSE\smart-coffee-v2-hardware\smart-coffee-v2-hardware\scripts\..\data\light_20260810_160508.csv
light,purging,1,9,190201,1890,2978,2987,2004,2002,2976,1866,2000,2014,2017,D:\ENOSE\smart-coffee-v2-hardware\smart-coffee-v2-hardware\scripts\..\data\light_20260810_160508.csv
light,purging,1,10,191201,1889,2982,2987,2006,2001,2978,1865,2001,2014,2017,D:\ENOSE\smart-coffee-v2-hardware\smart-coffee-v2-hardware\scripts\..\data\light_20260810_160508.csv
light,purging,1,11,192201,1889,2981,2986,2006,2001,2977,1865,2000,2014,2017,D:\ENOSE\smart-coffee-v2-hardware\smart-coffee-v2-hardware\scripts\..\data\light_20260810_160508.csv
light,purging,1,12,193202,1888,2981,2987,2007,2002,2977,1865,2000,2014,2017,D:\ENOSE\smart-coffee-v2-hardware\smart-coffee-v2-hardware\scripts\..\data\light_20260810_160508.csv
light,purging,1,13,194201,1889,2981,2985,2005,2003,2979,1867,1999,2015,2016,D:\ENOSE\smart-coffee-v2-hardware\smart-coffee-v2-hardware\scripts\..\data\light_20260810_160508.csv
light,purging,1,14,195202,1888,2981,2984,2005,2003,2979,1867,1999,2015,2016,D:\ENOSE\smart-coffee-v2-hardware\smart-coffee-v2-hardware\scripts\..\data\light_20260810_160508.csv
light,purging,1,15,196201,1889,2981,2987,2004,2004,2977,1868,1998,2015,2015,D:\ENOSE\smart-coffee-v2-hardware\smart-coffee-v2-hardware\scripts\..\data\light_20260810_160508.csv
light,purging,1,16,197201,1890,2981,2987,2003,2004,2976,1868,1998,2015,2016,D:\ENOSE\smart-coffee-v2-hardware\smart-coffee-v2-hardware\scripts\..\data\light_20260810_160508.csv
light,purging,1,17,198201,1890,2981,2987,2003,2003,2976,1867,1999,2015,2017,D:\ENOSE\smart-coffee-v2-hardware\smart-coffee-v2-hardware\scripts\..\data\light_20260810_160508.csv
light,purging,1,18,199201,1891,2982,2986,2004,2002,2976,1866,2000,2014,2017,D:\ENOSE\smart-coffee-v2-hardware\smart-coffee-v2-hardware\scripts\..\data\light_20260810_160508.csv
light,purging,1,19,200202,1890,2978,2986,2005,2002,2976,1866,2001,2014,2017,D:\ENOSE\smart-coffee-v2-hardware\smart-coffee-v2-hardware\scripts\..\data\light_20260810_160508.csv
light,purging,1,20,201201,1889,2979,2987,2006,2001,2980,1865,2001,2014,2017,D:\ENOSE\smart-coffee-v2-hardware\smart-coffee-v2-hardware\scripts\..\data\light_20260810_160508.csv
light,purging,1,21,202202,1888,2981,2984,2006,2002,2978,1865,2001,2013,2017,D:\ENOSE\smart-coffee-v2-hardware\smart-coffee-v2-hardware\scripts\..\data\light_20260810_160508.csv
light,purging,1,22,203201,1888,2978,2989,2006,2002,2979,1866,2000,2014,2016,D:\ENOSE\smart-coffee-v2-hardware\smart-coffee-v2-hardware\scripts\..\data\light_20260810_160508.csv
light,purging,1,23,204201,1889,2981,2989,2006,2002,2980,1867,1999,2015,2016,D:\ENOSE\smart-coffee-v2-hardware\smart-coffee-v2-hardware\scripts\..\data\light_20260810_160508.csv
light,purging,1,24,205201,1889,2983,2989,2005,2004,2979,1868,1998,2015,2016,D:\ENOSE\smart-coffee-v2-hardware\smart-coffee-v2-hardware\scripts\..\data\light_20260810_160508.csv
light,purging,1,25,206201,1890,2983,2984,2004,2004,2979,1868,1998,2015,2016,D:\ENOSE\smart-coffee-v2-hardware\smart-coffee-v2-hardware\scripts\..\data\light_20260810_160508.csv
light,purging,1,26,207201,1890,2981,2989,2004,2004,2977,1868,1998,2015,2016,D:\ENOSE\smart-coffee-v2-hardware\smart-coffee-v2-hardware\scripts\..\data\light_20260810_160508.csv
light,purging,1,27,208201,1891,2981,2987,2004,2003,2977,1868,1999,2015,2016,D:\ENOSE\smart-coffee-v2-hardware\smart-coffee-v2-hardware\scripts\..\data\light_20260810_160508.csv
light,purging,1,28,209202,1890,2981,2987,2004,2003,2976,1867,2000,2015,2017,D:\ENOSE\smart-coffee-v2-hardware\smart-coffee-v2-hardware\scripts\..\data\light_20260810_160508.csv
light,purging,1,29,210201,1890,2978,2989,2005,2002,2976,1865,2001,2014,2017,D:\ENOSE\smart-coffee-v2-hardware\smart-coffee-v2-hardware\scripts\..\data\light_20260810_160508.csv
light,purging,1,30,211202,1890,2981,2987,2005,2002,2979,1866,2001,2014,2018,D:\ENOSE\smart-coffee-v2-hardware\smart-coffee-v2-hardware\scripts\..\data\light_20260810_160508.csv
light,purging,1,31,212201,1889,2978,2987,2006,2002,2982,1865,2001,2014,2017,D:\ENOSE\smart-coffee-v2-hardware\smart-coffee-v2-hardware\scripts\..\data\light_20260810_160508.csv
light,purging,1,32,213201,1889,2981,2989,2006,2001,2979,1866,2000,2014,2017,D:\ENOSE\smart-coffee-v2-hardware\smart-coffee-v2-hardware\scripts\..\data\light_20260810_160508.csv
light,purging,1,33,214201,1889,2981,2987,2006,2002,2979,1867,2000,2015,2016,D:\ENOSE\smart-coffee-v2-hardware\smart-coffee-v2-hardware\scripts\..\data\light_20260810_160508.csv
light,purging,1,34,215201,1889,2981,2987,2006,2003,2979,1867,1999,2015,2016,D:\ENOSE\smart-coffee-v2-hardware\smart-coffee-v2-hardware\scripts\..\data\light_20260810_160508.csv
light,purging,1,35,216202,1889,2981,2984,2005,2003,2979,1868,1998,2015,2016,D:\ENOSE\smart-coffee-v2-hardware\smart-coffee-v2-hardware\scripts\..\data\light_20260810_160508.csv
light,purging,1,36,217201,1890,2981,2984,2005,2004,2979,1868,1998,2015,2015,D:\ENOSE\smart-coffee-v2-hardware\smart-coffee-v2-hardware\scripts\..\data\light_20260810_160508.csv
light,purging,1,37,218202,1891,2979,2984,2004,2003,2976,1868,1998,2016,2016,D:\ENOSE\smart-coffee-v2-hardware\smart-coffee-v2-hardware\scripts\..\data\light_20260810_160508.csv
light,purging,1,38,219201,1891,2978,2987,2004,2002,2979,1867,1999,2015,2017,D:\ENOSE\smart-coffee-v2-hardware\smart-coffee-v2-hardware\scripts\..\data\light_20260810_160508.csv
light,purging,1,39,220201,1891,2979,2987,2004,2002,2976,1866,2000,2014,2017,D:\ENOSE\smart-coffee-v2-hardware\smart-coffee-v2-hardware\scripts\..\data\light_20260810_160508.csv
light,purging,1,40,221201,1890,2981,2987,2005,2002,2980,1866,2000,2014,2018,D:\ENOSE\smart-coffee-v2-hardware\smart-coffee-v2-hardware\scripts\..\data\light_20260810_160508.csv
light,purging,1,41,222201,1890,2978,2989,2006,2001,2977,1866,2001,2014,2018,D:\ENOSE\smart-coffee-v2-hardware\smart-coffee-v2-hardware\scripts\..\data\light_20260810_160508.csv
light,purging,1,42,223201,1889,2979,2990,2006,2001,2980,1865,2001,2014,2018,D:\ENOSE\smart-coffee-v2-hardware\smart-coffee-v2-hardware\scripts\..\data\light_20260810_160508.csv
light,purging,1,43,224201,1889,2981,2989,2006,2002,2979,1865,2001,2014,2017,D:\ENOSE\smart-coffee-v2-hardware\smart-coffee-v2-hardware\scripts\..\data\light_20260810_160508.csv
light,purging,1,44,225202,1889,2978,2989,2006,2002,2980,1866,2000,2014,2016,D:\ENOSE\smart-coffee-v2-hardware\smart-coffee-v2-hardware\scripts\..\data\light_20260810_160508.csv
light,purging,1,45,226201,1889,2983,2984,2005,2003,2979,1867,1999,2015,2016,D:\ENOSE\smart-coffee-v2-hardware\smart-coffee-v2-hardware\scripts\..\data\light_20260810_160508.csv
light,purging,1,46,227202,1889,2978,2989,2005,2003,2980,1868,1999,2015,2017,D:\ENOSE\smart-coffee-v2-hardware\smart-coffee-v2-hardware\scripts\..\data\light_20260810_160508.csv
light,purging,1,47,228201,1890,2981,2984,2004,2004,2979,1868,1998,2015,2015,D:\ENOSE\smart-coffee-v2-hardware\smart-coffee-v2-hardware\scripts\..\data\light_20260810_160508.csv
light,purging,1,48,229201,1890,2981,2984,2004,2004,2979,1868,1998,2015,2015,D:\ENOSE\smart-coffee-v2-hardware\smart-coffee-v2-hardware\scripts\..\data\light_20260810_160508.csv
light,purging,1,49,230201,1890,2979,2984,2004,2003,2976,1868,1998,2015,2016,D:\ENOSE\smart-coffee-v2-hardware\smart-coffee-v2-hardware\scripts\..\data\light_20260810_160508.csv
light,purging,1,50,231201,1891,2981,2984,2004,2002,2976,1867,1999,2015,2017,D:\ENOSE\smart-coffee-v2-hardware\smart-coffee-v2-hardware\scripts\..\data\light_20260810_160508.csv
light,purging,1,51,232202,1890,2978,2987,2004,2002,2976,1866,2000,2014,2016,D:\ENOSE\smart-coffee-v2-hardware\smart-coffee-v2-hardware\scripts\..\data\light_20260810_160508.csv
light,purging,1,52,233201,1890,2978,2987,2005,2001,2976,1865,2000,2014,2017,D:\ENOSE\smart-coffee-v2-hardware\smart-coffee-v2-hardware\scripts\..\data\light_20260810_160508.csv
light,purging,1,53,234202,1889,2979,2989,2005,2001,2979,1865,2000,2014,2017,D:\ENOSE\smart-coffee-v2-hardware\smart-coffee-v2-hardware\scripts\..\data\light_20260810_160508.csv
light,purging,1,54,235201,1889,2978,2989,2005,2001,2977,1865,2000,2013,2017,D:\ENOSE\smart-coffee-v2-hardware\smart-coffee-v2-hardware\scripts\..\data\light_20260810_160508.csv
light,purging,1,55,236201,1889,2981,2987,2006,2001,2980,1865,2000,2014,2017,D:\ENOSE\smart-coffee-v2-hardware\smart-coffee-v2-hardware\scripts\..\data\light_20260810_160508.csv
light,purging,1,56,237201,1888,2981,2985,2005,2002,2980,1866,1998,2014,2016,D:\ENOSE\smart-coffee-v2-hardware\smart-coffee-v2-hardware\scripts\..\data\light_20260810_160508.csv
light,purging,1,57,238201,1888,2981,2984,2005,2003,2979,1867,1998,2014,2015,D:\ENOSE\smart-coffee-v2-hardware\smart-coffee-v2-hardware\scripts\..\data\light_20260810_160508.csv
light,purging,1,58,239201,1889,2983,2984,2004,2003,2976,1868,1997,2015,2015,D:\ENOSE\smart-coffee-v2-hardware\smart-coffee-v2-hardware\scripts\..\data\light_20260810_160508.csv
light,purging,1,59,240201,1890,2981,2984,2003,2003,2981,1868,1997,2015,2015,D:\ENOSE\smart-coffee-v2-hardware\smart-coffee-v2-hardware\scripts\..\data\light_20260810_160508.csv
light,purging,1,60,241202,1890,2981,2986,2003,2003,2976,1867,1998,2015,2015,D:\ENOSE\smart-coffee-v2-hardware\smart-coffee-v2-hardware\scripts\..\data\light_20260810_160508.csv
light,purging,1,61,242201,1890,2979,2987,2003,2002,2976,1867,1999,2014,2016,D:\ENOSE\smart-coffee-v2-hardware\smart-coffee-v2-hardware\scripts\..\data\light_20260810_160508.csv
light,collecting,2,1,243206,1890,2981,2986,2003,2001,2976,1866,1999,2013,2016,D:\ENOSE\smart-coffee-v2-hardware\smart-coffee-v2-hardware\scripts\..\data\light_20260810_160508.csv
light,collecting,2,2,244201,1890,2978,2986,2004,2001,2979,1865,2000,2013,2017,D:\ENOSE\smart-coffee-v2-hardware\smart-coffee-v2-hardware\scripts\..\data\light_20260810_160508.csv
light,collecting,2,3,245201,1889,2978,2987,2005,2001,2980,1865,2000,2013,2017,D:\ENOSE\smart-coffee-v2-hardware\smart-coffee-v2-hardware\scripts\..\data\light_20260810_160508.csv
light,collecting,2,4,246201,1889,2978,2984,2005,2001,2982,1865,2000,2013,2016,D:\ENOSE\smart-coffee-v2-hardware\smart-coffee-v2-hardware\scripts\..\data\light_20260810_160508.csv
light,collecting,2,5,247201,1889,2981,2987,2005,2000,2979,1865,2000,2013,2017,D:\ENOSE\smart-coffee-v2-hardware\smart-coffee-v2-hardware\scripts\..\data\light_20260810_160508.csv
light,collecting,2,6,248202,1888,2981,2987,2005,2001,2978,1865,2000,2013,2016,D:\ENOSE\smart-coffee-v2-hardware\smart-coffee-v2-hardware\scripts\..\data\light_20260810_160508.csv
light,collecting,2,7,249201,1889,2979,2989,2005,2002,2981,1867,1999,2014,2016,D:\ENOSE\smart-coffee-v2-hardware\smart-coffee-v2-hardware\scripts\..\data\light_20260810_160508.csv
light,collecting,2,8,250202,1888,2983,2987,2004,2002,2979,1867,1998,2015,2016,D:\ENOSE\smart-coffee-v2-hardware\smart-coffee-v2-hardware\scripts\..\data\light_20260810_160508.csv
light,collecting,2,9,251201,1890,2983,2984,2003,2003,2979,1867,1998,2015,2015,D:\ENOSE\smart-coffee-v2-hardware\smart-coffee-v2-hardware\scripts\..\data\light_20260810_160508.csv
light,collecting,2,10,252201,1890,2981,2984,2003,2003,2979,1868,1998,2015,2015,D:\ENOSE\smart-coffee-v2-hardware\smart-coffee-v2-hardware\scripts\..\data\light_20260810_160508.csv
light,collecting,2,11,253201,1890,2979,2984,2003,2003,2977,1868,1998,2015,2016,D:\ENOSE\smart-coffee-v2-hardware\smart-coffee-v2-hardware\scripts\..\data\light_20260810_160508.csv
light,collecting,2,12,254201,1890,2978,2984,2003,2003,2976,1867,1999,2014,2016,D:\ENOSE\smart-coffee-v2-hardware\smart-coffee-v2-hardware\scripts\..\data\light_20260810_160508.csv
light,collecting,2,13,255201,1891,2979,2987,2003,2002,2976,1867,1999,2014,2016,D:\ENOSE\smart-coffee-v2-hardware\smart-coffee-v2-hardware\scripts\..\data\light_20260810_160508.csv
light,collecting,2,14,256201,1890,2983,2986,2003,2001,2976,1866,2000,2013,2017,D:\ENOSE\smart-coffee-v2-hardware\smart-coffee-v2-hardware\scripts\..\data\light_20260810_160508.csv
light,collecting,2,15,257202,1890,2982,2987,2004,2001,2977,1866,2000,2014,2017,D:\ENOSE\smart-coffee-v2-hardware\smart-coffee-v2-hardware\scripts\..\data\light_20260810_160508.csv
light,collecting,2,16,258201,1889,2979,2987,2005,2001,2978,1865,2001,2014,2017,D:\ENOSE\smart-coffee-v2-hardware\smart-coffee-v2-hardware\scripts\..\data\light_20260810_160508.csv
light,collecting,2,17,259202,1889,2979,2987,2005,2001,2978,1865,2001,2014,2018,D:\ENOSE\smart-coffee-v2-hardware\smart-coffee-v2-hardware\scripts\..\data\light_20260810_160508.csv
light,collecting,2,18,260201,1889,2981,2984,2006,2001,2977,1865,2001,2013,2017,D:\ENOSE\smart-coffee-v2-hardware\smart-coffee-v2-hardware\scripts\..\data\light_20260810_160508.csv
light,collecting,2,19,261201,1889,2981,2989,2006,2002,2980,1865,2000,2014,2017,D:\ENOSE\smart-coffee-v2-hardware\smart-coffee-v2-hardware\scripts\..\data\light_20260810_160508.csv
light,collecting,2,20,262201,1889,2981,2984,2005,2002,2979,1866,2000,2014,2016,D:\ENOSE\smart-coffee-v2-hardware\smart-coffee-v2-hardware\scripts\..\data\light_20260810_160508.csv
light,collecting,2,21,263201,1889,2978,2989,2006,2002,2979,1866,2000,2014,2016,D:\ENOSE\smart-coffee-v2-hardware\smart-coffee-v2-hardware\scripts\..\data\light_20260810_160508.csv
light,collecting,2,22,264202,1889,2981,2984,2005,2002,2980,1867,1999,2015,2017,D:\ENOSE\smart-coffee-v2-hardware\smart-coffee-v2-hardware\scripts\..\data\light_20260810_160508.csv
light,collecting,2,23,265201,1889,2981,2986,2005,2004,2977,1868,1999,2015,2016,D:\ENOSE\smart-coffee-v2-hardware\smart-coffee-v2-hardware\scripts\..\data\light_20260810_160508.csv
light,collecting,2,24,266202,1889,2983,2984,2005,2003,2979,1868,1999,2015,2017,D:\ENOSE\smart-coffee-v2-hardware\smart-coffee-v2-hardware\scripts\..\data\light_20260810_160508.csv
light,collecting,2,25,267201,1891,2983,2984,2004,2004,2979,1868,1998,2015,2016,D:\ENOSE\smart-coffee-v2-hardware\smart-coffee-v2-hardware\scripts\..\data\light_20260810_160508.csv
light,collecting,2,26,268201,1890,2983,2986,2005,2004,2977,1868,1999,2016,2016,D:\ENOSE\smart-coffee-v2-hardware\smart-coffee-v2-hardware\scripts\..\data\light_20260810_160508.csv
light,collecting,2,27,269201,1891,2981,2987,2004,2004,2977,1868,1999,2015,2016,D:\ENOSE\smart-coffee-v2-hardware\smart-coffee-v2-hardware\scripts\..\data\light_20260810_160508.csv
light,collecting,2,28,270201,1890,2983,2989,2004,2003,2977,1868,1999,2016,2016,D:\ENOSE\smart-coffee-v2-hardware\smart-coffee-v2-hardware\scripts\..\data\light_20260810_160508.csv
light,collecting,2,29,271201,1891,2981,2989,2004,2003,2977,1868,1999,2015,2016,D:\ENOSE\smart-coffee-v2-hardware\smart-coffee-v2-hardware\scripts\..\data\light_20260810_160508.csv
light,collecting,2,30,272201,1891,2981,2987,2004,2003,2979,1867,1999,2015,2017,D:\ENOSE\smart-coffee-v2-hardware\smart-coffee-v2-hardware\scripts\..\data\light_20260810_160508.csv
light,collecting,2,31,273202,1891,2978,2986,2004,2003,2977,1867,2000,2015,2017,D:\ENOSE\smart-coffee-v2-hardware\smart-coffee-v2-hardware\scripts\..\data\light_20260810_160508.csv
light,collecting,2,32,274201,1891,2978,2987,2005,2003,2977,1866,2001,2014,2018,D:\ENOSE\smart-coffee-v2-hardware\smart-coffee-v2-hardware\scripts\..\data\light_20260810_160508.csv
light,collecting,2,33,275202,1891,2979,2987,2005,2002,2976,1866,2001,2014,2018,D:\ENOSE\smart-coffee-v2-hardware\smart-coffee-v2-hardware\scripts\..\data\light_20260810_160508.csv
light,collecting,2,34,276201,1891,2983,2987,2006,2002,2981,1866,2001,2014,2018,D:\ENOSE\smart-coffee-v2-hardware\smart-coffee-v2-hardware\scripts\..\data\light_20260810_160508.csv
light,collecting,2,35,277201,1890,2981,2987,2006,2002,2977,1866,2001,2014,2018,D:\ENOSE\smart-coffee-v2-hardware\smart-coffee-v2-hardware\scripts\..\data\light_20260810_160508.csv
light,collecting,2,36,278201,1890,2981,2990,2006,2002,2977,1866,2001,2014,2018,D:\ENOSE\smart-coffee-v2-hardware\smart-coffee-v2-hardware\scripts\..\data\light_20260810_160508.csv
light,collecting,2,37,279201,1890,2981,2988,2007,2002,2977,1866,2001,2014,2017,D:\ENOSE\smart-coffee-v2-hardware\smart-coffee-v2-hardware\scripts\..\data\light_20260810_160508.csv
light,collecting,2,38,280202,1890,2981,2987,2007,2002,2979,1866,2002,2014,2017,D:\ENOSE\smart-coffee-v2-hardware\smart-coffee-v2-hardware\scripts\..\data\light_20260810_160508.csv
light,collecting,2,39,281201,1890,2983,2987,2006,2002,2978,1866,2001,2015,2018,D:\ENOSE\smart-coffee-v2-hardware\smart-coffee-v2-hardware\scripts\..\data\light_20260810_160508.csv
light,collecting,2,40,282202,1890,2979,2986,2007,2002,2981,1866,2001,2015,2016,D:\ENOSE\smart-coffee-v2-hardware\smart-coffee-v2-hardware\scripts\..\data\light_20260810_160508.csv
light,collecting,2,41,283201,1890,2983,2987,2006,2002,2979,1867,2000,2016,2017,D:\ENOSE\smart-coffee-v2-hardware\smart-coffee-v2-hardware\scripts\..\data\light_20260810_160508.csv
light,collecting,2,42,284201,1889,2978,2984,2006,2003,2981,1867,2000,2016,2017,D:\ENOSE\smart-coffee-v2-hardware\smart-coffee-v2-hardware\scripts\..\data\light_20260810_160508.csv
light,collecting,2,43,285201,1890,2981,2986,2005,2004,2979,1868,2000,2015,2016,D:\ENOSE\smart-coffee-v2-hardware\smart-coffee-v2-hardware\scripts\..\data\light_20260810_160508.csv
light,collecting,2,44,286201,1890,2979,2984,2005,2004,2979,1868,1999,2015,2016,D:\ENOSE\smart-coffee-v2-hardware\smart-coffee-v2-hardware\scripts\..\data\light_20260810_160508.csv
light,collecting,2,45,287201,1891,2983,2986,2005,2005,2977,1868,1999,2015,2016,D:\ENOSE\smart-coffee-v2-hardware\smart-coffee-v2-hardware\scripts\..\data\light_20260810_160508.csv
light,collecting,2,46,288201,1891,2981,2987,2005,2004,2979,1868,1999,2016,2017,D:\ENOSE\smart-coffee-v2-hardware\smart-coffee-v2-hardware\scripts\..\data\light_20260810_160508.csv
light,collecting,2,47,289202,1891,2981,2985,2004,2005,2979,1868,1999,2016,2017,D:\ENOSE\smart-coffee-v2-hardware\smart-coffee-v2-hardware\scripts\..\data\light_20260810_160508.csv
light,collecting,2,48,290201,1891,2981,2986,2004,2004,2977,1868,1999,2016,2016,D:\ENOSE\smart-coffee-v2-hardware\smart-coffee-v2-hardware\scripts\..\data\light_20260810_160508.csv
light,collecting,2,49,291202,1891,2981,2987,2004,2004,2976,1868,2000,2015,2016,D:\ENOSE\smart-coffee-v2-hardware\smart-coffee-v2-hardware\scripts\..\data\light_20260810_160508.csv
light,collecting,2,50,292201,1891,2982,2987,2004,2003,2977,1867,2000,2015,2017,D:\ENOSE\smart-coffee-v2-hardware\smart-coffee-v2-hardware\scripts\..\data\light_20260810_160508.csv
light,collecting,2,51,293201,1891,2981,2986,2004,2003,2977,1867,2001,2014,2017,D:\ENOSE\smart-coffee-v2-hardware\smart-coffee-v2-hardware\scripts\..\data\light_20260810_160508.csv
light,collecting,2,52,294201,1891,2979,2987,2005,2002,2979,1867,2001,2015,2018,D:\ENOSE\smart-coffee-v2-hardware\smart-coffee-v2-hardware\scripts\..\data\light_20260810_160508.csv
light,collecting,2,53,295201,1891,2981,2987,2006,2002,2977,1867,2001,2014,2018,D:\ENOSE\smart-coffee-v2-hardware\smart-coffee-v2-hardware\scripts\..\data\light_20260810_160508.csv
light,collecting,2,54,296202,1891,2981,2990,2006,2002,2980,1867,2002,2014,2018,D:\ENOSE\smart-coffee-v2-hardware\smart-coffee-v2-hardware\scripts\..\data\light_20260810_160508.csv
light,collecting,2,55,297201,1890,2978,2986,2007,2002,2978,1866,2001,2014,2018,D:\ENOSE\smart-coffee-v2-hardware\smart-coffee-v2-hardware\scripts\..\data\light_20260810_160508.csv
light,collecting,2,56,298202,1890,2981,2989,2007,2002,2979,1866,2002,2014,2018,D:\ENOSE\smart-coffee-v2-hardware\smart-coffee-v2-hardware\scripts\..\data\light_20260810_160508.csv
light,collecting,2,57,299201,1889,2978,2989,2007,2002,2981,1865,2001,2015,2017,D:\ENOSE\smart-coffee-v2-hardware\smart-coffee-v2-hardware\scripts\..\data\light_20260810_160508.csv
light,collecting,2,58,300201,1889,2981,2988,2007,2002,2979,1866,2001,2015,2018,D:\ENOSE\smart-coffee-v2-hardware\smart-coffee-v2-hardware\scripts\..\data\light_20260810_160508.csv
light,collecting,2,59,301201,1889,2983,2984,2006,2002,2979,1867,2000,2015,2017,D:\ENOSE\smart-coffee-v2-hardware\smart-coffee-v2-hardware\scripts\..\data\light_20260810_160508.csv
light,collecting,2,60,302201,1889,2983,2987,2005,2003,2979,1867,2000,2015,2017,D:\ENOSE\smart-coffee-v2-hardware\smart-coffee-v2-hardware\scripts\..\data\light_20260810_160508.csv
light,collecting,2,61,303201,1890,2978,2984,2005,2004,2979,1868,2000,2016,2016,D:\ENOSE\smart-coffee-v2-hardware\smart-coffee-v2-hardware\scripts\..\data\light_20260810_160508.csv
light,collecting,2,62,304201,1890,2979,2986,2005,2004,2981,1868,1999,2015,2016,D:\ENOSE\smart-coffee-v2-hardware\smart-coffee-v2-hardware\scripts\..\data\light_20260810_160508.csv
light,collecting,2,63,305202,1890,2983,2984,2005,2004,2979,1869,1999,2015,2016,D:\ENOSE\smart-coffee-v2-hardware\smart-coffee-v2-hardware\scripts\..\data\light_20260810_160508.csv
light,collecting,2,64,306201,1891,2984,2987,2004,2005,2979,1868,1999,2016,2017,D:\ENOSE\smart-coffee-v2-hardware\smart-coffee-v2-hardware\scripts\..\data\light_20260810_160508.csv
light,collecting,2,65,307202,1891,2983,2984,2004,2004,2981,1868,1999,2015,2017,D:\ENOSE\smart-coffee-v2-hardware\smart-coffee-v2-hardware\scripts\..\data\light_20260810_160508.csv
light,collecting,2,66,308201,1891,2981,2989,2004,2004,2977,1868,2000,2015,2016,D:\ENOSE\smart-coffee-v2-hardware\smart-coffee-v2-hardware\scripts\..\data\light_20260810_160508.csv
light,collecting,2,67,309201,1891,2983,2987,2004,2003,2976,1868,2000,2015,2017,D:\ENOSE\smart-coffee-v2-hardware\smart-coffee-v2-hardware\scripts\..\data\light_20260810_160508.csv
light,collecting,2,68,310201,1891,2978,2987,2004,2002,2979,1866,2001,2014,2017,D:\ENOSE\smart-coffee-v2-hardware\smart-coffee-v2-hardware\scripts\..\data\light_20260810_160508.csv
light,collecting,2,69,311201,1891,2979,2989,2005,2002,2977,1866,2001,2014,2018,D:\ENOSE\smart-coffee-v2-hardware\smart-coffee-v2-hardware\scripts\..\data\light_20260810_160508.csv
light,collecting,2,70,312202,1891,2981,2989,2005,2002,2980,1866,2001,2014,2018,D:\ENOSE\smart-coffee-v2-hardware\smart-coffee-v2-hardware\scripts\..\data\light_20260810_160508.csv
light,collecting,2,71,313201,1890,2981,2989,2006,2002,2979,1866,2001,2014,2018,D:\ENOSE\smart-coffee-v2-hardware\smart-coffee-v2-hardware\scripts\..\data\light_20260810_160508.csv
light,collecting,2,72,314202,1890,2979,2987,2006,2002,2977,1866,2002,2014,2018,D:\ENOSE\smart-coffee-v2-hardware\smart-coffee-v2-hardware\scripts\..\data\light_20260810_160508.csv
light,collecting,2,73,315201,1890,2981,2989,2006,2002,2981,1866,2001,2014,2017,D:\ENOSE\smart-coffee-v2-hardware\smart-coffee-v2-hardware\scripts\..\data\light_20260810_160508.csv
light,collecting,2,74,316201,1889,2981,2983,2007,2002,2979,1866,2001,2015,2018,D:\ENOSE\smart-coffee-v2-hardware\smart-coffee-v2-hardware\scripts\..\data\light_20260810_160508.csv
light,collecting,2,75,317201,1889,2983,2986,2006,2002,2979,1866,2000,2015,2017,D:\ENOSE\smart-coffee-v2-hardware\smart-coffee-v2-hardware\scripts\..\data\light_20260810_160508.csv
light,collecting,2,76,318201,1889,2983,2987,2006,2002,2979,1867,2000,2016,2016,D:\ENOSE\smart-coffee-v2-hardware\smart-coffee-v2-hardware\scripts\..\data\light_20260810_160508.csv
light,collecting,2,77,319201,1889,2981,2986,2006,2003,2981,1868,2000,2016,2016,D:\ENOSE\smart-coffee-v2-hardware\smart-coffee-v2-hardware\scripts\..\data\light_20260810_160508.csv
light,collecting,2,78,320201,1889,2981,2989,2006,2004,2981,1868,1999,2015,2016,D:\ENOSE\smart-coffee-v2-hardware\smart-coffee-v2-hardware\scripts\..\data\light_20260810_160508.csv
light,collecting,2,79,321202,1889,2981,2984,2005,2004,2981,1868,1999,2015,2017,D:\ENOSE\smart-coffee-v2-hardware\smart-coffee-v2-hardware\scripts\..\data\light_20260810_160508.csv
light,collecting,2,80,322201,1890,2984,2986,2004,2004,2979,1868,1999,2015,2016,D:\ENOSE\smart-coffee-v2-hardware\smart-coffee-v2-hardware\scripts\..\data\light_20260810_160508.csv
light,collecting,2,81,323202,1890,2983,2989,2004,2004,2977,1868,1999,2016,2016,D:\ENOSE\smart-coffee-v2-hardware\smart-coffee-v2-hardware\scripts\..\data\light_20260810_160508.csv
light,collecting,2,82,324201,1891,2986,2987,2004,2004,2979,1868,1999,2016,2016,D:\ENOSE\smart-coffee-v2-hardware\smart-coffee-v2-hardware\scripts\..\data\light_20260810_160508.csv
light,collecting,2,83,325201,1891,2983,2987,2005,2004,2976,1868,1999,2016,2016,D:\ENOSE\smart-coffee-v2-hardware\smart-coffee-v2-hardware\scripts\..\data\light_20260810_160508.csv
light,collecting,2,84,326201,1891,2983,2987,2004,2004,2979,1868,1999,2015,2016,D:\ENOSE\smart-coffee-v2-hardware\smart-coffee-v2-hardware\scripts\..\data\light_20260810_160508.csv
light,collecting,2,85,327201,1891,2981,2987,2004,2004,2976,1868,1999,2016,2016,D:\ENOSE\smart-coffee-v2-hardware\smart-coffee-v2-hardware\scripts\..\data\light_20260810_160508.csv
light,collecting,2,86,328202,1891,2981,2984,2004,2004,2976,1868,1999,2016,2017,D:\ENOSE\smart-coffee-v2-hardware\smart-coffee-v2-hardware\scripts\..\data\light_20260810_160508.csv
light,collecting,2,87,329201,1891,2982,2987,2004,2004,2979,1868,2000,2015,2016,D:\ENOSE\smart-coffee-v2-hardware\smart-coffee-v2-hardware\scripts\..\data\light_20260810_160508.csv
light,collecting,2,88,330202,1891,2981,2987,2004,2004,2979,1868,2000,2015,2016,D:\ENOSE\smart-coffee-v2-hardware\smart-coffee-v2-hardware\scripts\..\data\light_20260810_160508.csv
light,collecting,2,89,331201,1891,2981,2987,2004,2003,2977,1868,2000,2015,2018,D:\ENOSE\smart-coffee-v2-hardware\smart-coffee-v2-hardware\scripts\..\data\light_20260810_160508.csv
light,collecting,2,90,332201,1891,2978,2989,2004,2003,2977,1868,2000,2015,2017,D:\ENOSE\smart-coffee-v2-hardware\smart-coffee-v2-hardware\scripts\..\data\light_20260810_160508.csv
light,collecting,2,91,333201,1891,2981,2989,2005,2003,2977,1867,2001,2014,2017,D:\ENOSE\smart-coffee-v2-hardware\smart-coffee-v2-hardware\scripts\..\data\light_20260810_160508.csv
light,collecting,2,92,334201,1891,2981,2989,2005,2003,2977,1867,2001,2014,2017,D:\ENOSE\smart-coffee-v2-hardware\smart-coffee-v2-hardware\scripts\..\data\light_20260810_160508.csv
light,collecting,2,93,335201,1891,2981,2989,2005,2002,2976,1866,2001,2014,2018,D:\ENOSE\smart-coffee-v2-hardware\smart-coffee-v2-hardware\scripts\..\data\light_20260810_160508.csv
light,collecting,2,94,336201,1891,2981,2989,2005,2002,2976,1866,2001,2015,2018,D:\ENOSE\smart-coffee-v2-hardware\smart-coffee-v2-hardware\scripts\..\data\light_20260810_160508.csv
light,collecting,2,95,337202,1891,2981,2989,2005,2002,2977,1866,2001,2015,2018,D:\ENOSE\smart-coffee-v2-hardware\smart-coffee-v2-hardware\scripts\..\data\light_20260810_160508.csv
light,collecting,2,96,338201,1890,2979,2987,2006,2002,2980,1866,2001,2014,2018,D:\ENOSE\smart-coffee-v2-hardware\smart-coffee-v2-hardware\scripts\..\data\light_20260810_160508.csv
light,collecting,2,97,339202,1891,2979,2989,2006,2002,2980,1866,2002,2015,2018,D:\ENOSE\smart-coffee-v2-hardware\smart-coffee-v2-hardware\scripts\..\data\light_20260810_160508.csv
light,collecting,2,98,340201,1890,2981,2989,2006,2002,2977,1865,2002,2014,2018,D:\ENOSE\smart-coffee-v2-hardware\smart-coffee-v2-hardware\scripts\..\data\light_20260810_160508.csv
light,collecting,2,99,341201,1890,2979,2986,2006,2002,2977,1865,2002,2015,2018,D:\ENOSE\smart-coffee-v2-hardware\smart-coffee-v2-hardware\scripts\..\data\light_20260810_160508.csv
light,collecting,2,100,342201,1890,2979,2990,2007,2002,2978,1865,2002,2014,2018,D:\ENOSE\smart-coffee-v2-hardware\smart-coffee-v2-hardware\scripts\..\data\light_20260810_160508.csv
light,collecting,2,101,343201,1890,2981,2987,2007,2002,2980,1866,2002,2014,2019,D:\ENOSE\smart-coffee-v2-hardware\smart-coffee-v2-hardware\scripts\..\data\light_20260810_160508.csv
light,collecting,2,102,344202,1890,2981,2990,2007,2002,2978,1866,2002,2014,2019,D:\ENOSE\smart-coffee-v2-hardware\smart-coffee-v2-hardware\scripts\..\data\light_20260810_160508.csv
light,collecting,2,103,345201,1889,2981,2990,2007,2002,2979,1865,2002,2015,2018,D:\ENOSE\smart-coffee-v2-hardware\smart-coffee-v2-hardware\scripts\..\data\light_20260810_160508.csv
light,collecting,2,104,346202,1889,2981,2986,2007,2003,2980,1866,2002,2015,2018,D:\ENOSE\smart-coffee-v2-hardware\smart-coffee-v2-hardware\scripts\..\data\light_20260810_160508.csv
light,collecting,2,105,347201,1889,2981,2987,2006,2002,2979,1866,2001,2015,2017,D:\ENOSE\smart-coffee-v2-hardware\smart-coffee-v2-hardware\scripts\..\data\light_20260810_160508.csv
light,collecting,2,106,348201,1889,2978,2984,2007,2003,2981,1866,2001,2015,2017,D:\ENOSE\smart-coffee-v2-hardware\smart-coffee-v2-hardware\scripts\..\data\light_20260810_160508.csv
light,collecting,2,107,349201,1889,2981,2986,2006,2003,2979,1867,2001,2016,2017,D:\ENOSE\smart-coffee-v2-hardware\smart-coffee-v2-hardware\scripts\..\data\light_20260810_160508.csv
light,collecting,2,108,350201,1890,2978,2984,2006,2003,2980,1868,2000,2016,2017,D:\ENOSE\smart-coffee-v2-hardware\smart-coffee-v2-hardware\scripts\..\data\light_20260810_160508.csv
light,collecting,2,109,351201,1889,2979,2989,2006,2004,2979,1868,2000,2016,2017,D:\ENOSE\smart-coffee-v2-hardware\smart-coffee-v2-hardware\scripts\..\data\light_20260810_160508.csv
light,collecting,2,110,352201,1889,2981,2984,2006,2004,2981,1868,2000,2016,2017,D:\ENOSE\smart-coffee-v2-hardware\smart-coffee-v2-hardware\scripts\..\data\light_20260810_160508.csv
light,collecting,2,111,353202,1889,2978,2986,2006,2004,2979,1868,2000,2015,2017,D:\ENOSE\smart-coffee-v2-hardware\smart-coffee-v2-hardware\scripts\..\data\light_20260810_160508.csv
light,collecting,2,112,354201,1890,2978,2984,2005,2005,2979,1868,1999,2016,2016,D:\ENOSE\smart-coffee-v2-hardware\smart-coffee-v2-hardware\scripts\..\data\light_20260810_160508.csv
light,collecting,2,113,355202,1890,2981,2986,2005,2005,2979,1868,2000,2015,2017,D:\ENOSE\smart-coffee-v2-hardware\smart-coffee-v2-hardware\scripts\..\data\light_20260810_160508.csv
light,collecting,2,114,356201,1891,2983,2984,2005,2005,2979,1868,1999,2015,2016,D:\ENOSE\smart-coffee-v2-hardware\smart-coffee-v2-hardware\scripts\..\data\light_20260810_160508.csv
light,collecting,2,115,357201,1891,2979,2987,2005,2005,2981,1869,2000,2016,2016,D:\ENOSE\smart-coffee-v2-hardware\smart-coffee-v2-hardware\scripts\..\data\light_20260810_160508.csv
light,collecting,2,116,358201,1891,2981,2987,2005,2005,2976,1868,1999,2016,2017,D:\ENOSE\smart-coffee-v2-hardware\smart-coffee-v2-hardware\scripts\..\data\light_20260810_160508.csv
light,collecting,2,117,359201,1891,2982,2987,2004,2005,2977,1868,2000,2016,2017,D:\ENOSE\smart-coffee-v2-hardware\smart-coffee-v2-hardware\scripts\..\data\light_20260810_160508.csv
light,collecting,2,118,360202,1891,2979,2987,2005,2005,2979,1869,2000,2016,2017,D:\ENOSE\smart-coffee-v2-hardware\smart-coffee-v2-hardware\scripts\..\data\light_20260810_160508.csv
light,collecting,2,119,361201,1891,2983,2987,2005,2004,2977,1868,2000,2016,2017,D:\ENOSE\smart-coffee-v2-hardware\smart-coffee-v2-hardware\scripts\..\data\light_20260810_160508.csv
light,collecting,2,120,362202,1891,2981,2987,2005,2004,2979,1869,2000,2016,2017,D:\ENOSE\smart-coffee-v2-hardware\smart-coffee-v2-hardware\scripts\..\data\light_20260810_160508.csv
light,collecting,2,121,363201,1892,2983,2987,2005,2004,2979,1868,2000,2015,2016,D:\ENOSE\smart-coffee-v2-hardware\smart-coffee-v2-hardware\scripts\..\data\light_20260810_160508.csv
light,collecting,2,122,364201,1892,2981,2987,2004,2004,2976,1868,2000,2015,2016,D:\ENOSE\smart-coffee-v2-hardware\smart-coffee-v2-hardware\scripts\..\data\light_20260810_160508.csv
light,collecting,2,123,365201,1891,2981,2987,2005,2003,2976,1867,2001,2016,2018,D:\ENOSE\smart-coffee-v2-hardware\smart-coffee-v2-hardware\scripts\..\data\light_20260810_160508.csv
light,collecting,2,124,366201,1892,2981,2989,2005,2004,2976,1868,2001,2015,2017,D:\ENOSE\smart-coffee-v2-hardware\smart-coffee-v2-hardware\scripts\..\data\light_20260810_160508.csv
light,collecting,2,125,367201,1891,2979,2989,2005,2003,2977,1866,2002,2014,2018,D:\ENOSE\smart-coffee-v2-hardware\smart-coffee-v2-hardware\scripts\..\data\light_20260810_160508.csv
light,collecting,2,126,368201,1891,2978,2989,2005,2003,2979,1867,2002,2015,2018,D:\ENOSE\smart-coffee-v2-hardware\smart-coffee-v2-hardware\scripts\..\data\light_20260810_160508.csv
light,collecting,2,127,369202,1891,2979,2990,2005,2003,2977,1867,2001,2014,2018,D:\ENOSE\smart-coffee-v2-hardware\smart-coffee-v2-hardware\scripts\..\data\light_20260810_160508.csv
light,collecting,2,128,370201,1891,2978,2989,2006,2003,2979,1866,2002,2014,2018,D:\ENOSE\smart-coffee-v2-hardware\smart-coffee-v2-hardware\scripts\..\data\light_20260810_160508.csv
light,collecting,2,129,371202,1891,2978,2990,2006,2002,2979,1866,2002,2015,2018,D:\ENOSE\smart-coffee-v2-hardware\smart-coffee-v2-hardware\scripts\..\data\light_20260810_160508.csv
light,collecting,2,130,372201,1890,2981,2990,2006,2002,2978,1866,2002,2015,2018,D:\ENOSE\smart-coffee-v2-hardware\smart-coffee-v2-hardware\scripts\..\data\light_20260810_160508.csv
light,collecting,2,131,373201,1890,2979,2986,2006,2002,2977,1866,2002,2014,2018,D:\ENOSE\smart-coffee-v2-hardware\smart-coffee-v2-hardware\scripts\..\data\light_20260810_160508.csv
light,collecting,2,132,374201,1890,2981,2990,2007,2002,2979,1866,2002,2014,2018,D:\ENOSE\smart-coffee-v2-hardware\smart-coffee-v2-hardware\scripts\..\data\light_20260810_160508.csv
light,collecting,2,133,375201,1890,2981,2989,2007,2002,2978,1866,2002,2014,2018,D:\ENOSE\smart-coffee-v2-hardware\smart-coffee-v2-hardware\scripts\..\data\light_20260810_160508.csv
light,collecting,2,134,376202,1890,2981,2990,2007,2002,2977,1866,2002,2014,2018,D:\ENOSE\smart-coffee-v2-hardware\smart-coffee-v2-hardware\scripts\..\data\light_20260810_160508.csv
light,collecting,2,135,377201,1889,2983,2987,2007,2002,2979,1866,2002,2014,2018,D:\ENOSE\smart-coffee-v2-hardware\smart-coffee-v2-hardware\scripts\..\data\light_20260810_160508.csv
light,collecting,2,136,378202,1890,2983,2987,2007,2002,2980,1866,2002,2014,2017,D:\ENOSE\smart-coffee-v2-hardware\smart-coffee-v2-hardware\scripts\..\data\light_20260810_160508.csv
light,collecting,2,137,379201,1890,2978,2987,2007,2002,2979,1866,2002,2015,2018,D:\ENOSE\smart-coffee-v2-hardware\smart-coffee-v2-hardware\scripts\..\data\light_20260810_160508.csv
light,collecting,2,138,380201,1890,2981,2989,2007,2002,2977,1866,2001,2015,2018,D:\ENOSE\smart-coffee-v2-hardware\smart-coffee-v2-hardware\scripts\..\data\light_20260810_160508.csv
light,collecting,2,139,381201,1889,2983,2987,2007,2002,2979,1867,2000,2015,2017,D:\ENOSE\smart-coffee-v2-hardware\smart-coffee-v2-hardware\scripts\..\data\light_20260810_160508.csv
light,collecting,2,140,382201,1889,2983,2984,2007,2003,2976,1867,2001,2015,2017,D:\ENOSE\smart-coffee-v2-hardware\smart-coffee-v2-hardware\scripts\..\data\light_20260810_160508.csv
light,collecting,2,141,383201,1890,2978,2987,2006,2003,2980,1868,2000,2016,2017,D:\ENOSE\smart-coffee-v2-hardware\smart-coffee-v2-hardware\scripts\..\data\light_20260810_160508.csv
light,collecting,2,142,384201,1889,2978,2984,2006,2003,2979,1868,2000,2016,2017,D:\ENOSE\smart-coffee-v2-hardware\smart-coffee-v2-hardware\scripts\..\data\light_20260810_160508.csv
light,collecting,2,143,385202,1889,2984,2986,2006,2003,2979,1868,2001,2016,2017,D:\ENOSE\smart-coffee-v2-hardware\smart-coffee-v2-hardware\scripts\..\data\light_20260810_160508.csv
light,collecting,2,144,386201,1890,2979,2984,2006,2004,2977,1868,2000,2016,2017,D:\ENOSE\smart-coffee-v2-hardware\smart-coffee-v2-hardware\scripts\..\data\light_20260810_160508.csv
light,collecting,2,145,387202,1889,2979,2984,2006,2004,2979,1868,2000,2016,2017,D:\ENOSE\smart-coffee-v2-hardware\smart-coffee-v2-hardware\scripts\..\data\light_20260810_160508.csv
light,collecting,2,146,388201,1890,2979,2984,2005,2005,2979,1868,2000,2016,2017,D:\ENOSE\smart-coffee-v2-hardware\smart-coffee-v2-hardware\scripts\..\data\light_20260810_160508.csv
light,collecting,2,147,389201,1890,2981,2984,2006,2005,2981,1868,2000,2016,2017,D:\ENOSE\smart-coffee-v2-hardware\smart-coffee-v2-hardware\scripts\..\data\light_20260810_160508.csv
light,collecting,2,148,390201,1891,2983,2984,2005,2005,2979,1868,2000,2016,2016,D:\ENOSE\smart-coffee-v2-hardware\smart-coffee-v2-hardware\scripts\..\data\light_20260810_160508.csv
light,collecting,2,149,391201,1891,2986,2989,2005,2005,2977,1869,2000,2016,2016,D:\ENOSE\smart-coffee-v2-hardware\smart-coffee-v2-hardware\scripts\..\data\light_20260810_160508.csv
light,collecting,2,150,392202,1891,2983,2984,2005,2005,2977,1869,2000,2016,2016,D:\ENOSE\smart-coffee-v2-hardware\smart-coffee-v2-hardware\scripts\..\data\light_20260810_160508.csv
light,collecting,2,151,393201,1891,2983,2987,2005,2005,2981,1868,2000,2016,2017,D:\ENOSE\smart-coffee-v2-hardware\smart-coffee-v2-hardware\scripts\..\data\light_20260810_160508.csv
light,collecting,2,152,394202,1891,2984,2986,2005,2005,2979,1868,2000,2016,2017,D:\ENOSE\smart-coffee-v2-hardware\smart-coffee-v2-hardware\scripts\..\data\light_20260810_160508.csv
light,collecting,2,153,395201,1891,2984,2987,2005,2005,2976,1868,2000,2016,2017,D:\ENOSE\smart-coffee-v2-hardware\smart-coffee-v2-hardware\scripts\..\data\light_20260810_160508.csv
light,collecting,2,154,396201,1891,2983,2987,2005,2005,2979,1868,2000,2016,2017,D:\ENOSE\smart-coffee-v2-hardware\smart-coffee-v2-hardware\scripts\..\data\light_20260810_160508.csv
light,collecting,2,155,397201,1892,2981,2989,2005,2005,2977,1868,2000,2015,2017,D:\ENOSE\smart-coffee-v2-hardware\smart-coffee-v2-hardware\scripts\..\data\light_20260810_160508.csv
light,collecting,2,156,398201,1892,2981,2989,2005,2004,2977,1868,2001,2015,2016,D:\ENOSE\smart-coffee-v2-hardware\smart-coffee-v2-hardware\scripts\..\data\light_20260810_160508.csv
light,collecting,2,157,399201,1892,2981,2990,2005,2004,2977,1868,2001,2015,2018,D:\ENOSE\smart-coffee-v2-hardware\smart-coffee-v2-hardware\scripts\..\data\light_20260810_160508.csv
light,collecting,2,158,400201,1892,2978,2990,2005,2003,2979,1868,2001,2014,2018,D:\ENOSE\smart-coffee-v2-hardware\smart-coffee-v2-hardware\scripts\..\data\light_20260810_160508.csv
light,collecting,2,159,401202,1891,2981,2987,2005,2003,2979,1867,2001,2015,2017,D:\ENOSE\smart-coffee-v2-hardware\smart-coffee-v2-hardware\scripts\..\data\light_20260810_160508.csv
light,collecting,2,160,402201,1891,2979,2984,2005,2002,2977,1867,2002,2015,2018,D:\ENOSE\smart-coffee-v2-hardware\smart-coffee-v2-hardware\scripts\..\data\light_20260810_160508.csv
light,collecting,2,161,403202,1892,2981,2990,2005,2003,2977,1866,2002,2015,2018,D:\ENOSE\smart-coffee-v2-hardware\smart-coffee-v2-hardware\scripts\..\data\light_20260810_160508.csv
light,collecting,2,162,404201,1891,2981,2989,2006,2002,2977,1866,2002,2015,2018,D:\ENOSE\smart-coffee-v2-hardware\smart-coffee-v2-hardware\scripts\..\data\light_20260810_160508.csv
light,collecting,2,163,405201,1891,2983,2990,2007,2002,2982,1866,2002,2015,2018,D:\ENOSE\smart-coffee-v2-hardware\smart-coffee-v2-hardware\scripts\..\data\light_20260810_160508.csv
light,collecting,2,164,406201,1890,2983,2989,2007,2002,2980,1867,2002,2015,2018,D:\ENOSE\smart-coffee-v2-hardware\smart-coffee-v2-hardware\scripts\..\data\light_20260810_160508.csv
light,collecting,2,165,407201,1891,2981,2989,2007,2002,2978,1866,2002,2014,2018,D:\ENOSE\smart-coffee-v2-hardware\smart-coffee-v2-hardware\scripts\..\data\light_20260810_160508.csv
light,collecting,2,166,408202,1890,2981,2987,2007,2002,2977,1866,2002,2015,2019,D:\ENOSE\smart-coffee-v2-hardware\smart-coffee-v2-hardware\scripts\..\data\light_20260810_160508.csv
light,collecting,2,167,409201,1890,2983,2986,2007,2002,2979,1866,2002,2014,2019,D:\ENOSE\smart-coffee-v2-hardware\smart-coffee-v2-hardware\scripts\..\data\light_20260810_160508.csv
light,collecting,2,168,410202,1890,2981,2989,2007,2002,2979,1866,2002,2014,2018,D:\ENOSE\smart-coffee-v2-hardware\smart-coffee-v2-hardware\scripts\..\data\light_20260810_160508.csv
light,collecting,2,169,411201,1890,2981,2987,2007,2003,2980,1866,2002,2015,2018,D:\ENOSE\smart-coffee-v2-hardware\smart-coffee-v2-hardware\scripts\..\data\light_20260810_160508.csv
light,collecting,2,170,412201,1890,2978,2989,2007,2003,2979,1866,2002,2015,2018,D:\ENOSE\smart-coffee-v2-hardware\smart-coffee-v2-hardware\scripts\..\data\light_20260810_160508.csv
light,collecting,2,171,413201,1890,2978,2986,2007,2003,2979,1866,2001,2015,2017,D:\ENOSE\smart-coffee-v2-hardware\smart-coffee-v2-hardware\scripts\..\data\light_20260810_160508.csv
light,collecting,2,172,414201,1890,2978,2989,2007,2003,2981,1867,2001,2015,2017,D:\ENOSE\smart-coffee-v2-hardware\smart-coffee-v2-hardware\scripts\..\data\light_20260810_160508.csv
light,collecting,2,173,415201,1890,2983,2987,2006,2003,2979,1868,2000,2016,2017,D:\ENOSE\smart-coffee-v2-hardware\smart-coffee-v2-hardware\scripts\..\data\light_20260810_160508.csv
light,collecting,2,174,416201,1890,2981,2986,2007,2004,2980,1868,2001,2016,2017,D:\ENOSE\smart-coffee-v2-hardware\smart-coffee-v2-hardware\scripts\..\data\light_20260810_160508.csv
light,collecting,2,175,417202,1890,2979,2987,2006,2004,2979,1868,2001,2016,2017,D:\ENOSE\smart-coffee-v2-hardware\smart-coffee-v2-hardware\scripts\..\data\light_20260810_160508.csv
light,collecting,2,176,418201,1891,2981,2987,2005,2005,2979,1868,2000,2016,2017,D:\ENOSE\smart-coffee-v2-hardware\smart-coffee-v2-hardware\scripts\..\data\light_20260810_160508.csv
light,collecting,2,177,419202,1891,2979,2987,2006,2005,2977,1868,2000,2016,2017,D:\ENOSE\smart-coffee-v2-hardware\smart-coffee-v2-hardware\scripts\..\data\light_20260810_160508.csv
light,collecting,2,178,420201,1891,2979,2984,2005,2005,2979,1868,2000,2016,2017,D:\ENOSE\smart-coffee-v2-hardware\smart-coffee-v2-hardware\scripts\..\data\light_20260810_160508.csv
light,collecting,2,179,421201,1891,2985,2987,2006,2005,2979,1868,2000,2016,2016,D:\ENOSE\smart-coffee-v2-hardware\smart-coffee-v2-hardware\scripts\..\data\light_20260810_160508.csv
light,collecting,2,180,422201,1892,2979,2987,2005,2005,2977,1869,2000,2016,2017,D:\ENOSE\smart-coffee-v2-hardware\smart-coffee-v2-hardware\scripts\..\data\light_20260810_160508.csv
light,collecting,2,181,423201,1891,2984,2987,2005,2005,2979,1868,2000,2016,2017,D:\ENOSE\smart-coffee-v2-hardware\smart-coffee-v2-hardware\scripts\..\data\light_20260810_160508.csv
light,purging,2,1,424205,1892,2983,2987,2004,2005,2977,1868,2000,2016,2017,D:\ENOSE\smart-coffee-v2-hardware\smart-coffee-v2-hardware\scripts\..\data\light_20260810_160508.csv
light,purging,2,2,425201,1892,2984,2987,2004,2004,2979,1868,2000,2015,2017,D:\ENOSE\smart-coffee-v2-hardware\smart-coffee-v2-hardware\scripts\..\data\light_20260810_160508.csv
light,purging,2,3,426202,1892,2981,2987,2005,2004,2980,1868,2001,2016,2017,D:\ENOSE\smart-coffee-v2-hardware\smart-coffee-v2-hardware\scripts\..\data\light_20260810_160508.csv
light,purging,2,4,427201,1892,2981,2989,2005,2004,2977,1868,2002,2016,2018,D:\ENOSE\smart-coffee-v2-hardware\smart-coffee-v2-hardware\scripts\..\data\light_20260810_160508.csv
light,purging,2,5,428201,1892,2981,2987,2005,2003,2977,1867,2002,2015,2018,D:\ENOSE\smart-coffee-v2-hardware\smart-coffee-v2-hardware\scripts\..\data\light_20260810_160508.csv
light,purging,2,6,429201,1891,2983,2990,2006,2003,2977,1867,2002,2015,2018,D:\ENOSE\smart-coffee-v2-hardware\smart-coffee-v2-hardware\scripts\..\data\light_20260810_160508.csv
light,purging,2,7,430201,1891,2981,2990,2006,2003,2979,1867,2003,2015,2019,D:\ENOSE\smart-coffee-v2-hardware\smart-coffee-v2-hardware\scripts\..\data\light_20260810_160508.csv
light,purging,2,8,431201,1891,2981,2987,2007,2002,2982,1866,2003,2015,2019,D:\ENOSE\smart-coffee-v2-hardware\smart-coffee-v2-hardware\scripts\..\data\light_20260810_160508.csv
light,purging,2,9,432201,1891,2981,2990,2007,2002,2980,1866,2003,2015,2019,D:\ENOSE\smart-coffee-v2-hardware\smart-coffee-v2-hardware\scripts\..\data\light_20260810_160508.csv
light,purging,2,10,433202,1890,2983,2989,2007,2002,2979,1866,2003,2015,2019,D:\ENOSE\smart-coffee-v2-hardware\smart-coffee-v2-hardware\scripts\..\data\light_20260810_160508.csv
light,purging,2,11,434201,1890,2981,2986,2007,2003,2980,1866,2002,2016,2018,D:\ENOSE\smart-coffee-v2-hardware\smart-coffee-v2-hardware\scripts\..\data\light_20260810_160508.csv
light,purging,2,12,435202,1889,2978,2987,2007,2003,2979,1866,2003,2016,2018,D:\ENOSE\smart-coffee-v2-hardware\smart-coffee-v2-hardware\scripts\..\data\light_20260810_160508.csv
light,purging,2,13,436201,1890,2978,2987,2007,2003,2979,1868,2001,2016,2018,D:\ENOSE\smart-coffee-v2-hardware\smart-coffee-v2-hardware\scripts\..\data\light_20260810_160508.csv
light,purging,2,14,437201,1890,2979,2989,2007,2004,2981,1868,2001,2016,2018,D:\ENOSE\smart-coffee-v2-hardware\smart-coffee-v2-hardware\scripts\..\data\light_20260810_160508.csv
light,purging,2,15,438201,1890,2979,2984,2006,2005,2980,1869,2000,2016,2017,D:\ENOSE\smart-coffee-v2-hardware\smart-coffee-v2-hardware\scripts\..\data\light_20260810_160508.csv
light,purging,2,16,439201,1891,2981,2987,2006,2005,2977,1868,2000,2016,2017,D:\ENOSE\smart-coffee-v2-hardware\smart-coffee-v2-hardware\scripts\..\data\light_20260810_160508.csv
light,purging,2,17,440202,1891,2984,2984,2005,2006,2979,1869,2000,2016,2017,D:\ENOSE\smart-coffee-v2-hardware\smart-coffee-v2-hardware\scripts\..\data\light_20260810_160508.csv
light,purging,2,18,441201,1892,2982,2990,2005,2006,2980,1868,2001,2017,2017,D:\ENOSE\smart-coffee-v2-hardware\smart-coffee-v2-hardware\scripts\..\data\light_20260810_160508.csv
light,purging,2,19,442202,1892,2983,2990,2005,2005,2976,1869,2001,2016,2017,D:\ENOSE\smart-coffee-v2-hardware\smart-coffee-v2-hardware\scripts\..\data\light_20260810_160508.csv
light,purging,2,20,443201,1892,2983,2990,2006,2004,2979,1867,2002,2016,2018,D:\ENOSE\smart-coffee-v2-hardware\smart-coffee-v2-hardware\scripts\..\data\light_20260810_160508.csv
light,purging,2,21,444201,1892,2981,2989,2006,2004,2977,1867,2002,2015,2019,D:\ENOSE\smart-coffee-v2-hardware\smart-coffee-v2-hardware\scripts\..\data\light_20260810_160508.csv
light,purging,2,22,445201,1891,2981,2989,2007,2003,2978,1867,2003,2015,2019,D:\ENOSE\smart-coffee-v2-hardware\smart-coffee-v2-hardware\scripts\..\data\light_20260810_160508.csv
light,purging,2,23,446201,1891,2981,2990,2008,2003,2981,1866,2003,2015,2019,D:\ENOSE\smart-coffee-v2-hardware\smart-coffee-v2-hardware\scripts\..\data\light_20260810_160508.csv
light,purging,2,24,447201,1890,2983,2989,2008,2003,2981,1866,2003,2015,2019,D:\ENOSE\smart-coffee-v2-hardware\smart-coffee-v2-hardware\scripts\..\data\light_20260810_160508.csv
light,purging,2,25,448201,1890,2984,2989,2008,2003,2981,1866,2003,2016,2019,D:\ENOSE\smart-coffee-v2-hardware\smart-coffee-v2-hardware\scripts\..\data\light_20260810_160508.csv
light,purging,2,26,449202,1890,2979,2985,2008,2004,2978,1867,2003,2015,2018,D:\ENOSE\smart-coffee-v2-hardware\smart-coffee-v2-hardware\scripts\..\data\light_20260810_160508.csv
light,purging,2,27,450201,1890,2983,2987,2007,2005,2979,1869,2002,2016,2018,D:\ENOSE\smart-coffee-v2-hardware\smart-coffee-v2-hardware\scripts\..\data\light_20260810_160508.csv
light,purging,2,28,451202,1890,2979,2987,2007,2006,2979,1869,2001,2016,2018,D:\ENOSE\smart-coffee-v2-hardware\smart-coffee-v2-hardware\scripts\..\data\light_20260810_160508.csv
light,purging,2,29,452201,1892,2978,2987,2006,2006,2979,1869,2000,2016,2017,D:\ENOSE\smart-coffee-v2-hardware\smart-coffee-v2-hardware\scripts\..\data\light_20260810_160508.csv
light,purging,2,30,453201,1892,2979,2989,2006,2005,2979,1869,2001,2017,2017,D:\ENOSE\smart-coffee-v2-hardware\smart-coffee-v2-hardware\scripts\..\data\light_20260810_160508.csv
light,purging,2,31,454201,1892,2984,2990,2006,2004,2976,1868,2002,2016,2017,D:\ENOSE\smart-coffee-v2-hardware\smart-coffee-v2-hardware\scripts\..\data\light_20260810_160508.csv
light,purging,2,32,455201,1892,2979,2992,2006,2004,2979,1868,2002,2016,2018,D:\ENOSE\smart-coffee-v2-hardware\smart-coffee-v2-hardware\scripts\..\data\light_20260810_160508.csv
light,purging,2,33,456202,1892,2978,2992,2006,2003,2977,1867,2003,2015,2019,D:\ENOSE\smart-coffee-v2-hardware\smart-coffee-v2-hardware\scripts\..\data\light_20260810_160508.csv
light,purging,2,34,457201,1891,2981,2989,2008,2003,2980,1867,2003,2015,2019,D:\ENOSE\smart-coffee-v2-hardware\smart-coffee-v2-hardware\scripts\..\data\light_20260810_160508.csv
light,purging,2,35,458202,1891,2981,2990,2008,2003,2980,1867,2003,2015,2019,D:\ENOSE\smart-coffee-v2-hardware\smart-coffee-v2-hardware\scripts\..\data\light_20260810_160508.csv
light,purging,2,36,459201,1891,2978,2990,2008,2003,2979,1868,2003,2016,2018,D:\ENOSE\smart-coffee-v2-hardware\smart-coffee-v2-hardware\scripts\..\data\light_20260810_160508.csv
light,purging,2,37,460201,1890,2981,2986,2007,2003,2980,1868,2002,2017,2018,D:\ENOSE\smart-coffee-v2-hardware\smart-coffee-v2-hardware\scripts\..\data\light_20260810_160508.csv
light,purging,2,38,461201,1891,2981,2987,2007,2005,2981,1869,2001,2016,2018,D:\ENOSE\smart-coffee-v2-hardware\smart-coffee-v2-hardware\scripts\..\data\light_20260810_160508.csv
light,purging,2,39,462201,1891,2981,2989,2006,2006,2979,1870,2001,2017,2018,D:\ENOSE\smart-coffee-v2-hardware\smart-coffee-v2-hardware\scripts\..\data\light_20260810_160508.csv
light,purging,2,40,463201,1892,2981,2989,2006,2006,2979,1869,2001,2017,2018,D:\ENOSE\smart-coffee-v2-hardware\smart-coffee-v2-hardware\scripts\..\data\light_20260810_160508.csv
light,purging,2,41,464201,1892,2983,2989,2006,2005,2979,1869,2001,2017,2017,D:\ENOSE\smart-coffee-v2-hardware\smart-coffee-v2-hardware\scripts\..\data\light_20260810_160508.csv
light,purging,2,42,465202,1892,2983,2989,2006,2004,2977,1868,2002,2016,2018,D:\ENOSE\smart-coffee-v2-hardware\smart-coffee-v2-hardware\scripts\..\data\light_20260810_160508.csv
light,purging,2,43,466201,1892,2981,2990,2006,2003,2979,1867,2003,2016,2019,D:\ENOSE\smart-coffee-v2-hardware\smart-coffee-v2-hardware\scripts\..\data\light_20260810_160508.csv
light,purging,2,44,467202,1891,2982,2990,2008,2003,2977,1867,2004,2016,2019,D:\ENOSE\smart-coffee-v2-hardware\smart-coffee-v2-hardware\scripts\..\data\light_20260810_160508.csv
light,purging,2,45,468201,1891,2981,2990,2008,2003,2978,1867,2004,2015,2020,D:\ENOSE\smart-coffee-v2-hardware\smart-coffee-v2-hardware\scripts\..\data\light_20260810_160508.csv
light,purging,2,46,469201,1891,2978,2989,2008,2004,2978,1868,2003,2016,2019,D:\ENOSE\smart-coffee-v2-hardware\smart-coffee-v2-hardware\scripts\..\data\light_20260810_160508.csv
light,purging,2,47,470201,1891,2981,2986,2007,2005,2981,1869,2001,2017,2018,D:\ENOSE\smart-coffee-v2-hardware\smart-coffee-v2-hardware\scripts\..\data\light_20260810_160508.csv
light,purging,2,48,471201,1892,2985,2987,2007,2006,2981,1870,2001,2017,2018,D:\ENOSE\smart-coffee-v2-hardware\smart-coffee-v2-hardware\scripts\..\data\light_20260810_160508.csv
light,purging,2,49,472202,1892,2983,2989,2006,2006,2979,1870,2001,2017,2018,D:\ENOSE\smart-coffee-v2-hardware\smart-coffee-v2-hardware\scripts\..\data\light_20260810_160508.csv
light,purging,2,50,473201,1892,2982,2990,2006,2005,2979,1869,2002,2017,2018,D:\ENOSE\smart-coffee-v2-hardware\smart-coffee-v2-hardware\scripts\..\data\light_20260810_160508.csv
light,purging,2,51,474202,1893,2984,2990,2006,2004,2977,1869,2003,2016,2019,D:\ENOSE\smart-coffee-v2-hardware\smart-coffee-v2-hardware\scripts\..\data\light_20260810_160508.csv
light,purging,2,52,475201,1892,2981,2992,2007,2004,2979,1868,2004,2015,2019,D:\ENOSE\smart-coffee-v2-hardware\smart-coffee-v2-hardware\scripts\..\data\light_20260810_160508.csv
light,purging,2,53,476201,1891,2981,2992,2008,2003,2980,1867,2003,2016,2020,D:\ENOSE\smart-coffee-v2-hardware\smart-coffee-v2-hardware\scripts\..\data\light_20260810_160508.csv
light,purging,2,54,477201,1891,2979,2989,2009,2003,2978,1867,2003,2016,2019,D:\ENOSE\smart-coffee-v2-hardware\smart-coffee-v2-hardware\scripts\..\data\light_20260810_160508.csv
light,purging,2,55,478201,1891,2981,2989,2008,2004,2980,1868,2003,2016,2019,D:\ENOSE\smart-coffee-v2-hardware\smart-coffee-v2-hardware\scripts\..\data\light_20260810_160508.csv
light,purging,2,56,479201,1891,2981,2989,2008,2005,2976,1869,2001,2017,2018,D:\ENOSE\smart-coffee-v2-hardware\smart-coffee-v2-hardware\scripts\..\data\light_20260810_160508.csv
light,purging,2,57,480201,1892,2981,2990,2007,2006,2976,1870,2002,2017,2018,D:\ENOSE\smart-coffee-v2-hardware\smart-coffee-v2-hardware\scripts\..\data\light_20260810_160508.csv
light,purging,2,58,481202,1892,2985,2989,2006,2006,2981,1870,2001,2018,2018,D:\ENOSE\smart-coffee-v2-hardware\smart-coffee-v2-hardware\scripts\..\data\light_20260810_160508.csv
light,purging,2,59,482201,1893,2983,2989,2006,2005,2979,1870,2001,2017,2018,D:\ENOSE\smart-coffee-v2-hardware\smart-coffee-v2-hardware\scripts\..\data\light_20260810_160508.csv
light,purging,2,60,483202,1893,2984,2990,2006,2004,2976,1868,2003,2016,2019,D:\ENOSE\smart-coffee-v2-hardware\smart-coffee-v2-hardware\scripts\..\data\light_20260810_160508.csv
light,purging,2,61,484201,1892,2983,2991,2007,2003,2979,1868,2004,2016,2019,D:\ENOSE\smart-coffee-v2-hardware\smart-coffee-v2-hardware\scripts\..\data\light_20260810_160508.csv
light,collecting,3,1,485206,1891,2983,2992,2008,2003,2980,1867,2004,2015,2019,D:\ENOSE\smart-coffee-v2-hardware\smart-coffee-v2-hardware\scripts\..\data\light_20260810_160508.csv
light,collecting,3,2,486201,1891,2979,2984,2008,2004,2980,1868,2004,2016,2020,D:\ENOSE\smart-coffee-v2-hardware\smart-coffee-v2-hardware\scripts\..\data\light_20260810_160508.csv
light,collecting,3,3,487201,1891,2981,2989,2008,2004,2978,1869,2003,2017,2018,D:\ENOSE\smart-coffee-v2-hardware\smart-coffee-v2-hardware\scripts\..\data\light_20260810_160508.csv
light,collecting,3,4,488202,1891,2985,2989,2007,2005,2976,1870,2002,2017,2019,D:\ENOSE\smart-coffee-v2-hardware\smart-coffee-v2-hardware\scripts\..\data\light_20260810_160508.csv
light,collecting,3,5,489201,1891,2983,2990,2006,2006,2979,1870,2001,2017,2018,D:\ENOSE\smart-coffee-v2-hardware\smart-coffee-v2-hardware\scripts\..\data\light_20260810_160508.csv
light,collecting,3,6,490202,1892,2985,2990,2006,2006,2977,1870,2002,2017,2018,D:\ENOSE\smart-coffee-v2-hardware\smart-coffee-v2-hardware\scripts\..\data\light_20260810_160508.csv
light,collecting,3,7,491201,1893,2979,2989,2006,2004,2977,1868,2003,2016,2018,D:\ENOSE\smart-coffee-v2-hardware\smart-coffee-v2-hardware\scripts\..\data\light_20260810_160508.csv
light,collecting,3,8,492201,1892,2981,2990,2007,2003,2976,1868,2003,2016,2019,D:\ENOSE\smart-coffee-v2-hardware\smart-coffee-v2-hardware\scripts\..\data\light_20260810_160508.csv
light,collecting,3,9,493201,1891,2978,2992,2008,2003,2981,1867,2004,2015,2019,D:\ENOSE\smart-coffee-v2-hardware\smart-coffee-v2-hardware\scripts\..\data\light_20260810_160508.csv
light,collecting,3,10,494201,1891,2981,2990,2008,2004,2980,1867,2004,2016,2020,D:\ENOSE\smart-coffee-v2-hardware\smart-coffee-v2-hardware\scripts\..\data\light_20260810_160508.csv
light,collecting,3,11,495201,1891,2984,2989,2008,2005,2976,1869,2002,2017,2019,D:\ENOSE\smart-coffee-v2-hardware\smart-coffee-v2-hardware\scripts\..\data\light_20260810_160508.csv
light,collecting,3,12,496201,1891,2984,2989,2007,2006,2976,1870,2002,2017,2019,D:\ENOSE\smart-coffee-v2-hardware\smart-coffee-v2-hardware\scripts\..\data\light_20260810_160508.csv
light,collecting,3,13,497202,1892,2984,2990,2006,2006,2977,1870,2001,2017,2018,D:\ENOSE\smart-coffee-v2-hardware\smart-coffee-v2-hardware\scripts\..\data\light_20260810_160508.csv
light,collecting,3,14,498201,1893,2984,2992,2006,2005,2979,1870,2002,2017,2018,D:\ENOSE\smart-coffee-v2-hardware\smart-coffee-v2-hardware\scripts\..\data\light_20260810_160508.csv
light,collecting,3,15,499202,1893,2983,2990,2007,2004,2976,1868,2003,2017,2019,D:\ENOSE\smart-coffee-v2-hardware\smart-coffee-v2-hardware\scripts\..\data\light_20260810_160508.csv
light,collecting,3,16,500201,1892,2981,2990,2007,2003,2977,1868,2004,2016,2020,D:\ENOSE\smart-coffee-v2-hardware\smart-coffee-v2-hardware\scripts\..\data\light_20260810_160508.csv
light,collecting,3,17,501201,1892,2978,2992,2008,2004,2980,1867,2005,2016,2020,D:\ENOSE\smart-coffee-v2-hardware\smart-coffee-v2-hardware\scripts\..\data\light_20260810_160508.csv
light,collecting,3,18,502201,1891,2981,2990,2009,2004,2980,1867,2004,2016,2020,D:\ENOSE\smart-coffee-v2-hardware\smart-coffee-v2-hardware\scripts\..\data\light_20260810_160508.csv
light,collecting,3,19,503201,1891,2983,2989,2008,2005,2978,1868,2003,2017,2019,D:\ENOSE\smart-coffee-v2-hardware\smart-coffee-v2-hardware\scripts\..\data\light_20260810_160508.csv
light,collecting,3,20,504202,1891,2981,2987,2008,2005,2981,1869,2002,2017,2019,D:\ENOSE\smart-coffee-v2-hardware\smart-coffee-v2-hardware\scripts\..\data\light_20260810_160508.csv
light,collecting,3,21,505201,1892,2985,2989,2007,2007,2981,1870,2002,2018,2019,D:\ENOSE\smart-coffee-v2-hardware\smart-coffee-v2-hardware\scripts\..\data\light_20260810_160508.csv
light,collecting,3,22,506202,1893,2984,2991,2007,2006,2976,1870,2002,2018,2018,D:\ENOSE\smart-coffee-v2-hardware\smart-coffee-v2-hardware\scripts\..\data\light_20260810_160508.csv
light,collecting,3,23,507201,1893,2981,2990,2006,2006,2976,1869,2003,2017,2019,D:\ENOSE\smart-coffee-v2-hardware\smart-coffee-v2-hardware\scripts\..\data\light_20260810_160508.csv
light,collecting,3,24,508201,1893,2981,2989,2007,2004,2979,1868,2004,2017,2020,D:\ENOSE\smart-coffee-v2-hardware\smart-coffee-v2-hardware\scripts\..\data\light_20260810_160508.csv
light,collecting,3,25,509201,1892,2979,2990,2009,2004,2979,1868,2004,2016,2020,D:\ENOSE\smart-coffee-v2-hardware\smart-coffee-v2-hardware\scripts\..\data\light_20260810_160508.csv
light,collecting,3,26,510201,1891,2981,2990,2009,2005,2981,1868,2004,2016,2020,D:\ENOSE\smart-coffee-v2-hardware\smart-coffee-v2-hardware\scripts\..\data\light_20260810_160508.csv
light,collecting,3,27,511201,1891,2981,2989,2008,2005,2976,1869,2003,2017,2020,D:\ENOSE\smart-coffee-v2-hardware\smart-coffee-v2-hardware\scripts\..\data\light_20260810_160508.csv
light,collecting,3,28,512201,1892,2986,2990,2007,2006,2979,1870,2002,2019,2019,D:\ENOSE\smart-coffee-v2-hardware\smart-coffee-v2-hardware\scripts\..\data\light_20260810_160508.csv
light,collecting,3,29,513202,1893,2983,2989,2007,2006,2981,1871,2002,2019,2019,D:\ENOSE\smart-coffee-v2-hardware\smart-coffee-v2-hardware\scripts\..\data\light_20260810_160508.csv
light,collecting,3,30,514201,1893,2981,2992,2006,2005,2979,1869,2003,2018,2019,D:\ENOSE\smart-coffee-v2-hardware\smart-coffee-v2-hardware\scripts\..\data\light_20260810_160508.csv
light,collecting,3,31,515202,1893,2984,2991,2007,2005,2981,1868,2004,2017,2020,D:\ENOSE\smart-coffee-v2-hardware\smart-coffee-v2-hardware\scripts\..\data\light_20260810_160508.csv
light,collecting,3,32,516201,1891,2981,2990,2009,2004,2981,1867,2005,2016,2021,D:\ENOSE\smart-coffee-v2-hardware\smart-coffee-v2-hardware\scripts\..\data\light_20260810_160508.csv
light,collecting,3,33,517201,1891,2978,2988,2009,2004,2978,1867,2004,2016,2020,D:\ENOSE\smart-coffee-v2-hardware\smart-coffee-v2-hardware\scripts\..\data\light_20260810_160508.csv
