page,name,type,x,y,w,h,font_id,event
pSplash,jInit,Progress,95,196,290,8,,
pSplash,tAtmega,Text,94,214,86,19,0,
pSplash,tPi,Text,197,214,86,19,0,
pSplash,tHmi,Text,300,214,86,19,0,
pHome,mTest,Hotspot,250,60,212,41,,EVT:TEST_START
pHome,mData,Hotspot,250,107,212,41,,EVT:TAKE_OPEN
pHome,mCal,Hotspot,18,139,212,32,,EVT:CAL_START
pHome,mHist,Hotspot,250,156,212,32,,EVT:HISTORY
pHome,mSet,Hotspot,18,180,212,32,,EVT:SETTINGS
pHome,mExit,Hotspot,250,197,212,32,,EVT:EXIT
pTake,tRoast,Text,26,70,190,22,1,
pTake,tOrigin,Text,260,70,190,22,1,
pTake,tBatch,Text,26,122,190,22,1,
pTake,tCycles,Text,260,122,190,22,1,
pTake,tFile,Text,118,162,330,26,0,
pTake,mRoast,Hotspot,16,56,214,44,,EVT:ROAST_NEXT
pTake,mOrigin,Hotspot,250,56,214,44,,EVT:ORIGIN_NEXT
pTake,mBatch,Hotspot,16,109,214,44,,EVT:BATCH_INC
pTake,mBack,Hotspot,16,227,210,32,,EVT:HOME
pTake,mStart,Hotspot,254,227,210,32,,EVT:DATA_START
pDataRun,tSample,Text,18,54,160,20,1,
pDataRun,tCycle,Text,300,54,162,20,1,
pDataRun,jCycle,Progress,18,81,444,8,,
pDataRun,tPhase,Text,28,114,190,24,1,
pDataRun,tRemain,Text,260,114,190,24,1,
pDataRun,tTemp,Text,28,169,118,22,1,
pDataRun,tHum,Text,180,169,118,22,1,
pDataRun,tSensors,Text,332,169,118,22,1,
pDataRun,mPause,Hotspot,18,226,210,32,,EVT:DATA_PAUSE
pDataRun,mCancel,Hotspot,252,226,210,32,,EVT:DATA_CANCEL
pDataDone,tFile,Text,50,123,380,19,1,
pDataDone,mNew,Hotspot,30,196,196,39,,EVT:NEW_BATCH
pDataDone,mHome,Hotspot,254,196,196,39,,EVT:HOME
pTest,tTestId,Text,28,148,190,22,1,
pTest,tMode,Text,260,148,190,22,1,
pTest,tAtmega,Text,18,189,138,19,0,
pTest,tPi,Text,171,189,138,19,0,
pTest,tSensors,Text,324,189,138,19,0,
pTest,mBack,Hotspot,18,228,210,32,,EVT:HOME
pTest,mStart,Hotspot,252,228,210,32,,EVT:AI_START
pTestRun,tTestId,Text,18,54,160,19,1,
pTestRun,tPi,Text,342,54,120,19,0,
pTestRun,jAI,Progress,18,84,444,8,,
pTestRun,tStep1,Text,330,103,118,24,0,
pTestRun,tStep2,Text,330,133,118,24,0,
pTestRun,tStep3,Text,330,162,118,24,0,
pTestRun,tStep4,Text,330,192,118,24,0,
pTestRun,tEta,Text,18,224,444,15,0,
pTestRun,mCancel,Hotspot,134,242,212,26,,EVT:AI_CANCEL
pResult,tRoast,Text,30,80,188,24,2,
pResult,tRConf,Text,30,104,188,14,0,
pResult,tOrigin,Text,262,80,188,24,2,
pResult,tOConf,Text,262,104,188,14,0,
pResult,jLight,Progress,94,156,286,8,,
pResult,jMedium,Progress,94,177,286,8,,
pResult,jDark,Progress,94,197,286,8,,
pResult,tLight,Text,390,153,72,15,0,
pResult,tMedium,Text,390,173,72,15,0,
pResult,tDark,Text,390,194,72,15,0,
pResult,mSave,Hotspot,18,227,210,32,,EVT:RESULT_SAVE
pResult,mHome,Hotspot,252,227,210,32,,EVT:HOME
pCal,tSensors,Text,28,122,190,20,1,
pCal,tPump,Text,260,122,190,20,1,
pCal,tChamber,Text,28,173,190,20,1,
pCal,tBase,Text,260,173,190,20,1,
pCal,mStart,Hotspot,18,221,274,36,,EVT:CAL_START
pCal,mHome,Hotspot,310,221,152,36,,EVT:HOME
pSettings,tWifi,Text,242,55,206,21,0,
pSettings,tDuration,Text,242,82,206,21,0,
pSettings,tBright,Text,242,108,206,21,0,
pSettings,tLang,Text,242,134,206,21,0,
pSettings,tDevId,Text,242,161,206,21,0,
pSettings,tFw,Text,242,187,206,21,0,
pSettings,mReset,Hotspot,18,230,210,31,,EVT:RESET
pSettings,mHome,Hotspot,252,230,210,31,,EVT:HOME
pHistory,tH0,Text,30,58,418,31,0,
pHistory,tH1,Text,30,95,418,31,0,
pHistory,tH2,Text,30,133,418,31,0,
pHistory,tH3,Text,30,170,418,31,0,
pHistory,mClear,Hotspot,18,227,210,32,,EVT:HISTORY_CLEAR
pHistory,mHome,Hotspot,252,227,210,32,,EVT:HOME
pAlert,tAlert,Text,88,65,350,20,1,
pAlert,tMsg,Text,88,88,350,19,0,
pAlert,tAction,Text,30,153,420,44,0,
pAlert,mRetry,Hotspot,18,223,210,36,,EVT:RETRY
pAlert,mHome,Hotspot,252,223,210,36,,EVT:HOME
