timestamp,sample_id,roast_level,origin,batch_id,run_id,phase,sample_idx,adc_tgs822,adc_mq135,adc_mq3,adc_tgs2611,adc_tgs2620,adc_tgs2600,adc_tgs2602,adc_mq8,adc_tgs813,adc_tgs816,temperature,humidity
2180,M-CAT,medium,Arabika Catuji Mekarwangi,B21,1,purging,1,11744,2886,2873,7845,9023,2883,8543,13527,13388,14130,,
3179,M-CAT,medium,Arabika Catuji Mekarwangi,B21,1,purging,2,11743,2886,2875,7845,9021,2881,8542,13527,13386,14129,,
4179,M-CAT,medium,Arabika Catuji Mekarwangi,B21,1,purging,3,11741,2886,2875,7845,9020,2881,8541,13528,13384,14128,,
5179,M-CAT,medium,Arabika Catuji Mekarwangi,B21,1,purging,4,11740,2886,2873,7844,9018,2883,8540,13528,13383,14127,,
6179,M-CAT,medium,Arabika Catuji Mekarwangi,B21,1,purging,5,11741,2882,2873,7845,9017,2881,8540,13530,13382,14128,,
7179,M-CAT,medium,Arabika Catuji Mekarwangi,B21,1,purging,6,11742,2886,2877,7844,9016,2884,8540,13532,13382,14130,,
8179,M-CAT,medium,Arabika Catuji Mekarwangi,B21,1,purging,7,11745,2886,2877,7844,9017,2881,8541,13537,13383,14131,,
9180,M-CAT,medium,Arabika Catuji Mekarwangi,B21,1,purging,8,11748,2886,2873,7844,9018,2883,8542,13541,13385,14133,,
10179,M-CAT,medium,Arabika Catuji Mekarwangi,B21,1,purging,9,11750,2886,2875,7844,9020,2883,8542,13546,13387,14134,,
11180,M-CAT,medium,Arabika Catuji Mekarwangi,B21,1,purging,10,11753,2886,2877,7844,9021,2884,8543,13550,13390,14136,,
12179,M-CAT,medium,Arabika Catuji Mekarwangi,B21,1,purging,11,11755,2884,2877,7844,9021,2881,8542,13555,13392,14135,,
13179,M-CAT,medium,Arabika Catuji Mekarwangi,B21,1,purging,12,11756,2882,2875,7844,9021,2883,8542,13557,13392,14135,,
14179,M-CAT,medium,Arabika Catuji Mekarwangi,B21,1,purging,13,11759,2886,2877,7844,9021,2884,8541,13559,13393,14134,,
15179,M-CAT,medium,Arabika Catuji Mekarwangi,B21,1,purging,14,11761,2882,2877,7843,9019,2883,8539,13561,13393,14132,,
16179,M-CAT,medium,Arabika Catuji Mekarwangi,B21,1,purging,15,11765,2886,2875,7843,9017,2883,8536,13564,13393,14131,,
17179,M-CAT,medium,Arabika Catuji Mekarwangi,B21,1,purging,16,11770,2886,2874,7843,9014,2883,8533,13567,13393,14131,,
18180,M-CAT,medium,Arabika Catuji Mekarwangi,B21,1,purging,17,11776,2886,2873,7843,9012,2881,8531,13570,13394,14131,,
19179,M-CAT,medium,Arabika Catuji Mekarwangi,B21,1,purging,18,11781,2886,2877,7843,9011,2881,8529,13575,13396,14134,,
20179,M-CAT,medium,Arabika Catuji Mekarwangi,B21,1,purging,19,11786,2886,2877,7842,9011,2881,8530,13581,13398,14136,,
21179,M-CAT,medium,Arabika Catuji Mekarwangi,B21,1,purging,20,11790,2886,2875,7842,9010,2886,8531,13587,13400,14137,,
22179,M-CAT,medium,Arabika Catuji Mekarwangi,B21,1,purging,21,11795,2882,2873,7842,9010,2883,8531,13591,13403,14138,,
23179,M-CAT,medium,Arabika Catuji Mekarwangi,B21,1,purging,22,11799,2882,2873,7842,9011,2883,8531,13596,13406,14139,,
24179,M-CAT,medium,Arabika Catuji Mekarwangi,B21,1,purging,23,11803,2886,2875,7842,9011,2881,8532,13602,13409,14140,,
25180,M-CAT,medium,Arabika Catuji Mekarwangi,B21,1,purging,24,11808,2886,2875,7842,9011,2881,8532,13608,13412,14141,,
26179,M-CAT,medium,Arabika Catuji Mekarwangi,B21,1,purging,25,11811,2882,2873,7842,9011,2881,8532,13613,13415,14144,,
27180,M-CAT,medium,Arabika Catuji Mekarwangi,B21,1,purging,26,11816,2884,2875,7842,9012,2883,8532,13619,13418,14145,,
28179,M-CAT,medium,Arabika Catuji Mekarwangi,B21,1,purging,27,11820,2882,2877,7842,9013,2883,8533,13624,13421,14147,,
29179,M-CAT,medium,Arabika Catuji Mekarwangi,B21,1,purging,28,11823,2882,2877,7841,9013,2881,8533,13627,13423,14148,,
30179,M-CAT,medium,Arabika Catuji Mekarwangi,B21,1,purging,29,11826,2884,2877,7842,9013,2883,8533,13630,13425,14148,,
31179,M-CAT,medium,Arabika Catuji Mekarwangi,B21,1,purging,30,11829,2886,2875,7841,9012,2883,8533,13635,13427,14148,,
32179,M-CAT,medium,Arabika Catuji Mekarwangi,B21,1,purging,31,11832,2884,2875,7841,9012,2884,8532,13638,13429,14148,,
33179,M-CAT,medium,Arabika Catuji Mekarwangi,B21,1,purging,32,11834,2882,2875,7841,9011,2883,8531,13641,13431,14148,,
34180,M-CAT,medium,Arabika Catuji Mekarwangi,B21,1,purging,33,11837,2886,2875,7841,9010,2883,8530,13644,13432,14147,,
35179,M-CAT,medium,Arabika Catuji Mekarwangi,B21,1,purging,34,11840,2886,2875,7841,9008,2883,8529,13646,13433,14148,,
36179,M-CAT,medium,Arabika Catuji Mekarwangi,B21,1,purging,35,11843,2884,2875,7841,9008,2881,8528,13649,13434,14148,,
37179,M-CAT,medium,Arabika Catuji Mekarwangi,B21,1,purging,36,11847,2884,2873,7840,9008,2886,8528,13652,13436,14149,,
38179,M-CAT,medium,Arabika Catuji Mekarwangi,B21,1,purging,37,11850,2882,2875,7841,9007,2883,8527,13656,13437,14148,,
39179,M-CAT,medium,Arabika Catuji Mekarwangi,B21,1,purging,38,11854,2886,2875,7840,9007,2881,8525,13660,13439,14148,,
40179,M-CAT,medium,Arabika Catuji Mekarwangi,B21,1,purging,39,11860,2884,2873,7840,9005,2881,8523,13664,13441,14147,,
41180,M-CAT,medium,Arabika Catuji Mekarwangi,B21,1,purging,40,11865,2886,2875,7840,9004,2883,8520,13669,13443,14146,,
42179,M-CAT,medium,Arabika Catuji Mekarwangi,B21,1,purging,41,11870,2882,2875,7840,9002,2881,8518,13673,13445,14146,,
43180,M-CAT,medium,Arabika Catuji Mekarwangi,B21,1,purging,42,11874,2886,2877,7840,9000,2884,8516,13676,13446,14144,,
44179,M-CAT,medium,Arabika Catuji Mekarwangi,B21,1,purging,43,11877,2886,2873,7839,8997,2881,8513,13679,13446,14143,,
45179,M-CAT,medium,Arabika Catuji Mekarwangi,B21,1,purging,44,11881,2884,2875,7839,8994,2883,8510,13682,13446,14142,,
46179,M-CAT,medium,Arabika Catuji Mekarwangi,B21,1,purging,45,11883,2882,2877,7839,8991,2883,8508,13682,13445,14142,,
47179,M-CAT,medium,Arabika Catuji Mekarwangi,B21,1,purging,46,11885,2886,2877,7838,8989,2881,8507,13685,13444,14141,,
48179,M-CAT,medium,Arabika Catuji Mekarwangi,B21,1,purging,47,11887,2886,2877,7839,8987,2883,8506,13687,13444,14141,,
49179,M-CAT,medium,Arabika Catuji Mekarwangi,B21,1,purging,48,11888,2884,2875,7838,8986,2881,8505,13689,13444,14140,,
50180,M-CAT,medium,Arabika Catuji Mekarwangi,B21,1,purging,49,11889,2884,2875,7838,8984,2883,8506,13691,13444,14141,,
51179,M-CAT,medium,Arabika Catuji Mekarwangi,B21,1,purging,50,11891,2886,2875,7838,8984,2883,8506,13693,13444,14142,,
52179,M-CAT,medium,Arabika Catuji Mekarwangi,B21,1,purging,51,11891,2884,2873,7838,8983,2881,8506,13695,13445,14143,,
53179,M-CAT,medium,Arabika Catuji Mekarwangi,B21,1,purging,52,11891,2884,2875,7837,8983,2881,8507,13697,13445,14144,,
54179,M-CAT,medium,Arabika Catuji Mekarwangi,B21,1,purging,53,11891,2886,2873,7837,8983,2883,8508,13699,13446,14144,,
55179,M-CAT,medium,Arabika Catuji Mekarwangi,B21,1,purging,54,11892,2886,2877,7837,8984,2881,8508,13701,13447,14144,,
56179,M-CAT,medium,Arabika Catuji Mekarwangi,B21,1,purging,55,11892,2882,2873,7837,8985,2881,8509,13703,13448,14146,,
57180,M-CAT,medium,Arabika Catuji Mekarwangi,B21,1,purging,56,11892,2886,2875,7837,8985,2883,8510,13705,13448,14147,,
58179,M-CAT,medium,Arabika Catuji Mekarwangi,B21,1,purging,57,11892,2884,2875,7837,8986,2883,8511,13706,13449,14147,,
59180,M-CAT,medium,Arabika Catuji Mekarwangi,B21,1,purging,58,11893,2884,2875,7837,8987,2881,8512,13707,13450,14147,,
60179,M-CAT,medium,Arabika Catuji Mekarwangi,B21,1,purging,59,11893,2884,2875,7837,8988,2883,8513,13708,13451,14148,,
61179,M-CAT,medium,Arabika Catuji Mekarwangi,B21,1,purging,60,11892,2886,2875,7836,8988,2881,8514,13710,13451,14148,,
62179,M-CAT,medium,Arabika Catuji Mekarwangi,B21,1,purging,61,11895,2886,2877,7836,8988,2883,8513,13711,13452,14147,,
63179,M-CAT,medium,Arabika Catuji Mekarwangi,B21,1,purging,62,11898,2886,2875,7836,8988,2883,8511,13712,13452,14147,,
64179,M-CAT,medium,Arabika Catuji Mekarwangi,B21,1,purging,63,11900,2886,2873,7836,8988,2883,8510,13715,13454,14148,,
65179,M-CAT,medium,Arabika Catuji Mekarwangi,B21,1,purging,64,11903,2882,2875,7835,8989,2883,8510,13719,13456,14149,,
66180,M-CAT,medium,Arabika Catuji Mekarwangi,B21,1,purging,65,11905,2886,2875,7836,8989,2884,8510,13722,13457,14150,,
67179,M-CAT,medium,Arabika Catuji Mekarwangi,B21,1,purging,66,11907,2882,2875,7835,8990,2881,8511,13724,13459,14151,,
68179,M-CAT,medium,Arabika Catuji Mekarwangi,B21,1,purging,67,11908,2884,2877,7835,8990,2881,8511,13726,13460,14152,,
69179,M-CAT,medium,Arabika Catuji Mekarwangi,B21,1,purging,68,11909,2886,2873,7835,8990,2883,8512,13727,13460,14153,,
70179,M-CAT,medium,Arabika Catuji Mekarwangi,B21,1,purging,69,11910,2886,2877,7835,8991,2883,8512,13728,13461,14153,,
71179,M-CAT,medium,Arabika Catuji Mekarwangi,B21,1,purging,70,11911,2884,2875,7835,8991,2883,8513,13731,13462,14154,,
72179,M-CAT,medium,Arabika Catuji Mekarwangi,B21,1,purging,71,11911,2886,2875,7835,8992,2883,8514,13733,13463,14155,,
73180,M-CAT,medium,Arabika Catuji Mekarwangi,B21,1,purging,72,11910,2886,2877,7834,8992,2883,8514,13734,13464,14156,,
74179,M-CAT,medium,Arabika Catuji Mekarwangi,B21,1,purging,73,11910,2886,2877,7834,8993,2883,8516,13736,13464,14157,,
75180,M-CAT,medium,Arabika Catuji Mekarwangi,B21,1,purging,74,11910,2882,2873,7834,8994,2881,8516,13738,13465,14157,,
76179,M-CAT,medium,Arabika Catuji Mekarwangi,B21,1,purging,75,11910,2882,2877,7834,8995,2881,8517,13740,13466,14158,,
77179,M-CAT,medium,Arabika Catuji Mekarwangi,B21,1,purging,76,11910,2884,2875,7833,8995,2881,8517,13741,13467,14158,,
78179,M-CAT,medium,Arabika Catuji Mekarwangi,B21,1,purging,77,11909,2882,2877,7833,8996,2881,8517,13742,13467,14158,,
79179,M-CAT,medium,Arabika Catuji Mekarwangi,B21,1,purging,78,11909,2886,2877,7833,8995,2883,8517,13744,13468,14158,,
80179,M-CAT,medium,Arabika Catuji Mekarwangi,B21,1,purging,79,11908,2886,2875,7833,8995,2883,8517,13744,13467,14158,,
81179,M-CAT,medium,Arabika Catuji Mekarwangi,B21,1,purging,80,11907,2886,2877,7833,8994,2881,8517,13744,13467,14157,,
82180,M-CAT,medium,Arabika Catuji Mekarwangi,B21,1,purging,81,11908,2884,2875,7832,8994,2883,8516,13744,13466,14157,,
83179,M-CAT,medium,Arabika Catuji Mekarwangi,B21,1,purging,82,11910,2884,2873,7832,8994,2881,8516,13746,13466,14158,,
84179,M-CAT,medium,Arabika Catuji Mekarwangi,B21,1,purging,83,11913,2884,2877,7832,8994,2881,8516,13748,13467,14157,,
85179,M-CAT,medium,Arabika Catuji Mekarwangi,B21,1,purging,84,11916,2886,2877,7832,8994,2883,8515,13750,13468,14157,,
86179,M-CAT,medium,Arabika Catuji Mekarwangi,B21,1,purging,85,11919,2886,2875,7832,8994,2883,8513,13753,13469,14156,,
87179,M-CAT,medium,Arabika Catuji Mekarwangi,B21,1,purging,86,11922,2886,2875,7832,8994,2884,8511,13755,13470,14155,,
88179,M-CAT,medium,Arabika Catuji Mekarwangi,B21,1,purging,87,11927,2882,2873,7831,8993,2883,8509,13758,13471,14154,,
89180,M-CAT,medium,Arabika Catuji Mekarwangi,B21,1,purging,88,11933,2886,2877,7831,8991,2881,8506,13761,13473,14154,,
90179,M-CAT,medium,Arabika Catuji Mekarwangi,B21,1,purging,89,11938,2886,2873,7831,8990,2883,8503,13765,13474,14151,,
91180,M-CAT,medium,Arabika Catuji Mekarwangi,B21,1,purging,90,11942,2884,2877,7830,8988,2883,8500,13767,13474,14148,,
92179,M-CAT,medium,Arabika Catuji Mekarwangi,B21,1,purging,91,11948,2884,2877,7830,8984,2881,8495,13769,13474,14146,,
93179,M-CAT,medium,Arabika Catuji Mekarwangi,B21,1,purging,92,11953,2884,2873,7830,8981,2883,8491,13771,13474,14145,,
94179,M-CAT,medium,Arabika Catuji Mekarwangi,B21,1,purging,93,11958,2886,2873,7829,8978,2884,8488,13774,13474,14143,,
95179,M-CAT,medium,Arabika Catuji Mekarwangi,B21,1,purging,94,11962,2882,2875,7829,8976,2886,8485,13775,13473,14142,,
96179,M-CAT,medium,Arabika Catuji Mekarwangi,B21,1,purging,95,11966,2884,2875,7829,8973,2883,8483,13778,13473,14141,,
97179,M-CAT,medium,Arabika Catuji Mekarwangi,B21,1,purging,96,11970,2886,2875,7829,8971,2881,8480,13780,13474,14139,,
98180,M-CAT,medium,Arabika Catuji Mekarwangi,B21,1,purging,97,11975,2886,2875,7828,8968,2883,8478,13783,13473,14139,,
99179,M-CAT,medium,Arabika Catuji Mekarwangi,B21,1,purging,98,11979,2884,2875,7828,8967,2881,8477,13785,13474,14139,,
100179,M-CAT,medium,Arabika Catuji Mekarwangi,B21,1,purging,99,11983,2882,2875,7827,8965,2881,8475,13788,13474,14139,,
101179,M-CAT,medium,Arabika Catuji Mekarwangi,B21,1,purging,100,11986,2882,2877,7827,8963,2883,8474,13790,13474,14138,,
102179,M-CAT,medium,Arabika Catuji Mekarwangi,B21,1,purging,101,11989,2882,2873,7826,8961,2881,8473,13792,13474,14138,,
103179,M-CAT,medium,Arabika Catuji Mekarwangi,B21,1,purging,102,11993,2886,2873,7826,8961,2881,8472,13795,13475,14137,,
104179,M-CAT,medium,Arabika Catuji Mekarwangi,B21,1,purging,103,11995,2884,2877,7826,8959,2881,8470,13796,13475,14137,,
105180,M-CAT,medium,Arabika Catuji Mekarwangi,B21,1,purging,104,11997,2882,2875,7826,8958,2881,8470,13799,13475,14136,,
106179,M-CAT,medium,Arabika Catuji Mekarwangi,B21,1,purging,105,11999,2886,2873,7825,8957,2881,8469,13801,13475,14137,,
107180,M-CAT,medium,Arabika Catuji Mekarwangi,B21,1,purging,106,12001,2884,2875,7825,8956,2883,8468,13804,13475,14137,,
108179,M-CAT,medium,Arabika Catuji Mekarwangi,B21,1,purging,107,12002,2882,2873,7825,8955,2881,8468,13806,13475,14137,,
109179,M-CAT,medium,Arabika Catuji Mekarwangi,B21,1,purging,108,12003,2886,2875,7824,8954,2881,8468,13806,13475,14137,,
110179,M-CAT,medium,Arabika Catuji Mekarwangi,B21,1,purging,109,12004,2886,2875,7824,8954,2881,8469,13809,13475,14138,,
111179,M-CAT,medium,Arabika Catuji Mekarwangi,B21,1,purging,110,12005,2882,2875,7823,8954,2883,8470,13810,13475,14139,,
112179,M-CAT,medium,Arabika Catuji Mekarwangi,B21,1,purging,111,12006,2882,2877,7823,8955,2883,8471,13811,13476,14139,,
113179,M-CAT,medium,Arabika Catuji Mekarwangi,B21,1,purging,112,12006,2886,2875,7823,8955,2881,8472,13813,13477,14141,,
114180,M-CAT,medium,Arabika Catuji Mekarwangi,B21,1,purging,113,12007,2882,2873,7823,8955,2883,8472,13815,13477,14140,,
115179,M-CAT,medium,Arabika Catuji Mekarwangi,B21,1,purging,114,12007,2886,2877,7823,8956,2881,8472,13816,13477,14140,,
116179,M-CAT,medium,Arabika Catuji Mekarwangi,B21,1,purging,115,12008,2882,2873,7822,8955,2883,8472,13817,13478,14140,,
117179,M-CAT,medium,Arabika Catuji Mekarwangi,B21,1,purging,116,12009,2884,2877,7822,8955,2883,8472,13818,13478,14141,,
118179,M-CAT,medium,Arabika Catuji Mekarwangi,B21,1,purging,117,12010,2884,2877,7822,8955,2883,8473,13820,13479,14141,,
119179,M-CAT,medium,Arabika Catuji Mekarwangi,B21,1,purging,118,12010,2882,2877,7822,8955,2881,8473,13821,13479,14142,,
120179,M-CAT,medium,Arabika Catuji Mekarwangi,B21,1,purging,119,12010,2886,2877,7822,8956,2883,8474,13823,13480,14142,,
121180,M-CAT,medium,Arabika Catuji Mekarwangi,B21,1,purging,120,12009,2886,2877,7821,8957,2883,8475,13824,13481,14142,,
122183,M-CAT,medium,Arabika Catuji Mekarwangi,B21,1,collecting,1,12009,2882,2875,7822,8957,2881,8476,13826,13482,14143,,
123180,M-CAT,medium,Arabika Catuji Mekarwangi,B21,1,collecting,2,12011,2884,2875,7819,8955,2883,8475,13826,13481,14146,,
124179,M-CAT,medium,Arabika Catuji Mekarwangi,B21,1,collecting,3,12300,2882,2877,7818,8974,2883,8497,13856,13500,14254,,
125179,M-CAT,medium,Arabika Catuji Mekarwangi,B21,1,collecting,4,13011,2886,2875,7818,9054,2881,8560,14064,13629,14419,,
126179,M-CAT,medium,Arabika Catuji Mekarwangi,B21,1,collecting,5,13870,2886,2875,7818,9193,2883,8633,14431,13884,14626,,
127179,M-CAT,medium,Arabika Catuji Mekarwangi,B21,1,collecting,6,14671,2888,2875,7818,9358,2883,8698,14878,14225,14836,,
128179,M-CAT,medium,Arabika Catuji Mekarwangi,B21,1,collecting,7,15315,2891,2875,7819,9514,2881,8746,15309,14594,15026,,
129179,M-CAT,medium,Arabika Catuji Mekarwangi,B21,1,collecting,8,15811,2888,2875,7819,9650,2883,8776,15672,14941,15188,,
130180,M-CAT,medium,Arabika Catuji Mekarwangi,B21,1,collecting,9,16189,2893,2873,7819,9765,2883,8794,15967,15244,15324,,
131179,M-CAT,medium,Arabika Catuji Mekarwangi,B21,1,collecting,10,16487,2893,2873,7819,9863,2883,8806,16203,15500,15441,,
132179,M-CAT,medium,Arabika Catuji Mekarwangi,B21,1,collecting,11,16721,2890,2873,7819,9946,2883,8814,16392,15714,15539,,
133179,M-CAT,medium,Arabika Catuji Mekarwangi,B21,1,collecting,12,16905,2893,2873,7819,10016,2881,8819,16546,15890,15619,,
134179,M-CAT,medium,Arabika Catuji Mekarwangi,B21,1,collecting,13,17048,2890,2875,7819,10073,2881,8820,16669,16034,15683,,
135179,M-CAT,medium,Arabika Catuji Mekarwangi,B21,1,collecting,14,17158,2890,2875,7819,10119,2881,8817,16762,16147,15732,,
136179,M-CAT,medium,Arabika Catuji Mekarwangi,B21,1,collecting,15,17238,2893,2875,7819,10153,2881,8812,16831,16235,15770,,
137180,M-CAT,medium,Arabika Catuji Mekarwangi,B21,1,collecting,16,17297,2893,2875,7819,10179,2881,8807,16881,16301,15800,,
138179,M-CAT,medium,Arabika Catuji Mekarwangi,B21,1,collecting,17,17343,2890,2873,7818,10198,2881,8801,16917,16351,15824,,
139180,M-CAT,medium,Arabika Catuji Mekarwangi,B21,1,collecting,18,17375,2893,2875,7818,10214,2881,8797,16945,16389,15842,,
140179,M-CAT,medium,Arabika Catuji Mekarwangi,B21,1,collecting,19,17396,2890,2873,7817,10224,2881,8791,16964,16417,15854,,
141179,M-CAT,medium,Arabika Catuji Mekarwangi,B21,1,collecting,20,17410,2895,2873,7817,10231,2881,8786,16977,16436,15863,,
142179,M-CAT,medium,Arabika Catuji Mekarwangi,B21,1,collecting,21,17415,2890,2873,7817,10234,2883,8780,16983,16448,15868,,
143179,M-CAT,medium,Arabika Catuji Mekarwangi,B21,1,collecting,22,17416,2893,2875,7816,10236,2881,8775,16985,16454,15873,,
144179,M-CAT,medium,Arabika Catuji Mekarwangi,B21,1,collecting,23,17416,2890,2877,7816,10236,2881,8772,16987,16459,15877,,
145179,M-CAT,medium,Arabika Catuji Mekarwangi,B21,1,collecting,24,17413,2890,2877,7816,10236,2881,8768,16989,16462,15877,,
146180,M-CAT,medium,Arabika Catuji Mekarwangi,B21,1,collecting,25,17405,2890,2873,7815,10234,2881,8763,16988,16462,15878,,
147179,M-CAT,medium,Arabika Catuji Mekarwangi,B21,1,collecting,26,17395,2890,2873,7815,10230,2881,8759,16984,16458,15875,,
148179,M-CAT,medium,Arabika Catuji Mekarwangi,B21,1,collecting,27,17380,2893,2877,7815,10224,2883,8754,16977,16452,15870,,
149179,M-CAT,medium,Arabika Catuji Mekarwangi,B21,1,collecting,28,17363,2890,2877,7814,10217,2883,8749,16967,16444,15865,,
150179,M-CAT,medium,Arabika Catuji Mekarwangi,B21,1,collecting,29,17347,2890,2875,7814,10211,2881,8746,16958,16434,15861,,
151179,M-CAT,medium,Arabika Catuji Mekarwangi,B21,1,collecting,30,17332,2895,2875,7814,10205,2883,8743,16951,16424,15856,,
152179,M-CAT,medium,Arabika Catuji Mekarwangi,B21,1,collecting,31,17316,2888,2877,7814,10199,2881,8740,16943,16415,15851,,
153180,M-CAT,medium,Arabika Catuji Mekarwangi,B21,1,collecting,32,17300,2895,2873,7814,10192,2883,8737,16936,16406,15845,,
154179,M-CAT,medium,Arabika Catuji Mekarwangi,B21,1,collecting,33,17281,2890,2877,7813,10185,2883,8733,16926,16395,15837,,
155180,M-CAT,medium,Arabika Catuji Mekarwangi,B21,1,collecting,34,17262,2890,2873,7813,10177,2883,8729,16916,16383,15831,,
156179,M-CAT,medium,Arabika Catuji Mekarwangi,B21,1,collecting,35,17241,2890,2873,7813,10168,2883,8725,16904,16371,15822,,
157179,M-CAT,medium,Arabika Catuji Mekarwangi,B21,1,collecting,36,17219,2890,2877,7813,10160,2883,8721,16892,16358,15811,,
158179,M-CAT,medium,Arabika Catuji Mekarwangi,B21,1,collecting,37,17194,2888,2873,7812,10150,2881,8716,16876,16343,15801,,
159179,M-CAT,medium,Arabika Catuji Mekarwangi,B21,1,collecting,38,17171,2890,2877,7812,10140,2881,8713,16860,16327,15791,,
160179,M-CAT,medium,Arabika Catuji Mekarwangi,B21,1,collecting,39,17147,2888,2873,7812,10130,2883,8709,16846,16311,15781,,
161179,M-CAT,medium,Arabika Catuji Mekarwangi,B21,1,collecting,40,17124,2890,2873,7811,10121,2881,8706,16832,16296,15772,,
162180,M-CAT,medium,Arabika Catuji Mekarwangi,B21,1,collecting,41,17100,2893,2877,7811,10112,2881,8702,16817,16280,15761,,
163179,M-CAT,medium,Arabika Catuji Mekarwangi,B21,1,collecting,42,17075,2890,2873,7811,10102,2883,8698,16801,16264,15749,,
164179,M-CAT,medium,Arabika Catuji Mekarwangi,B21,1,collecting,43,17051,2890,2873,7811,10092,2881,8695,16787,16247,15739,,
165179,M-CAT,medium,Arabika Catuji Mekarwangi,B21,1,collecting,44,17028,2893,2875,7810,10083,2881,8693,16773,16232,15728,,
166179,M-CAT,medium,Arabika Catuji Mekarwangi,B21,1,collecting,45,17005,2893,2875,7810,10073,2881,8689,16758,16217,15717,,
167179,M-CAT,medium,Arabika Catuji Mekarwangi,B21,1,collecting,46,16980,2890,2873,7810,10064,2883,8686,16743,16201,15706,,
168179,M-CAT,medium,Arabika Catuji Mekarwangi,B21,1,collecting,47,16954,2890,2875,7810,10054,2881,8683,16727,16185,15695,,
169180,M-CAT,medium,Arabika Catuji Mekarwangi,B21,1,collecting,48,16929,2893,2877,7809,10044,2883,8680,16711,16168,15685,,
170179,M-CAT,medium,Arabika Catuji Mekarwangi,B21,1,collecting,49,16906,2890,2875,7809,10035,2881,8677,16696,16152,15674,,
171180,M-CAT,medium,Arabika Catuji Mekarwangi,B21,1,collecting,50,16882,2890,2873,7809,10026,2883,8676,16682,16137,15663,,
172179,M-CAT,medium,Arabika Catuji Mekarwangi,B21,1,collecting,51,16860,2890,2875,7809,10017,2883,8673,16667,16121,15653,,
173179,M-CAT,medium,Arabika Catuji Mekarwangi,B21,1,collecting,52,16838,2890,2877,7808,10010,2881,8670,16654,16107,15644,,
174179,M-CAT,medium,Arabika Catuji Mekarwangi,B21,1,collecting,53,16817,2890,2873,7808,10002,2881,8668,16642,16093,15635,,
175179,M-CAT,medium,Arabika Catuji Mekarwangi,B21,1,collecting,54,16797,2889,2875,7808,9994,2881,8666,16631,16079,15627,,
176179,M-CAT,medium,Arabika Catuji Mekarwangi,B21,1,collecting,55,16778,2893,2875,7808,9986,2881,8665,16620,16066,15617,,
177179,M-CAT,medium,Arabika Catuji Mekarwangi,B21,1,collecting,56,16758,2890,2875,7807,9979,2881,8662,16607,16053,15607,,
178180,M-CAT,medium,Arabika Catuji Mekarwangi,B21,1,collecting,57,16740,2893,2877,7807,9972,2883,8660,16595,16040,15600,,
179179,M-CAT,medium,Arabika Catuji Mekarwangi,B21,1,collecting,58,16723,2890,2877,7807,9966,2884,8659,16586,16029,15592,,
180179,M-CAT,medium,Arabika Catuji Mekarwangi,B21,1,collecting,59,16709,2890,2877,7807,9960,2883,8658,16577,16018,15585,,
181179,M-CAT,medium,Arabika Catuji Mekarwangi,B21,1,collecting,60,16694,2890,2875,7806,9954,2881,8656,16569,16008,15577,,
182183,M-CAT,medium,Arabika Catuji Mekarwangi,B21,2,purging,1,16679,2893,2875,7806,9948,2884,8653,16561,15998,15571,,
183179,M-CAT,medium,Arabika Catuji Mekarwangi,B21,2,purging,2,16661,2893,2873,7808,9945,2883,8653,16552,15989,15560,,
184179,M-CAT,medium,Arabika Catuji Mekarwangi,B21,2,purging,3,16597,2890,2877,7809,9935,2881,8643,16528,15971,15515,,
185180,M-CAT,medium,Arabika Catuji Mekarwangi,B21,2,purging,4,16485,2890,2875,7809,9908,2883,8621,16463,15925,15457,,
186179,M-CAT,medium,Arabika Catuji Mekarwangi,B21,2,purging,5,16341,2890,2877,7809,9866,2881,8597,16367,15854,15394,,
187180,M-CAT,medium,Arabika Catuji Mekarwangi,B21,2,purging,6,16178,2893,2877,7808,9818,2883,8575,16260,15767,15329,,
188179,M-CAT,medium,Arabika Catuji Mekarwangi,B21,2,purging,7,16002,2890,2877,7808,9767,2883,8556,16149,15672,15265,,
189179,M-CAT,medium,Arabika Catuji Mekarwangi,B21,2,purging,8,15820,2888,2877,7807,9717,2883,8540,16041,15576,15203,,
190179,M-CAT,medium,Arabika Catuji Mekarwangi,B21,2,purging,9,15636,2891,2873,7807,9667,2881,8525,15938,15481,15146,,
191179,M-CAT,medium,Arabika Catuji Mekarwangi,B21,2,purging,10,15451,2891,2877,7806,9621,2881,8515,15843,15390,15094,,
192179,M-CAT,medium,Arabika Catuji Mekarwangi,B21,2,purging,11,15271,2888,2873,7805,9578,2881,8505,15757,15304,15045,,
193179,M-CAT,medium,Arabika Catuji Mekarwangi,B21,2,purging,12,15095,2888,2875,7805,9539,2883,8498,15677,15224,15000,,
194180,M-CAT,medium,Arabika Catuji Mekarwangi,B21,2,purging,13,14926,2888,2873,7804,9503,2883,8492,15604,15148,14959,,
195179,M-CAT,medium,Arabika Catuji Mekarwangi,B21,2,purging,14,14764,2891,2877,7803,9470,2883,8486,15536,15077,14922,,
196179,M-CAT,medium,Arabika Catuji Mekarwangi,B21,2,purging,15,14611,2888,2873,7803,9441,2881,8482,15475,15011,14887,,
197179,M-CAT,medium,Arabika Catuji Mekarwangi,B21,2,purging,16,14467,2888,2875,7802,9415,2881,8478,15419,14951,14856,,
198179,M-CAT,medium,Arabika Catuji Mekarwangi,B21,2,purging,17,14332,2888,2875,7802,9392,2881,8476,15367,14895,14829,,
199179,M-CAT,medium,Arabika Catuji Mekarwangi,B21,2,purging,18,14205,2888,2877,7801,9372,2881,8474,15320,14843,14802,,
200179,M-CAT,medium,Arabika Catuji Mekarwangi,B21,2,purging,19,14088,2886,2877,7800,9353,2881,8473,15276,14794,14777,,
201180,M-CAT,medium,Arabika Catuji Mekarwangi,B21,2,purging,20,13980,2886,2873,7800,9336,2883,8472,15235,14749,14754,,
202179,M-CAT,medium,Arabika Catuji Mekarwangi,B21,2,purging,21,13879,2886,2877,7799,9320,2883,8471,15197,14706,14732,,
203180,M-CAT,medium,Arabika Catuji Mekarwangi,B21,2,purging,22,13787,2888,2875,7798,9305,2881,8470,15160,14665,14712,,
204179,M-CAT,medium,Arabika Catuji Mekarwangi,B21,2,purging,23,13702,2886,2873,7798,9291,2881,8469,15126,14627,14692,,
205179,M-CAT,medium,Arabika Catuji Mekarwangi,B21,2,purging,24,13624,2886,2877,7797,9279,2886,8468,15093,14591,14673,,
206179,M-CAT,medium,Arabika Catuji Mekarwangi,B21,2,purging,25,13551,2888,2873,7797,9267,2881,8467,15061,14556,14656,,
207179,M-CAT,medium,Arabika Catuji Mekarwangi,B21,2,purging,26,13484,2886,2873,7796,9256,2881,8466,15032,14524,14639,,
208179,M-CAT,medium,Arabika Catuji Mekarwangi,B21,2,purging,27,13423,2886,2873,7796,9246,2883,8464,15005,14493,14622,,
209179,M-CAT,medium,Arabika Catuji Mekarwangi,B21,2,purging,28,13366,2882,2877,7795,9236,2881,8463,14979,14463,14604,,
210180,M-CAT,medium,Arabika Catuji Mekarwangi,B21,2,purging,29,13314,2882,2877,7795,9225,2881,8460,14954,14434,14588,,
211179,M-CAT,medium,Arabika Catuji Mekarwangi,B21,2,purging,30,13265,2886,2875,7794,9215,2883,8457,14929,14406,14573,,
212179,M-CAT,medium,Arabika Catuji Mekarwangi,B21,2,purging,31,13221,2884,2873,7793,9205,2883,8455,14906,14379,14559,,
213179,M-CAT,medium,Arabika Catuji Mekarwangi,B21,2,purging,32,13180,2884,2873,7793,9197,2881,8453,14884,14354,14546,,
214179,M-CAT,medium,Arabika Catuji Mekarwangi,B21,2,purging,33,13142,2886,2877,7793,9194,2879,8453,14863,14334,14538,,
215179,M-CAT,medium,Arabika Catuji Mekarwangi,B21,2,purging,34,13108,2886,2875,7794,9193,2883,8455,14844,14318,14528,,
216179,M-CAT,medium,Arabika Catuji Mekarwangi,B21,2,purging,35,13075,2882,2875,7795,9189,2883,8455,14825,14301,14515,,
217180,M-CAT,medium,Arabika Catuji Mekarwangi,B21,2,purging,36,13043,2884,2875,7794,9182,2883,8452,14806,14281,14502,,
218179,M-CAT,medium,Arabika Catuji Mekarwangi,B21,2,purging,37,13013,2886,2873,7793,9172,2881,8448,14788,14259,14489,,
219180,M-CAT,medium,Arabika Catuji Mekarwangi,B21,2,purging,38,12985,2886,2877,7792,9162,2886,8444,14769,14236,14476,,
220179,M-CAT,medium,Arabika Catuji Mekarwangi,B21,2,purging,39,12959,2886,2877,7791,9152,2883,8440,14751,14214,14466,,
221179,M-CAT,medium,Arabika Catuji Mekarwangi,B21,2,purging,40,12934,2886,2877,7790,9144,2881,8438,14735,14194,14454,,
222179,M-CAT,medium,Arabika Catuji Mekarwangi,B21,2,purging,41,12910,2886,2877,7789,9136,2881,8436,14719,14173,14444,,
223179,M-CAT,medium,Arabika Catuji Mekarwangi,B21,2,purging,42,12888,2884,2873,7788,9128,2883,8434,14705,14154,14434,,
224179,M-CAT,medium,Arabika Catuji Mekarwangi,B21,2,purging,43,12867,2884,2875,7787,9121,2883,8432,14690,14135,14425,,
225179,M-CAT,medium,Arabika Catuji Mekarwangi,B21,2,purging,44,12847,2884,2873,7787,9115,2881,8430,14675,14117,14416,,
226180,M-CAT,medium,Arabika Catuji Mekarwangi,B21,2,purging,45,12828,2882,2877,7786,9109,2881,8429,14662,14101,14408,,
227179,M-CAT,medium,Arabika Catuji Mekarwangi,B21,2,purging,46,12809,2884,2877,7785,9103,2884,8428,14649,14084,14399,,
228179,M-CAT,medium,Arabika Catuji Mekarwangi,B21,2,purging,47,12791,2886,2873,7785,9098,2881,8427,14636,14068,14391,,
229179,M-CAT,medium,Arabika Catuji Mekarwangi,B21,2,purging,48,12774,2886,2875,7784,9092,2881,8426,14624,14052,14383,,
230179,M-CAT,medium,Arabika Catuji Mekarwangi,B21,2,purging,49,12756,2882,2873,7783,9087,2881,8425,14612,14037,14376,,
231179,M-CAT,medium,Arabika Catuji Mekarwangi,B21,2,purging,50,12739,2884,2875,7783,9081,2881,8425,14600,14022,14368,,
232179,M-CAT,medium,Arabika Catuji Mekarwangi,B21,2,purging,51,12722,2886,2873,7782,9077,2883,8425,14588,14007,14360,,
233180,M-CAT,medium,Arabika Catuji Mekarwangi,B21,2,purging,52,12705,2884,2875,7782,9072,2883,8423,14575,13993,14352,,
234179,M-CAT,medium,Arabika Catuji Mekarwangi,B21,2,purging,53,12688,2884,2877,7781,9067,2883,8422,14561,13977,14344,,
235180,M-CAT,medium,Arabika Catuji Mekarwangi,B21,2,purging,54,12672,2884,2877,7780,9062,2883,8421,14548,13963,14338,,
236179,M-CAT,medium,Arabika Catuji Mekarwangi,B21,2,purging,55,12657,2882,2877,7780,9057,2883,8421,14538,13949,14331,,
237179,M-CAT,medium,Arabika Catuji Mekarwangi,B21,2,purging,56,12642,2886,2877,7779,9053,2881,8421,14528,13936,14326,,
238179,M-CAT,medium,Arabika Catuji Mekarwangi,B21,2,purging,57,12629,2882,2875,7779,9051,2884,8422,14518,13925,14321,,
239179,M-CAT,medium,Arabika Catuji Mekarwangi,B21,2,purging,58,12616,2886,2873,7778,9048,2881,8423,14509,13915,14320,,
240179,M-CAT,medium,Arabika Catuji Mekarwangi,B21,2,purging,59,12604,2884,2877,7778,9047,2883,8425,14501,13905,14315,,
241179,M-CAT,medium,Arabika Catuji Mekarwangi,B21,2,purging,60,12592,2882,2873,7778,9046,2883,8427,14493,13896,14312,,
242180,M-CAT,medium,Arabika Catuji Mekarwangi,B21,2,purging,61,12581,2882,2875,7777,9045,2881,8430,14486,13888,14309,,
243179,M-CAT,medium,Arabika Catuji Mekarwangi,B21,2,purging,62,12571,2884,2875,7776,9045,2883,8432,14479,13880,14306,,
244179,M-CAT,medium,Arabika Catuji Mekarwangi,B21,2,purging,63,12561,2882,2877,7776,9044,2881,8433,14473,13873,14302,,
245179,M-CAT,medium,Arabika Catuji Mekarwangi,B21,2,purging,64,12552,2882,2875,7776,9043,2883,8433,14465,13865,14299,,
246179,M-CAT,medium,Arabika Catuji Mekarwangi,B21,2,purging,65,12542,2882,2873,7775,9042,2884,8434,14458,13858,14295,,
247179,M-CAT,medium,Arabika Catuji Mekarwangi,B21,2,purging,66,12534,2886,2873,7775,9041,2881,8435,14452,13850,14292,,
248179,M-CAT,medium,Arabika Catuji Mekarwangi,B21,2,purging,67,12526,2882,2877,7774,9039,2881,8435,14445,13843,14289,,
249180,M-CAT,medium,Arabika Catuji Mekarwangi,B21,2,purging,68,12518,2884,2877,7774,9039,2884,8435,14439,13837,14286,,
250179,M-CAT,medium,Arabika Catuji Mekarwangi,B21,2,purging,69,12511,2886,2877,7774,9037,2881,8436,14432,13829,14282,,
251180,M-CAT,medium,Arabika Catuji Mekarwangi,B21,2,purging,70,12503,2886,2877,7773,9036,2883,8436,14426,13823,14278,,
252179,M-CAT,medium,Arabika Catuji Mekarwangi,B21,2,purging,71,12497,2884,2875,7773,9035,2883,8435,14421,13816,14275,,
253179,M-CAT,medium,Arabika Catuji Mekarwangi,B21,2,purging,72,12491,2882,2873,7772,9033,2883,8435,14415,13810,14271,,
254179,M-CAT,medium,Arabika Catuji Mekarwangi,B21,2,purging,73,12485,2884,2875,7772,9031,2883,8435,14410,13803,14268,,
255179,M-CAT,medium,Arabika Catuji Mekarwangi,B21,2,purging,74,12478,2884,2873,7771,9029,2883,8433,14403,13796,14263,,
256179,M-CAT,medium,Arabika Catuji Mekarwangi,B21,2,purging,75,12472,2882,2873,7771,9026,2883,8432,14396,13789,14259,,
257179,M-CAT,medium,Arabika Catuji Mekarwangi,B21,2,purging,76,12465,2882,2877,7770,9021,2883,8430,14390,13781,14252,,
258180,M-CAT,medium,Arabika Catuji Mekarwangi,B21,2,purging,77,12457,2884,2875,7770,9016,2884,8426,14382,13771,14245,,
259179,M-CAT,medium,Arabika Catuji Mekarwangi,B21,2,purging,78,12449,2884,2875,7769,9011,2883,8423,14373,13761,14238,,
260179,M-CAT,medium,Arabika Catuji Mekarwangi,B21,2,purging,79,12442,2882,2873,7769,9005,2883,8419,14365,13751,14231,,
261179,M-CAT,medium,Arabika Catuji Mekarwangi,B21,2,purging,80,12434,2882,2875,7768,9000,2881,8416,14357,13741,14225,,
262179,M-CAT,medium,Arabika Catuji Mekarwangi,B21,2,purging,81,12426,2884,2873,7768,8995,2881,8413,14349,13731,14220,,
263179,M-CAT,medium,Arabika Catuji Mekarwangi,B21,2,purging,82,12419,2882,2875,7767,8990,2883,8411,14341,13721,14215,,
264179,M-CAT,medium,Arabika Catuji Mekarwangi,B21,2,purging,83,12412,2884,2877,7767,8986,2886,8410,14335,13712,14212,,
265180,M-CAT,medium,Arabika Catuji Mekarwangi,B21,2,purging,84,12405,2884,2877,7766,8982,2883,8409,14330,13704,14209,,
266179,M-CAT,medium,Arabika Catuji Mekarwangi,B21,2,purging,85,12399,2882,2877,7765,8979,2883,8409,14324,13697,14206,,
267180,M-CAT,medium,Arabika Catuji Mekarwangi,B21,2,purging,86,12394,2884,2877,7765,8977,2881,8409,14319,13690,14202,,
268179,M-CAT,medium,Arabika Catuji Mekarwangi,B21,2,purging,87,12387,2886,2875,7765,8974,2883,8408,14313,13683,14198,,
269179,M-CAT,medium,Arabika Catuji Mekarwangi,B21,2,purging,88,12381,2882,2873,7764,8971,2883,8407,14308,13676,14194,,
270179,M-CAT,medium,Arabika Catuji Mekarwangi,B21,2,purging,89,12376,2886,2873,7764,8968,2881,8405,14301,13668,14189,,
271179,M-CAT,medium,Arabika Catuji Mekarwangi,B21,2,purging,90,12370,2886,2875,7763,8964,2881,8403,14295,13660,14185,,
272179,M-CAT,medium,Arabika Catuji Mekarwangi,B21,2,purging,91,12364,2884,2873,7763,8960,2881,8402,14288,13653,14180,,
273179,M-CAT,medium,Arabika Catuji Mekarwangi,B21,2,purging,92,12358,2884,2873,7762,8956,2881,8401,14282,13645,14177,,
274180,M-CAT,medium,Arabika Catuji Mekarwangi,B21,2,purging,93,12353,2884,2877,7762,8953,2881,8400,14277,13638,14173,,
275179,M-CAT,medium,Arabika Catuji Mekarwangi,B21,2,purging,94,12347,2884,2873,7762,8950,2883,8399,14272,13631,14170,,
276179,M-CAT,medium,Arabika Catuji Mekarwangi,B21,2,purging,95,12342,2886,2873,7761,8947,2883,8399,14267,13624,14167,,
277179,M-CAT,medium,Arabika Catuji Mekarwangi,B21,2,purging,96,12337,2886,2873,7760,8945,2883,8398,14262,13617,14164,,
278179,M-CAT,medium,Arabika Catuji Mekarwangi,B21,2,purging,97,12333,2884,2875,7760,8943,2884,8397,14258,13612,14162,,
279179,M-CAT,medium,Arabika Catuji Mekarwangi,B21,2,purging,98,12329,2882,2875,7760,8941,2881,8397,14254,13606,14160,,
280179,M-CAT,medium,Arabika Catuji Mekarwangi,B21,2,purging,99,12325,2882,2877,7759,8939,2881,8398,14250,13602,14159,,
281180,M-CAT,medium,Arabika Catuji Mekarwangi,B21,2,purging,100,12321,2882,2873,7759,8938,2883,8398,14248,13597,14157,,
282179,M-CAT,medium,Arabika Catuji Mekarwangi,B21,2,purging,101,12317,2886,2875,7758,8937,2881,8398,14244,13592,14154,,
283180,M-CAT,medium,Arabika Catuji Mekarwangi,B21,2,purging,102,12313,2882,2875,7758,8935,2883,8397,14241,13588,14151,,
284179,M-CAT,medium,Arabika Catuji Mekarwangi,B21,2,purging,103,12311,2884,2877,7758,8933,2883,8396,14237,13583,14147,,
285179,M-CAT,medium,Arabika Catuji Mekarwangi,B21,2,purging,104,12307,2882,2875,7757,8930,2883,8394,14232,13577,14143,,
286179,M-CAT,medium,Arabika Catuji Mekarwangi,B21,2,purging,105,12306,2884,2875,7757,8927,2881,8392,14228,13572,14141,,
287179,M-CAT,medium,Arabika Catuji Mekarwangi,B21,2,purging,106,12304,2884,2877,7756,8925,2881,8391,14224,13567,14139,,
288179,M-CAT,medium,Arabika Catuji Mekarwangi,B21,2,purging,107,12302,2882,2873,7756,8923,2883,8390,14221,13563,14137,,
289179,M-CAT,medium,Arabika Catuji Mekarwangi,B21,2,purging,108,12300,2882,2875,7756,8922,2881,8390,14219,13559,14136,,
290180,M-CAT,medium,Arabika Catuji Mekarwangi,B21,2,purging,109,12299,2884,2877,7755,8920,2883,8390,14217,13556,14136,,
291179,M-CAT,medium,Arabika Catuji Mekarwangi,B21,2,purging,110,12297,2882,2877,7755,8920,2886,8391,14215,13553,14135,,
292179,M-CAT,medium,Arabika Catuji Mekarwangi,B21,2,purging,111,12296,2886,2875,7754,8919,2883,8391,14214,13551,14134,,
293179,M-CAT,medium,Arabika Catuji Mekarwangi,B21,2,purging,112,12295,2886,2875,7754,8920,2883,8392,14212,13549,14134,,
294179,M-CAT,medium,Arabika Catuji Mekarwangi,B21,2,purging,113,12293,2882,2873,7754,8920,2881,8393,14211,13547,14134,,
295179,M-CAT,medium,Arabika Catuji Mekarwangi,B21,2,purging,114,12292,2884,2873,7753,8919,2883,8394,14210,13546,14134,,
296179,M-CAT,medium,Arabika Catuji Mekarwangi,B21,2,purging,115,12291,2886,2877,7752,8919,2881,8394,14209,13544,14133,,
297180,M-CAT,medium,Arabika Catuji Mekarwangi,B21,2,purging,116,12289,2884,2877,7752,8919,2881,8395,14208,13542,14133,,
298179,M-CAT,medium,Arabika Catuji Mekarwangi,B21,2,purging,117,12286,2882,2873,7751,8920,2883,8396,14206,13541,14133,,
299180,M-CAT,medium,Arabika Catuji Mekarwangi,B21,2,purging,118,12284,2882,2873,7751,8921,2881,8397,14205,13539,14132,,
300179,M-CAT,medium,Arabika Catuji Mekarwangi,B21,2,purging,119,12282,2884,2873,7751,8920,2883,8398,14203,13537,14132,,
301179,M-CAT,medium,Arabika Catuji Mekarwangi,B21,2,purging,120,12279,2886,2873,7751,8921,2883,8399,14201,13536,14132,,
302183,M-CAT,medium,Arabika Catuji Mekarwangi,B21,2,collecting,1,12277,2884,2875,7750,8921,2883,8400,14199,13533,14133,,
303179,M-CAT,medium,Arabika Catuji Mekarwangi,B21,2,collecting,2,12282,2884,2873,7747,8919,2881,8400,14197,13531,14142,,
304179,M-CAT,medium,Arabika Catuji Mekarwangi,B21,2,collecting,3,12502,2882,2875,7746,8938,2881,8421,14227,13550,14215,,
305179,M-CAT,medium,Arabika Catuji Mekarwangi,B21,2,collecting,4,13009,2884,2873,7745,8995,2883,8466,14370,13644,14324,,
306180,M-CAT,medium,Arabika Catuji Mekarwangi,B21,2,collecting,5,13642,2886,2875,7745,9088,2883,8515,14623,13821,14462,,
307179,M-CAT,medium,Arabika Catuji Mekarwangi,B21,2,collecting,6,14270,2891,2875,7744,9196,2883,8559,14931,14054,14610,,
308179,M-CAT,medium,Arabika Catuji Mekarwangi,B21,2,collecting,7,14822,2891,2875,7745,9306,2883,8592,15238,14314,14752,,
309179,M-CAT,medium,Arabika Catuji Mekarwangi,B21,2,collecting,8,15274,2888,2875,7745,9406,2883,8615,15505,14569,14879,,
310179,M-CAT,medium,Arabika Catuji Mekarwangi,B21,2,collecting,9,15637,2891,2877,7745,9494,2883,8630,15734,14805,14989,,
311179,M-CAT,medium,Arabika Catuji Mekarwangi,B21,2,collecting,10,15927,2890,2873,7745,9570,2881,8640,15925,15013,15082,,
312179,M-CAT,medium,Arabika Catuji Mekarwangi,B21,2,collecting,11,16161,2890,2875,7745,9635,2881,8646,16079,15193,15163,,
313180,M-CAT,medium,Arabika Catuji Mekarwangi,B21,2,collecting,12,16349,2893,2877,7744,9691,2881,8650,16208,15346,15231,,
314179,M-CAT,medium,Arabika Catuji Mekarwangi,B21,2,collecting,13,16498,2890,2873,7745,9737,2881,8653,16310,15475,15288,,
315180,M-CAT,medium,Arabika Catuji Mekarwangi,B21,2,collecting,14,16616,2890,2877,7744,9775,2881,8653,16395,15583,15335,,
316179,M-CAT,medium,Arabika Catuji Mekarwangi,B21,2,collecting,15,16707,2890,2873,7744,9807,2881,8651,16461,15670,15373,,
317179,M-CAT,medium,Arabika Catuji Mekarwangi,B21,2,collecting,16,16779,2890,2873,7744,9832,2881,8649,16513,15741,15405,,
318179,M-CAT,medium,Arabika Catuji Mekarwangi,B21,2,collecting,17,16837,2890,2877,7744,9853,2881,8647,16556,15799,15431,,
319179,M-CAT,medium,Arabika Catuji Mekarwangi,B21,2,collecting,18,16881,2888,2875,7743,9869,2881,8645,16589,15846,15452,,
320179,M-CAT,medium,Arabika Catuji Mekarwangi,B21,2,collecting,19,16914,2890,2875,7743,9883,2881,8643,16615,15883,15469,,
321179,M-CAT,medium,Arabika Catuji Mekarwangi,B21,2,collecting,20,16938,2888,2877,7743,9893,2881,8640,16634,15913,15482,,
322180,M-CAT,medium,Arabika Catuji Mekarwangi,B21,2,collecting,21,16955,2890,2875,7743,9901,2881,8638,16649,15935,15493,,
323179,M-CAT,medium,Arabika Catuji Mekarwangi,B21,2,collecting,22,16964,2890,2875,7743,9905,2881,8634,16657,15952,15498,,
324179,M-CAT,medium,Arabika Catuji Mekarwangi,B21,2,collecting,23,16964,2890,2877,7742,9906,2881,8630,16661,15963,15500,,
325179,M-CAT,medium,Arabika Catuji Mekarwangi,B21,2,collecting,24,16959,2890,2877,7742,9905,2884,8625,16659,15968,15501,,
326179,M-CAT,medium,Arabika Catuji Mekarwangi,B21,2,collecting,25,16949,2890,2877,7742,9902,2883,8621,16654,15968,15499,,
327179,M-CAT,medium,Arabika Catuji Mekarwangi,B21,2,collecting,26,16935,2893,2875,7741,9898,2884,8617,16646,15965,15494,,
328179,M-CAT,medium,Arabika Catuji Mekarwangi,B21,2,collecting,27,16917,2890,2873,7741,9892,2881,8613,16635,15959,15490,,
329180,M-CAT,medium,Arabika Catuji Mekarwangi,B21,2,collecting,28,16900,2890,2873,7741,9887,2883,8611,16624,15951,15486,,
330179,M-CAT,medium,Arabika Catuji Mekarwangi,B21,2,collecting,29,16884,2890,2877,7740,9881,2883,8608,16615,15944,15482,,
331180,M-CAT,medium,Arabika Catuji Mekarwangi,B21,2,collecting,30,16867,2888,2875,7740,9876,2881,8605,16608,15936,15477,,
332179,M-CAT,medium,Arabika Catuji Mekarwangi,B21,2,collecting,31,16849,2893,2874,7739,9869,2881,8602,16600,15928,15472,,
333179,M-CAT,medium,Arabika Catuji Mekarwangi,B21,2,collecting,32,16827,2890,2875,7738,9863,2883,8598,16589,15918,15464,,
334179,M-CAT,medium,Arabika Catuji Mekarwangi,B21,2,collecting,33,16803,2890,2875,7739,9855,2881,8594,16576,15906,15456,,
335179,M-CAT,medium,Arabika Catuji Mekarwangi,B21,2,collecting,34,16776,2890,2877,7738,9846,2883,8589,16559,15892,15446,,
336179,M-CAT,medium,Arabika Catuji Mekarwangi,B21,2,collecting,35,16750,2893,2877,7738,9837,2883,8586,16542,15877,15436,,
337179,M-CAT,medium,Arabika Catuji Mekarwangi,B21,2,collecting,36,16724,2890,2877,7738,9829,2881,8583,16528,15862,15428,,
338180,M-CAT,medium,Arabika Catuji Mekarwangi,B21,2,collecting,37,16700,2890,2873,7738,9820,2883,8580,16514,15848,15419,,
339179,M-CAT,medium,Arabika Catuji Mekarwangi,B21,2,collecting,38,16676,2890,2877,7738,9812,2883,8577,16501,15833,15410,,
340179,M-CAT,medium,Arabika Catuji Mekarwangi,B21,2,collecting,39,16652,2888,2873,7738,9804,2883,8574,16489,15820,15402,,
341179,M-CAT,medium,Arabika Catuji Mekarwangi,B21,2,collecting,40,16630,2890,2875,7738,9797,2883,8572,16477,15807,15395,,
342179,M-CAT,medium,Arabika Catuji Mekarwangi,B21,2,collecting,41,16611,2890,2875,7738,9791,2881,8570,16467,15796,15388,,
343179,M-CAT,medium,Arabika Catuji Mekarwangi,B21,2,collecting,42,16593,2893,2875,7737,9785,2883,8568,16457,15785,15382,,
344179,M-CAT,medium,Arabika Catuji Mekarwangi,B21,2,collecting,43,16575,2888,2873,7737,9778,2883,8566,16449,15774,15375,,
345180,M-CAT,medium,Arabika Catuji Mekarwangi,B21,2,collecting,44,16559,2888,2873,7737,9773,2883,8565,16440,15764,15369,,
346179,M-CAT,medium,Arabika Catuji Mekarwangi,B21,2,collecting,45,16541,2888,2875,7736,9767,2881,8563,16432,15754,15363,,
347180,M-CAT,medium,Arabika Catuji Mekarwangi,B21,2,collecting,46,16525,2890,2877,7737,9761,2883,8561,16423,15744,15356,,
348179,M-CAT,medium,Arabika Catuji Mekarwangi,B21,2,collecting,47,16508,2890,2877,7736,9756,2883,8559,16414,15734,15349,,
349179,M-CAT,medium,Arabika Catuji Mekarwangi,B21,2,collecting,48,16492,2890,2875,7737,9750,2883,8557,16405,15724,15343,,
350179,M-CAT,medium,Arabika Catuji Mekarwangi,B21,2,collecting,49,16476,2890,2875,7736,9745,2881,8555,16395,15714,15336,,
351179,M-CAT,medium,Arabika Catuji Mekarwangi,B21,2,collecting,50,16460,2893,2875,7736,9739,2881,8553,16386,15704,15329,,
352179,M-CAT,medium,Arabika Catuji Mekarwangi,B21,2,collecting,51,16443,2890,2873,7735,9733,2884,8551,16377,15693,15323,,
353179,M-CAT,medium,Arabika Catuji Mekarwangi,B21,2,collecting,52,16427,2893,2875,7735,9727,2883,8549,16368,15683,15317,,
354180,M-CAT,medium,Arabika Catuji Mekarwangi,B21,2,collecting,53,16412,2890,2875,7735,9722,2881,8547,16358,15672,15311,,
355179,M-CAT,medium,Arabika Catuji Mekarwangi,B21,2,collecting,54,16397,2890,2875,7735,9717,2881,8546,16350,15663,15304,,
356179,M-CAT,medium,Arabika Catuji Mekarwangi,B21,2,collecting,55,16384,2890,2875,7734,9713,2881,8545,16343,15654,15299,,
357179,M-CAT,medium,Arabika Catuji Mekarwangi,B21,2,collecting,56,16372,2888,2875,7734,9708,2886,8543,16336,15646,15294,,
358179,M-CAT,medium,Arabika Catuji Mekarwangi,B21,2,collecting,57,16361,2890,2875,7734,9704,2883,8542,16329,15637,15289,,
359179,M-CAT,medium,Arabika Catuji Mekarwangi,B21,2,collecting,58,16350,2890,2873,7734,9700,2883,8541,16322,15630,15284,,
360179,M-CAT,medium,Arabika Catuji Mekarwangi,B21,2,collecting,59,16339,2890,2875,7734,9696,2881,8540,16317,15623,15279,,
361180,M-CAT,medium,Arabika Catuji Mekarwangi,B21,2,collecting,60,16329,2890,2875,7733,9693,2881,8539,16311,15616,15275,,
362183,M-CAT,medium,Arabika Catuji Mekarwangi,B21,3,purging,1,16318,2890,2873,7733,9690,2883,8538,16306,15609,15270,,
363180,M-CAT,medium,Arabika Catuji Mekarwangi,B21,3,purging,2,16306,2890,2877,7736,9688,2883,8538,16300,15603,15265,,
364179,M-CAT,medium,Arabika Catuji Mekarwangi,B21,3,purging,3,16249,2890,2873,7737,9682,2883,8532,16282,15590,15228,,
365179,M-CAT,medium,Arabika Catuji Mekarwangi,B21,3,purging,4,16148,2893,2877,7737,9661,2884,8516,16226,15553,15181,,
366179,M-CAT,medium,Arabika Catuji Mekarwangi,B21,3,purging,5,16017,2890,2873,7737,9629,2881,8497,16144,15494,15129,,
367179,M-CAT,medium,Arabika Catuji Mekarwangi,B21,3,purging,6,15867,2888,2873,7736,9590,2883,8481,16051,15421,15076,,
368179,M-CAT,medium,Arabika Catuji Mekarwangi,B21,3,purging,7,15706,2888,2875,7736,9550,2883,8467,15956,15339,15023,,
369179,M-CAT,medium,Arabika Catuji Mekarwangi,B21,3,purging,8,15538,2891,2875,7735,9510,2881,8456,15863,15256,14972,,
370180,M-CAT,medium,Arabika Catuji Mekarwangi,B21,3,purging,9,15369,2888,2877,7734,9471,2881,8445,15775,15173,14925,,
371179,M-CAT,medium,Arabika Catuji Mekarwangi,B21,3,purging,10,15200,2891,2875,7734,9434,2884,8437,15694,15093,14881,,
372179,M-CAT,medium,Arabika Catuji Mekarwangi,B21,3,purging,11,15035,2891,2873,7733,9400,2884,8431,15619,15018,14840,,
373179,M-CAT,medium,Arabika Catuji Mekarwangi,B21,3,purging,12,14876,2891,2877,7733,9369,2883,8425,15550,14948,14803,,
374179,M-CAT,medium,Arabika Catuji Mekarwangi,B21,3,purging,13,14723,2891,2873,7731,9340,2881,8420,15487,14881,14768,,
375179,M-CAT,medium,Arabika Catuji Mekarwangi,B21,3,purging,14,14578,2886,2873,7731,9314,2884,8416,15428,14819,14737,,
376179,M-CAT,medium,Arabika Catuji Mekarwangi,B21,3,purging,15,14441,2891,2873,7730,9290,2883,8413,15375,14760,14708,,
377180,M-CAT,medium,Arabika Catuji Mekarwangi,B21,3,purging,16,14313,2888,2875,7730,9269,2883,8410,15327,14706,14680,,
378179,M-CAT,medium,Arabika Catuji Mekarwangi,B21,3,purging,17,14192,2891,2875,7729,9249,2879,8407,15282,14656,14656,,
379180,M-CAT,medium,Arabika Catuji Mekarwangi,B21,3,purging,18,14080,2888,2877,7728,9231,2881,8405,15240,14608,14632,,
380179,M-CAT,medium,Arabika Catuji Mekarwangi,B21,3,purging,19,13977,2888,2877,7728,9214,2881,8404,15200,14564,14611,,
381179,M-CAT,medium,Arabika Catuji Mekarwangi,B21,3,purging,20,13881,2886,2875,7727,9199,2883,8402,15164,14521,14589,,
382179,M-CAT,medium,Arabika Catuji Mekarwangi,B21,3,purging,21,13791,2886,2875,7727,9185,2881,8400,15130,14482,14570,,
383179,M-CAT,medium,Arabika Catuji Mekarwangi,B21,3,purging,22,13709,2886,2877,7726,9172,2879,8399,15098,14444,14551,,
384179,M-CAT,medium,Arabika Catuji Mekarwangi,B21,3,purging,23,13633,2888,2875,7725,9160,2883,8398,15067,14408,14534,,
385179,M-CAT,medium,Arabika Catuji Mekarwangi,B21,3,purging,24,13563,2886,2873,7725,9148,2883,8396,15038,14375,14518,,
386180,M-CAT,medium,Arabika Catuji Mekarwangi,B21,3,purging,25,13498,2886,2877,7724,9138,2883,8396,15011,14343,14503,,
387179,M-CAT,medium,Arabika Catuji Mekarwangi,B21,3,purging,26,13439,2886,2875,7724,9129,2881,8395,14985,14313,14488,,
388179,M-CAT,medium,Arabika Catuji Mekarwangi,B21,3,purging,27,13384,2886,2877,7723,9120,2879,8394,14961,14285,14474,,
389179,M-CAT,medium,Arabika Catuji Mekarwangi,B21,3,purging,28,13333,2886,2875,7723,9111,2883,8394,14939,14258,14462,,
390179,M-CAT,medium,Arabika Catuji Mekarwangi,B21,3,purging,29,13286,2886,2873,7723,9104,2881,8393,14917,14232,14449,,
391179,M-CAT,medium,Arabika Catuji Mekarwangi,B21,3,purging,30,13242,2886,2875,7722,9096,2881,8393,14897,14208,14437,,
392179,M-CAT,medium,Arabika Catuji Mekarwangi,B21,3,purging,31,13202,2884,2873,7721,9089,2884,8392,14878,14185,14426,,
393180,M-CAT,medium,Arabika Catuji Mekarwangi,B21,3,purging,32,13164,2886,2877,7721,9083,2883,8391,14859,14162,14415,,
394179,M-CAT,medium,Arabika Catuji Mekarwangi,B21,3,purging,33,13129,2882,2875,7720,9077,2883,8391,14841,14141,14404,,
395180,M-CAT,medium,Arabika Catuji Mekarwangi,B21,3,purging,34,13096,2882,2875,7720,9071,2884,8390,14823,14120,14393,,
396179,M-CAT,medium,Arabika Catuji Mekarwangi,B21,3,purging,35,13065,2886,2875,7719,9064,2883,8387,14806,14099,14381,,
397179,M-CAT,medium,Arabika Catuji Mekarwangi,B21,3,purging,36,13035,2882,2875,7718,9056,2884,8385,14788,14078,14369,,
398179,M-CAT,medium,Arabika Catuji Mekarwangi,B21,3,purging,37,13006,2882,2873,7718,9048,2883,8383,14771,14057,14358,,
399179,M-CAT,medium,Arabika Catuji Mekarwangi,B21,3,purging,38,12977,2884,2875,7717,9039,2883,8380,14754,14035,14345,,
400179,M-CAT,medium,Arabika Catuji Mekarwangi,B21,3,purging,39,12947,2882,2875,7716,9030,2881,8377,14736,14012,14332,,
401179,M-CAT,medium,Arabika Catuji Mekarwangi,B21,3,purging,40,12918,2884,2875,7716,9020,2883,8374,14717,13989,14320,,
402180,M-CAT,medium,Arabika Catuji Mekarwangi,B21,3,purging,41,12889,2884,2877,7715,9010,2881,8372,14698,13965,14309,,
403179,M-CAT,medium,Arabika Catuji Mekarwangi,B21,3,purging,42,12861,2886,2873,7714,9001,2883,8371,14680,13942,14299,,
404179,M-CAT,medium,Arabika Catuji Mekarwangi,B21,3,purging,43,12836,2886,2875,7714,8992,2881,8370,14663,13921,14290,,
405179,M-CAT,medium,Arabika Catuji Mekarwangi,B21,3,purging,44,12812,2884,2873,7713,8985,2883,8369,14649,13902,14281,,
406179,M-CAT,medium,Arabika Catuji Mekarwangi,B21,3,purging,45,12789,2884,2875,7712,8980,2883,8369,14635,13883,14273,,
407179,M-CAT,medium,Arabika Catuji Mekarwangi,B21,3,purging,46,12768,2882,2875,7712,8974,2879,8369,14621,13866,14266,,
408179,M-CAT,medium,Arabika Catuji Mekarwangi,B21,3,purging,47,12749,2886,2875,7711,8970,2883,8369,14609,13849,14259,,
409180,M-CAT,medium,Arabika Catuji Mekarwangi,B21,3,purging,48,12731,2882,2873,7711,8966,2881,8369,14598,13835,14252,,
410179,M-CAT,medium,Arabika Catuji Mekarwangi,B21,3,purging,49,12714,2886,2875,7710,8963,2883,8369,14587,13821,14244,,
411180,M-CAT,medium,Arabika Catuji Mekarwangi,B21,3,purging,50,12698,2884,2875,7710,8959,2884,8368,14576,13807,14238,,
412179,M-CAT,medium,Arabika Catuji Mekarwangi,B21,3,purging,51,12683,2884,2875,7709,8955,2881,8368,14565,13793,14232,,
413179,M-CAT,medium,Arabika Catuji Mekarwangi,B21,3,purging,52,12669,2884,2873,7708,8952,2883,8368,14555,13781,14226,,
414179,M-CAT,medium,Arabika Catuji Mekarwangi,B21,3,purging,53,12656,2882,2875,7708,8949,2883,8368,14546,13769,14221,,
415179,M-CAT,medium,Arabika Catuji Mekarwangi,B21,3,purging,54,12643,2882,2873,7708,8946,2883,8368,14536,13758,14217,,
416179,M-CAT,medium,Arabika Catuji Mekarwangi,B21,3,purging,55,12632,2884,2875,7707,8943,2884,8367,14527,13747,14212,,
417179,M-CAT,medium,Arabika Catuji Mekarwangi,B21,3,purging,56,12621,2882,2875,7706,8941,2884,8368,14519,13737,14207,,
418180,M-CAT,medium,Arabika Catuji Mekarwangi,B21,3,purging,57,12611,2884,2875,7706,8939,2884,8368,14511,13728,14203,,
419179,M-CAT,medium,Arabika Catuji Mekarwangi,B21,3,purging,58,12602,2886,2873,7705,8937,2883,8368,14504,13718,14199,,
420179,M-CAT,medium,Arabika Catuji Mekarwangi,B21,3,purging,59,12593,2884,2877,7705,8936,2881,8368,14497,13710,14196,,
421179,M-CAT,medium,Arabika Catuji Mekarwangi,B21,3,purging,60,12584,2882,2877,7705,8934,2883,8368,14490,13702,14193,,
422179,M-CAT,medium,Arabika Catuji Mekarwangi,B21,3,purging,61,12576,2886,2875,7704,8933,2881,8370,14484,13695,14192,,
423179,M-CAT,medium,Arabika Catuji Mekarwangi,B21,3,purging,62,12569,2884,2873,7704,8933,2884,8371,14478,13688,14189,,
424179,M-CAT,medium,Arabika Catuji Mekarwangi,B21,3,purging,63,12562,2882,2875,7703,8932,2884,8372,14472,13681,14185,,
425180,M-CAT,medium,Arabika Catuji Mekarwangi,B21,3,purging,64,12555,2886,2873,7703,8931,2884,8372,14467,13675,14183,,
426179,M-CAT,medium,Arabika Catuji Mekarwangi,B21,3,purging,65,12548,2884,2877,7702,8930,2881,8373,14461,13669,14180,,
427180,M-CAT,medium,Arabika Catuji Mekarwangi,B21,3,purging,66,12542,2884,2877,7701,8930,2884,8374,14455,13662,14180,,
428179,M-CAT,medium,Arabika Catuji Mekarwangi,B21,3,purging,67,12536,2884,2873,7701,8931,2883,8377,14452,13658,14181,,
429179,M-CAT,medium,Arabika Catuji Mekarwangi,B21,3,purging,68,12530,2884,2875,7701,8932,2884,8380,14449,13655,14181,,
430179,M-CAT,medium,Arabika Catuji Mekarwangi,B21,3,purging,69,12524,2884,2873,7700,8934,2881,8384,14447,13652,14183,,
431179,M-CAT,medium,Arabika Catuji Mekarwangi,B21,3,purging,70,12517,2884,2877,7700,8937,2883,8387,14445,13649,14181,,
432179,M-CAT,medium,Arabika Catuji Mekarwangi,B21,3,purging,71,12511,2884,2873,7699,8939,2881,8389,14441,13645,14180,,
433179,M-CAT,medium,Arabika Catuji Mekarwangi,B21,3,purging,72,12505,2884,2877,7699,8939,2883,8390,14438,13642,14177,,
434180,M-CAT,medium,Arabika Catuji Mekarwangi,B21,3,purging,73,12498,2884,2873,7698,8939,2881,8391,14432,13637,14176,,
435179,M-CAT,medium,Arabika Catuji Mekarwangi,B21,3,purging,74,12492,2886,2875,7698,8939,2881,8392,14428,13633,14176,,
436179,M-CAT,medium,Arabika Catuji Mekarwangi,B21,3,purging,75,12485,2884,2877,7698,8940,2883,8394,14425,13630,14177,,
437179,M-CAT,medium,Arabika Catuji Mekarwangi,B21,3,purging,76,12479,2884,2873,7697,8941,2879,8397,14422,13627,14175,,
438179,M-CAT,medium,Arabika Catuji Mekarwangi,B21,3,purging,77,12473,2884,2873,7697,8941,2883,8399,14418,13624,14174,,
439179,M-CAT,medium,Arabika Catuji Mekarwangi,B21,3,purging,78,12467,2884,2875,7697,8942,2881,8399,14414,13620,14174,,
440179,M-CAT,medium,Arabika Catuji Mekarwangi,B21,3,purging,79,12461,2884,2875,7696,8942,2881,8401,14410,13617,14174,,
441180,M-CAT,medium,Arabika Catuji Mekarwangi,B21,3,purging,80,12456,2884,2873,7696,8944,2883,8403,14407,13614,14173,,
442179,M-CAT,medium,Arabika Catuji Mekarwangi,B21,3,purging,81,12450,2884,2875,7696,8945,2883,8406,14404,13612,14175,,
443180,M-CAT,medium,Arabika Catuji Mekarwangi,B21,3,purging,82,12444,2886,2875,7696,8948,2881,8408,14402,13610,14175,,
444179,M-CAT,medium,Arabika Catuji Mekarwangi,B21,3,purging,83,12439,2886,2877,7695,8950,2883,8411,14399,13608,14174,,
445179,M-CAT,medium,Arabika Catuji Mekarwangi,B21,3,purging,84,12434,2886,2877,7695,8951,2883,8412,14397,13607,14172,,
446179,M-CAT,medium,Arabika Catuji Mekarwangi,B21,3,purging,85,12428,2882,2875,7695,8951,2883,8412,14393,13604,14169,,
447179,M-CAT,medium,Arabika Catuji Mekarwangi,B21,3,purging,86,12424,2886,2875,7695,8950,2883,8410,14387,13600,14165,,
448179,M-CAT,medium,Arabika Catuji Mekarwangi,B21,3,purging,87,12419,2884,2877,7694,8948,2881,8409,14381,13595,14162,,
449179,M-CAT,medium,Arabika Catuji Mekarwangi,B21,3,purging,88,12414,2884,2877,7694,8946,2881,8407,14375,13590,14160,,
450180,M-CAT,medium,Arabika Catuji Mekarwangi,B21,3,purging,89,12411,2886,2875,7694,8944,2883,8406,14371,13585,14158,,
451179,M-CAT,medium,Arabika Catuji Mekarwangi,B21,3,purging,90,12407,2884,2877,7693,8943,2883,8406,14367,13581,14156,,
452179,M-CAT,medium,Arabika Catuji Mekarwangi,B21,3,purging,91,12403,2882,2875,7693,8941,2883,8405,14363,13578,14154,,
453179,M-CAT,medium,Arabika Catuji Mekarwangi,B21,3,purging,92,12399,2884,2877,7693,8940,2883,8405,14360,13574,14153,,
454179,M-CAT,medium,Arabika Catuji Mekarwangi,B21,3,purging,93,12395,2884,2875,7692,8939,2883,8405,14356,13570,14151,,
455179,M-CAT,medium,Arabika Catuji Mekarwangi,B21,3,purging,94,12391,2882,2875,7693,8938,2881,8405,14352,13566,14149,,
456179,M-CAT,medium,Arabika Catuji Mekarwangi,B21,3,purging,95,12387,2884,2875,7692,8937,2881,8404,14348,13562,14147,,
457180,M-CAT,medium,Arabika Catuji Mekarwangi,B21,3,purging,96,12383,2882,2873,7692,8936,2879,8405,14345,13559,14148,,
458179,M-CAT,medium,Arabika Catuji Mekarwangi,B21,3,purging,97,12378,2884,2873,7692,8935,2883,8406,14342,13555,14148,,
459180,M-CAT,medium,Arabika Catuji Mekarwangi,B21,3,purging,98,12374,2884,2877,7692,8936,2883,8408,14340,13553,14153,,
460179,M-CAT,medium,Arabika Catuji Mekarwangi,B21,3,purging,99,12370,2884,2875,7691,8939,2879,8414,14340,13552,14158,,
461179,M-CAT,medium,Arabika Catuji Mekarwangi,B21,3,purging,100,12365,2882,2875,7692,8943,2881,8420,14340,13553,14163,,
462179,M-CAT,medium,Arabika Catuji Mekarwangi,B21,3,purging,101,12360,2882,2877,7691,8948,2881,8428,14341,13555,14169,,
463179,M-CAT,medium,Arabika Catuji Mekarwangi,B21,3,purging,102,12355,2886,2875,7692,8954,2883,8435,14343,13557,14172,,
464179,M-CAT,medium,Arabika Catuji Mekarwangi,B21,3,purging,103,12350,2882,2875,7691,8960,2884,8441,14343,13559,14176,,
465179,M-CAT,medium,Arabika Catuji Mekarwangi,B21,3,purging,104,12344,2882,2875,7691,8966,2884,8446,14343,13562,14180,,
466180,M-CAT,medium,Arabika Catuji Mekarwangi,B21,3,purging,105,12339,2884,2873,7691,8971,2883,8451,14342,13563,14183,,
467179,M-CAT,medium,Arabika Catuji Mekarwangi,B21,3,purging,106,12334,2882,2875,7691,8976,2881,8455,14341,13565,14185,,
468179,M-CAT,medium,Arabika Catuji Mekarwangi,B21,3,purging,107,12330,2884,2877,7691,8979,2883,8458,14340,13566,14184,,
469179,M-CAT,medium,Arabika Catuji Mekarwangi,B21,3,purging,108,12325,2884,2877,7691,8982,2883,8460,14338,13566,14184,,
470179,M-CAT,medium,Arabika Catuji Mekarwangi,B21,3,purging,109,12321,2884,2875,7692,8984,2883,8460,14336,13567,14183,,
471179,M-CAT,medium,Arabika Catuji Mekarwangi,B21,3,purging,110,12318,2882,2873,7691,8985,2881,8460,14334,13566,14181,,
472179,M-CAT,medium,Arabika Catuji Mekarwangi,B21,3,purging,111,12316,2884,2875,7691,8986,2881,8459,14331,13565,14180,,
473180,M-CAT,medium,Arabika Catuji Mekarwangi,B21,3,purging,112,12314,2884,2877,7692,8985,2883,8458,14329,13564,14180,,
474179,M-CAT,medium,Arabika Catuji Mekarwangi,B21,3,purging,113,12311,2884,2873,7691,8985,2886,8458,14326,13563,14180,,
475180,M-CAT,medium,Arabika Catuji Mekarwangi,B21,3,purging,114,12310,2884,2875,7691,8985,2884,8458,14323,13562,14182,,
476179,M-CAT,medium,Arabika Catuji Mekarwangi,B21,3,purging,115,12307,2884,2873,7691,8986,2879,8459,14323,13561,14182,,
477179,M-CAT,medium,Arabika Catuji Mekarwangi,B21,3,purging,116,12305,2884,2875,7692,8987,2881,8461,14321,13561,14183,,
478179,M-CAT,medium,Arabika Catuji Mekarwangi,B21,3,purging,117,12302,2884,2873,7692,8989,2881,8463,14320,13561,14185,,
479179,M-CAT,medium,Arabika Catuji Mekarwangi,B21,3,purging,118,12299,2882,2875,7692,8990,2883,8464,14319,13560,14185,,
480179,M-CAT,medium,Arabika Catuji Mekarwangi,B21,3,purging,119,12296,2884,2877,7691,8991,2883,8465,14317,13559,14185,,
481179,M-CAT,medium,Arabika Catuji Mekarwangi,B21,3,purging,120,12294,2884,2875,7691,8991,2884,8465,14315,13559,14183,,
482184,M-CAT,medium,Arabika Catuji Mekarwangi,B21,3,collecting,1,12292,2882,2877,7692,8992,2883,8465,14313,13558,14183,,
483179,M-CAT,medium,Arabika Catuji Mekarwangi,B21,3,collecting,2,12297,2884,2875,7689,8990,2881,8463,14311,13555,14187,,
484179,M-CAT,medium,Arabika Catuji Mekarwangi,B21,3,collecting,3,12518,2884,2873,7688,9001,2883,8478,14336,13570,14246,,
485179,M-CAT,medium,Arabika Catuji Mekarwangi,B21,3,collecting,4,13044,2884,2873,7687,9050,2883,8514,14476,13659,14346,,
486179,M-CAT,medium,Arabika Catuji Mekarwangi,B21,3,collecting,5,13677,2888,2877,7687,9134,2883,8550,14723,13827,14466,,
487179,M-CAT,medium,Arabika Catuji Mekarwangi,B21,3,collecting,6,14274,2891,2875,7687,9227,2883,8577,15001,14043,14589,,
488179,M-CAT,medium,Arabika Catuji Mekarwangi,B21,3,collecting,7,14794,2891,2877,7687,9319,2881,8596,15275,14279,14714,,
489180,M-CAT,medium,Arabika Catuji Mekarwangi,B21,3,collecting,8,15225,2891,2877,7687,9402,2881,8607,15518,14511,14826,,
490179,M-CAT,medium,Arabika Catuji Mekarwangi,B21,3,collecting,9,15573,2891,2877,7687,9474,2883,8614,15730,14726,14925,,
491180,M-CAT,medium,Arabika Catuji Mekarwangi,B21,3,collecting,10,15852,2891,2873,7687,9536,2883,8616,15906,14919,15008,,
492179,M-CAT,medium,Arabika Catuji Mekarwangi,B21,3,collecting,11,16072,2888,2873,7687,9588,2881,8615,16046,15084,15077,,
493179,M-CAT,medium,Arabika Catuji Mekarwangi,B21,3,collecting,12,16243,2890,2873,7687,9631,2881,8613,16157,15222,15133,,
494179,M-CAT,medium,Arabika Catuji Mekarwangi,B21,3,collecting,13,16375,2890,2875,7687,9664,2883,8609,16243,15335,15179,,
495179,M-CAT,medium,Arabika Catuji Mekarwangi,B21,3,collecting,14,16477,2890,2875,7687,9692,2883,8605,16311,15426,15216,,
496179,M-CAT,medium,Arabika Catuji Mekarwangi,B21,3,collecting,15,16557,2893,2875,7687,9713,2883,8601,16363,15500,15248,,
497179,M-CAT,medium,Arabika Catuji Mekarwangi,B21,3,collecting,16,16619,2893,2875,7686,9731,2884,8598,16405,15560,15272,,
498180,M-CAT,medium,Arabika Catuji Mekarwangi,B21,3,collecting,17,16667,2893,2875,7686,9746,2881,8595,16436,15608,15292,,
499179,M-CAT,medium,Arabika Catuji Mekarwangi,B21,3,collecting,18,16702,2890,2875,7687,9756,2883,8592,16461,15647,15309,,
500179,M-CAT,medium,Arabika Catuji Mekarwangi,B21,3,collecting,19,16724,2893,2873,7685,9764,2883,8588,16478,15677,15319,,
501179,M-CAT,medium,Arabika Catuji Mekarwangi,B21,3,collecting,20,16736,2893,2875,7685,9769,2884,8585,16488,15699,15327,,
502179,M-CAT,medium,Arabika Catuji Mekarwangi,B21,3,collecting,21,16739,2890,2873,7685,9772,2879,8583,16492,15713,15332,,
503179,M-CAT,medium,Arabika Catuji Mekarwangi,B21,3,collecting,22,16735,2888,2873,7684,9772,2883,8580,16491,15721,15334,,
504179,M-CAT,medium,Arabika Catuji Mekarwangi,B21,3,collecting,23,16725,2893,2875,7684,9771,2883,8577,16486,15726,15334,,
505180,M-CAT,medium,Arabika Catuji Mekarwangi,B21,3,collecting,24,16710,2890,2873,7684,9769,2883,8575,16480,15726,15332,,
506179,M-CAT,medium,Arabika Catuji Mekarwangi,B21,3,collecting,25,16693,2890,2877,7684,9765,2883,8573,16471,15724,15330,,
507180,M-CAT,medium,Arabika Catuji Mekarwangi,B21,3,collecting,26,16675,2890,2877,7683,9762,2881,8572,16462,15720,15328,,
508179,M-CAT,medium,Arabika Catuji Mekarwangi,B21,3,collecting,27,16657,2890,2877,7683,9759,2881,8572,16454,15716,15326,,
509179,M-CAT,medium,Arabika Catuji Mekarwangi,B21,3,collecting,28,16638,2890,2875,7683,9756,2883,8571,16446,15711,15323,,
510179,M-CAT,medium,Arabika Catuji Mekarwangi,B21,3,collecting,29,16617,2890,2875,7683,9753,2881,8571,16437,15705,15320,,
511179,M-CAT,medium,Arabika Catuji Mekarwangi,B21,3,collecting,30,16597,2888,2875,7683,9750,2881,8570,16428,15699,15318,,
512179,M-CAT,medium,Arabika Catuji Mekarwangi,B21,3,collecting,31,16577,2890,2875,7682,9746,2883,8570,16420,15692,15315,,
513179,M-CAT,medium,Arabika Catuji Mekarwangi,B21,3,collecting,32,16555,2890,2877,7682,9743,2881,8570,16412,15685,15311,,
514180,M-CAT,medium,Arabika Catuji Mekarwangi,B21,3,collecting,33,16532,2893,2875,7682,9739,2881,8570,16401,15677,15306,,
515179,M-CAT,medium,Arabika Catuji Mekarwangi,B21,3,collecting,34,16509,2890,2875,7682,9734,2884,8570,16391,15668,15302,,
516179,M-CAT,medium,Arabika Catuji Mekarwangi,B21,3,collecting,35,16488,2889,2877,7682,9731,2883,8570,16382,15659,15298,,
517179,M-CAT,medium,Arabika Catuji Mekarwangi,B21,3,collecting,36,16468,2890,2875,7682,9727,2883,8571,16373,15651,15295,,
518179,M-CAT,medium,Arabika Catuji Mekarwangi,B21,3,collecting,37,16448,2891,2875,7682,9724,2883,8572,16364,15643,15291,,
519179,M-CAT,medium,Arabika Catuji Mekarwangi,B21,3,collecting,38,16428,2890,2875,7681,9721,2883,8571,16355,15634,15287,,
520179,M-CAT,medium,Arabika Catuji Mekarwangi,B21,3,collecting,39,16407,2890,2875,7681,9718,2883,8571,16346,15626,15281,,
521180,M-CAT,medium,Arabika Catuji Mekarwangi,B21,3,collecting,40,16384,2888,2873,7681,9715,2884,8571,16337,15617,15277,,
522179,M-CAT,medium,Arabika Catuji Mekarwangi,B21,3,collecting,41,16363,2890,2875,7681,9710,2883,8571,16326,15608,15272,,
523180,M-CAT,medium,Arabika Catuji Mekarwangi,B21,3,collecting,42,16342,2890,2873,7681,9707,2883,8572,16316,15598,15268,,
524179,M-CAT,medium,Arabika Catuji Mekarwangi,B21,3,collecting,43,16324,2890,2873,7681,9703,2883,8573,16307,15589,15265,,
525179,M-CAT,medium,Arabika Catuji Mekarwangi,B21,3,collecting,44,16305,2890,2875,7681,9701,2883,8573,16299,15581,15260,,
526179,M-CAT,medium,Arabika Catuji Mekarwangi,B21,3,collecting,45,16288,2893,2877,7681,9698,2883,8573,16292,15573,15256,,
527179,M-CAT,medium,Arabika Catuji Mekarwangi,B21,3,collecting,46,16270,2890,2873,7681,9695,2883,8574,16283,15565,15252,,
528179,M-CAT,medium,Arabika Catuji Mekarwangi,B21,3,collecting,47,16253,2890,2873,7681,9693,2881,8574,16275,15557,15247,,
529179,M-CAT,medium,Arabika Catuji Mekarwangi,B21,3,collecting,48,16234,2890,2875,7681,9690,2881,8574,16267,15549,15243,,
530180,M-CAT,medium,Arabika Catuji Mekarwangi,B21,3,collecting,49,16217,2890,2877,7681,9687,2881,8574,16258,15541,15238,,
531179,M-CAT,medium,Arabika Catuji Mekarwangi,B21,3,collecting,50,16200,2890,2875,7681,9684,2881,8575,16250,15533,15233,,
532179,M-CAT,medium,Arabika Catuji Mekarwangi,B21,3,collecting,51,16184,2888,2873,7681,9681,2883,8575,16242,15525,15229,,
533179,M-CAT,medium,Arabika Catuji Mekarwangi,B21,3,collecting,52,16167,2893,2873,7681,9679,2883,8576,16235,15517,15225,,
534179,M-CAT,medium,Arabika Catuji Mekarwangi,B21,3,collecting,53,16152,2893,2877,7681,9676,2883,8575,16228,15510,15221,,
535179,M-CAT,medium,Arabika Catuji Mekarwangi,B21,3,collecting,54,16137,2890,2873,7681,9674,2883,8576,16221,15503,15218,,
536179,M-CAT,medium,Arabika Catuji Mekarwangi,B21,3,collecting,55,16123,2888,2875,7681,9672,2883,8576,16215,15496,15215,,
537180,M-CAT,medium,Arabika Catuji Mekarwangi,B21,3,collecting,56,16111,2893,2875,7680,9670,2881,8577,16210,15490,15211,,
538179,M-CAT,medium,Arabika Catuji Mekarwangi,B21,3,collecting,57,16096,2888,2875,7680,9668,2881,8577,16202,15483,15208,,
539180,M-CAT,medium,Arabika Catuji Mekarwangi,B21,3,collecting,58,16083,2890,2875,7680,9665,2884,8577,16196,15477,15205,,
540179,M-CAT,medium,Arabika Catuji Mekarwangi,B21,3,collecting,59,16069,2888,2875,7680,9664,2884,8577,16190,15471,15200,,
541179,M-CAT,medium,Arabika Catuji Mekarwangi,B21,3,collecting,60,16055,2890,2873,7681,9662,2884,8577,16183,15464,15197,,
542179,M-CAT,medium,Arabika Catuji Mekarwangi,B21,3,collecting,61,16041,2893,2875,7680,9660,2883,8578,16177,15457,15193,,
543183,M-CAT,medium,Arabika Catuji Mekarwangi,B21,4,purging,1,16029,2893,2877,7680,9658,2883,8578,16170,15451,15191,,
544179,M-CAT,medium,Arabika Catuji Mekarwangi,B21,4,purging,2,16016,2893,2875,7683,9660,2883,8580,16167,15446,15191,,
545179,M-CAT,medium,Arabika Catuji Mekarwangi,B21,4,purging,3,15961,2888,2877,7684,9659,2881,8581,16152,15438,15175,,
546180,M-CAT,medium,Arabika Catuji Mekarwangi,B21,4,purging,4,15858,2891,2875,7685,9653,2881,8583,16108,15413,15151,,
547179,M-CAT,medium,Arabika Catuji Mekarwangi,B21,4,purging,5,15724,2888,2877,7685,9640,2886,8587,16040,15369,15119,,
548179,M-CAT,medium,Arabika Catuji Mekarwangi,B21,4,purging,6,15569,2888,2873,7685,9622,2881,8591,15961,15312,15085,,
549179,M-CAT,medium,Arabika Catuji Mekarwangi,B21,4,purging,7,15405,2891,2875,7684,9600,2883,8595,15879,15248,15047,,
550179,M-CAT,medium,Arabika Catuji Mekarwangi,B21,4,purging,8,15235,2891,2877,7684,9578,2883,8598,15797,15181,15011,,
551179,M-CAT,medium,Arabika Catuji Mekarwangi,B21,4,purging,9,15064,2891,2877,7684,9555,2881,8601,15720,15113,14976,,
552179,M-CAT,medium,Arabika Catuji Mekarwangi,B21,4,purging,10,14897,2888,2875,7684,9532,2883,8602,15646,15047,14942,,
553180,M-CAT,medium,Arabika Catuji Mekarwangi,B21,4,purging,11,14734,2891,2877,7684,9511,2883,8603,15579,14983,14910,,
554179,M-CAT,medium,Arabika Catuji Mekarwangi,B21,4,purging,12,14577,2891,2875,7684,9490,2883,8604,15518,14924,14882,,
555180,M-CAT,medium,Arabika Catuji Mekarwangi,B21,4,purging,13,14429,2891,2873,7685,9471,2883,8604,15461,14867,14855,,
556179,M-CAT,medium,Arabika Catuji Mekarwangi,B21,4,purging,14,14288,2891,2877,7684,9452,2884,8605,15410,14814,14831,,
557179,M-CAT,medium,Arabika Catuji Mekarwangi,B21,4,purging,15,14154,2886,2875,7684,9436,2883,8607,15362,14764,14809,,
558179,M-CAT,medium,Arabika Catuji Mekarwangi,B21,4,purging,16,14029,2888,2873,7685,9422,2883,8608,15318,14718,14788,,
559179,M-CAT,medium,Arabika Catuji Mekarwangi,B21,4,purging,17,13912,2886,2873,7685,9408,2883,8610,15277,14674,14768,,
560179,M-CAT,medium,Arabika Catuji Mekarwangi,B21,4,purging,18,13803,2886,2875,7685,9397,2883,8612,15240,14633,14751,,
561179,M-CAT,medium,Arabika Catuji Mekarwangi,B21,4,purging,19,13703,2888,2875,7685,9386,2884,8614,15203,14594,14734,,
562180,M-CAT,medium,Arabika Catuji Mekarwangi,B21,4,purging,20,13610,2886,2877,7685,9376,2883,8615,15170,14557,14717,,
563179,M-CAT,medium,Arabika Catuji Mekarwangi,B21,4,purging,21,13525,2886,2877,7685,9366,2883,8615,15139,14524,14701,,
564179,M-CAT,medium,Arabika Catuji Mekarwangi,B21,4,purging,22,13447,2886,2873,7686,9357,2881,8614,15109,14491,14685,,
565179,M-CAT,medium,Arabika Catuji Mekarwangi,B21,4,purging,23,13376,2886,2873,7685,9348,2884,8614,15082,14460,14670,,
566179,M-CAT,medium,Arabika Catuji Mekarwangi,B21,4,purging,24,13311,2882,2877,7686,9339,2881,8612,15055,14430,14656,,
567179,M-CAT,medium,Arabika Catuji Mekarwangi,B21,4,purging,25,13251,2886,2875,7686,9331,2881,8610,15030,14402,14643,,
568179,M-CAT,medium,Arabika Catuji Mekarwangi,B21,4,purging,26,13196,2884,2875,7686,9323,2883,8609,15008,14376,14631,,
569180,M-CAT,medium,Arabika Catuji Mekarwangi,B21,4,purging,27,13145,2884,2873,7686,9315,2881,8608,14986,14350,14619,,
570179,M-CAT,medium,Arabika Catuji Mekarwangi,B21,4,purging,28,13098,2882,2877,7686,9309,2881,8608,14966,14326,14608,,
571180,M-CAT,medium,Arabika Catuji Mekarwangi,B21,4,purging,29,13054,2882,2875,7686,9303,2883,8607,14945,14303,14597,,
572179,M-CAT,medium,Arabika Catuji Mekarwangi,B21,4,purging,30,13014,2884,2873,7686,9297,2883,8607,14926,14281,14585,,
573179,M-CAT,medium,Arabika Catuji Mekarwangi,B21,4,purging,31,12977,2884,2875,7686,9291,2883,8605,14908,14259,14575,,
574179,M-CAT,medium,Arabika Catuji Mekarwangi,B21,4,purging,32,12943,2884,2875,7686,9285,2881,8603,14889,14239,14565,,
575179,M-CAT,medium,Arabika Catuji Mekarwangi,B21,4,purging,33,12912,2884,2875,7687,9279,2881,8600,14873,14220,14555,,
576179,M-CAT,medium,Arabika Catuji Mekarwangi,B21,4,purging,34,12883,2882,2875,7687,9274,2884,8598,14857,14201,14546,,
577179,M-CAT,medium,Arabika Catuji Mekarwangi,B21,4,purging,35,12855,2882,2875,7687,9269,2884,8597,14842,14183,14537,,
578180,M-CAT,medium,Arabika Catuji Mekarwangi,B21,4,purging,36,12830,2882,2875,7687,9264,2884,8595,14827,14165,14529,,
579179,M-CAT,medium,Arabika Catuji Mekarwangi,B21,4,purging,37,12807,2886,2875,7687,9259,2881,8594,14813,14149,14520,,
580179,M-CAT,medium,Arabika Catuji Mekarwangi,B21,4,purging,38,12785,2882,2873,7687,9255,2883,8592,14799,14132,14513,,
581179,M-CAT,medium,Arabika Catuji Mekarwangi,B21,4,purging,39,12764,2884,2873,7687,9250,2883,8590,14786,14117,14506,,
582179,M-CAT,medium,Arabika Catuji Mekarwangi,B21,4,purging,40,12745,2886,2877,7687,9246,2883,8589,14774,14102,14500,,
583179,M-CAT,medium,Arabika Catuji Mekarwangi,B21,4,purging,41,12725,2886,2875,7687,9243,2883,8589,14763,14088,14494,,
584179,M-CAT,medium,Arabika Catuji Mekarwangi,B21,4,purging,42,12705,2886,2875,7688,9240,2884,8591,14752,14074,14490,,
585180,M-CAT,medium,Arabika Catuji Mekarwangi,B21,4,purging,43,12685,2884,2875,7688,9238,2883,8592,14740,14061,14486,,
586179,M-CAT,medium,Arabika Catuji Mekarwangi,B21,4,purging,44,12665,2882,2877,7688,9236,2883,8595,14730,14048,14482,,
587180,M-CAT,medium,Arabika Catuji Mekarwangi,B21,4,purging,45,12647,2884,2873,7688,9235,2883,8596,14719,14036,14476,,
588179,M-CAT,medium,Arabika Catuji Mekarwangi,B21,4,purging,46,12629,2882,2875,7688,9233,2883,8597,14708,14024,14471,,
589179,M-CAT,medium,Arabika Catuji Mekarwangi,B21,4,purging,47,12612,2882,2877,7688,9231,2881,8598,14698,14013,14467,,
590179,M-CAT,medium,Arabika Catuji Mekarwangi,B21,4,purging,48,12596,2882,2873,7688,9229,2883,8598,14689,14002,14463,,
591179,M-CAT,medium,Arabika Catuji Mekarwangi,B21,4,purging,49,12581,2882,2875,7688,9228,2881,8600,14679,13990,14458,,
592179,M-CAT,medium,Arabika Catuji Mekarwangi,B21,4,purging,50,12567,2884,2875,7689,9226,2883,8600,14670,13980,14452,,
593179,M-CAT,medium,Arabika Catuji Mekarwangi,B21,4,purging,51,12554,2886,2875,7689,9224,2883,8600,14660,13970,14448,,
594180,M-CAT,medium,Arabika Catuji Mekarwangi,B21,4,purging,52,12541,2882,2873,7689,9222,2884,8599,14651,13960,14444,,
595179,M-CAT,medium,Arabika Catuji Mekarwangi,B21,4,purging,53,12529,2884,2873,7689,9221,2883,8599,14643,13950,14442,,
596179,M-CAT,medium,Arabika Catuji Mekarwangi,B21,4,purging,54,12516,2884,2875,7689,9220,2881,8601,14635,13942,14441,,
597179,M-CAT,medium,Arabika Catuji Mekarwangi,B21,4,purging,55,12502,2884,2873,7690,9219,2883,8604,14629,13933,14440,,
598179,M-CAT,medium,Arabika Catuji Mekarwangi,B21,4,purging,56,12489,2884,2877,7690,9219,2884,8607,14622,13926,14438,,
599179,M-CAT,medium,Arabika Catuji Mekarwangi,B21,4,purging,57,12476,2882,2873,7690,9219,2883,8610,14615,13918,14437,,
600179,M-CAT,medium,Arabika Catuji Mekarwangi,B21,4,purging,58,12462,2882,2875,7690,9220,2881,8614,14607,13910,14435,,
601180,M-CAT,medium,Arabika Catuji Mekarwangi,B21,4,purging,59,12449,2884,2873,7690,9221,2881,8617,14600,13902,14433,,
602179,M-CAT,medium,Arabika Catuji Mekarwangi,B21,4,purging,60,12436,2884,2873,7691,9221,2883,8620,14592,13895,14430,,
603180,M-CAT,medium,Arabika Catuji Mekarwangi,B21,4,purging,61,12424,2884,2877,7691,9221,2879,8621,14586,13888,14427,,
604179,M-CAT,medium,Arabika Catuji Mekarwangi,B21,4,purging,62,12413,2884,2873,7692,9221,2883,8623,14579,13881,14425,,
605179,M-CAT,medium,Arabika Catuji Mekarwangi,B21,4,purging,63,12403,2884,2877,7691,9221,2883,8624,14572,13875,14424,,
606179,M-CAT,medium,Arabika Catuji Mekarwangi,B21,4,purging,64,12393,2884,2873,7692,9221,2883,8625,14566,13868,14421,,
607179,M-CAT,medium,Arabika Catuji Mekarwangi,B21,4,purging,65,12383,2884,2875,7692,9221,2881,8625,14559,13862,14419,,
608179,M-CAT,medium,Arabika Catuji Mekarwangi,B21,4,purging,66,12373,2882,2875,7692,9220,2881,8626,14555,13856,14416,,
609179,M-CAT,medium,Arabika Catuji Mekarwangi,B21,4,purging,67,12364,2884,2873,7692,9219,2883,8627,14548,13850,14414,,
610180,M-CAT,medium,Arabika Catuji Mekarwangi,B21,4,purging,68,12355,2882,2877,7693,9219,2883,8627,14542,13843,14412,,
611179,M-CAT,medium,Arabika Catuji Mekarwangi,B21,4,purging,69,12346,2884,2877,7693,9218,2881,8628,14535,13836,14408,,
612179,M-CAT,medium,Arabika Catuji Mekarwangi,B21,4,purging,70,12338,2886,2873,7693,9217,2883,8628,14528,13830,14405,,
613179,M-CAT,medium,Arabika Catuji Mekarwangi,B21,4,purging,71,12331,2884,2875,7694,9216,2883,8627,14521,13824,14400,,
614179,M-CAT,medium,Arabika Catuji Mekarwangi,B21,4,purging,72,12325,2884,2877,7694,9214,2883,8626,14515,13818,14398,,
615179,M-CAT,medium,Arabika Catuji Mekarwangi,B21,4,purging,73,12320,2882,2875,7694,9213,2883,8624,14510,13813,14394,,
616179,M-CAT,medium,Arabika Catuji Mekarwangi,B21,4,purging,74,12316,2884,2877,7694,9211,2881,8622,14506,13808,14391,,
617180,M-CAT,medium,Arabika Catuji Mekarwangi,B21,4,purging,75,12312,2884,2873,7695,9209,2883,8621,14501,13803,14389,,
618179,M-CAT,medium,Arabika Catuji Mekarwangi,B21,4,purging,76,12308,2882,2873,7695,9208,2881,8619,14497,13798,14387,,
619180,M-CAT,medium,Arabika Catuji Mekarwangi,B21,4,purging,77,12304,2882,2877,7695,9207,2883,8619,14493,13793,14387,,
620179,M-CAT,medium,Arabika Catuji Mekarwangi,B21,4,purging,78,12299,2882,2875,7696,9206,2883,8619,14490,13789,14385,,
621179,M-CAT,medium,Arabika Catuji Mekarwangi,B21,4,purging,79,12293,2886,2875,7696,9206,2883,8620,14486,13785,14385,,
622179,M-CAT,medium,Arabika Catuji Mekarwangi,B21,4,purging,80,12288,2882,2873,7696,9205,2883,8622,14481,13780,14384,,
623179,M-CAT,medium,Arabika Catuji Mekarwangi,B21,4,purging,81,12282,2886,2877,7696,9205,2883,8624,14477,13776,14384,,
624179,M-CAT,medium,Arabika Catuji Mekarwangi,B21,4,purging,82,12276,2886,2877,7696,9205,2884,8626,14473,13772,14384,,
625179,M-CAT,medium,Arabika Catuji Mekarwangi,B21,4,purging,83,12269,2882,2877,7696,9206,2883,8628,14469,13768,14383,,
626180,M-CAT,medium,Arabika Catuji Mekarwangi,B21,4,purging,84,12262,2884,2877,7697,9206,2881,8630,14466,13764,14382,,
627179,M-CAT,medium,Arabika Catuji Mekarwangi,B21,4,purging,85,12256,2884,2873,7698,9207,2883,8632,14461,13760,14381,,
628179,M-CAT,medium,Arabika Catuji Mekarwangi,B21,4,purging,86,12249,2884,2877,7698,9207,2883,8633,14457,13757,14380,,
629179,M-CAT,medium,Arabika Catuji Mekarwangi,B21,4,purging,87,12243,2884,2873,7698,9207,2883,8634,14453,13753,14379,,
630179,M-CAT,medium,Arabika Catuji Mekarwangi,B21,4,purging,88,12238,2886,2875,7698,9208,2884,8635,14449,13749,14376,,
631179,M-CAT,medium,Arabika Catuji Mekarwangi,B21,4,purging,89,12233,2884,2873,7698,9207,2881,8634,14445,13745,14374,,
632179,M-CAT,medium,Arabika Catuji Mekarwangi,B21,4,purging,90,12229,2884,2873,7698,9206,2883,8633,14441,13741,14372,,
633180,M-CAT,medium,Arabika Catuji Mekarwangi,B21,4,purging,91,12226,2882,2875,7698,9205,2884,8632,14437,13738,14370,,
634179,M-CAT,medium,Arabika Catuji Mekarwangi,B21,4,purging,92,12222,2886,2877,7699,9205,2881,8631,14433,13734,14368,,
635180,M-CAT,medium,Arabika Catuji Mekarwangi,B21,4,purging,93,12219,2882,2875,7699,9203,2881,8630,14430,13731,14366,,
636179,M-CAT,medium,Arabika Catuji Mekarwangi,B21,4,purging,94,12216,2884,2875,7699,9201,2883,8630,14427,13727,14364,,
637179,M-CAT,medium,Arabika Catuji Mekarwangi,B21,4,purging,95,12213,2882,2873,7700,9200,2881,8629,14423,13724,14361,,
638179,M-CAT,medium,Arabika Catuji Mekarwangi,B21,4,purging,96,12212,2882,2873,7700,9198,2881,8627,14420,13720,14359,,
639179,M-CAT,medium,Arabika Catuji Mekarwangi,B21,4,purging,97,12210,2884,2875,7700,9197,2881,8626,14416,13716,14358,,
640179,M-CAT,medium,Arabika Catuji Mekarwangi,B21,4,purging,98,12208,2882,2877,7700,9196,2884,8625,14414,13713,14356,,
641179,M-CAT,medium,Arabika Catuji Mekarwangi,B21,4,purging,99,12206,2886,2875,7700,9194,2883,8624,14410,13710,14355,,
642180,M-CAT,medium,Arabika Catuji Mekarwangi,B21,4,purging,100,12203,2884,2875,7700,9193,2883,8624,14407,13707,14355,,
643179,M-CAT,medium,Arabika Catuji Mekarwangi,B21,4,purging,101,12200,2884,2873,7700,9192,2883,8624,14404,13703,14354,,
644179,M-CAT,medium,Arabika Catuji Mekarwangi,B21,4,purging,102,12198,2886,2875,7701,9191,2881,8625,14401,13700,14353,,
645179,M-CAT,medium,Arabika Catuji Mekarwangi,B21,4,purging,103,12194,2886,2877,7701,9191,2881,8625,14398,13696,14352,,
646179,M-CAT,medium,Arabika Catuji Mekarwangi,B21,4,purging,104,12190,2886,2875,7701,9190,2883,8626,14395,13693,14351,,
647179,M-CAT,medium,Arabika Catuji Mekarwangi,B21,4,purging,105,12186,2884,2875,7701,9189,2884,8626,14392,13690,14351,,
648179,M-CAT,medium,Arabika Catuji Mekarwangi,B21,4,purging,106,12181,2886,2875,7701,9189,2881,8627,14389,13687,14350,,
649180,M-CAT,medium,Arabika Catuji Mekarwangi,B21,4,purging,107,12177,2884,2875,7701,9189,2883,8628,14385,13684,14350,,
650179,M-CAT,medium,Arabika Catuji Mekarwangi,B21,4,purging,108,12173,2884,2877,7701,9189,2883,8629,14382,13681,14351,,
651180,M-CAT,medium,Arabika Catuji Mekarwangi,B21,4,purging,109,12169,2884,2875,7702,9190,2883,8630,14379,13678,14350,,
652179,M-CAT,medium,Arabika Catuji Mekarwangi,B21,4,purging,110,12165,2882,2877,7702,9190,2883,8632,14375,13676,14350,,
653179,M-CAT,medium,Arabika Catuji Mekarwangi,B21,4,purging,111,12160,2884,2875,7702,9190,2883,8632,14373,13673,14349,,
654179,M-CAT,medium,Arabika Catuji Mekarwangi,B21,4,purging,112,12156,2884,2875,7703,9190,2883,8633,14371,13671,14348,,
655179,M-CAT,medium,Arabika Catuji Mekarwangi,B21,4,purging,113,12152,2884,2875,7703,9190,2883,8634,14367,13668,14348,,
656179,M-CAT,medium,Arabika Catuji Mekarwangi,B21,4,purging,114,12147,2882,2873,7703,9189,2883,8634,14365,13666,14346,,
657179,M-CAT,medium,Arabika Catuji Mekarwangi,B21,4,purging,115,12145,2882,2875,7703,9189,2883,8635,14362,13663,14346,,
658180,M-CAT,medium,Arabika Catuji Mekarwangi,B21,4,purging,116,12142,2882,2873,7704,9189,2883,8635,14360,13661,14344,,
659179,M-CAT,medium,Arabika Catuji Mekarwangi,B21,4,purging,117,12139,2884,2875,7704,9189,2881,8634,14358,13658,14342,,
660179,M-CAT,medium,Arabika Catuji Mekarwangi,B21,4,purging,118,12136,2884,2875,7704,9188,2881,8633,14356,13656,14342,,
661179,M-CAT,medium,Arabika Catuji Mekarwangi,B21,4,purging,119,12134,2882,2877,7704,9188,2883,8633,14353,13654,14342,,
662179,M-CAT,medium,Arabika Catuji Mekarwangi,B21,4,purging,120,12129,2884,2873,7705,9188,2883,8634,14352,13651,14342,,
663183,M-CAT,medium,Arabika Catuji Mekarwangi,B21,4,collecting,1,12125,2882,2873,7705,9187,2881,8635,14348,13648,14342,,
664179,M-CAT,medium,Arabika Catuji Mekarwangi,B21,4,collecting,2,12126,2884,2877,7702,9184,2883,8635,14345,13644,14338,,
665180,M-CAT,medium,Arabika Catuji Mekarwangi,B21,4,collecting,3,12292,2882,2877,7702,9189,2883,8640,14362,13651,14369,,
666179,M-CAT,medium,Arabika Catuji Mekarwangi,B21,4,collecting,4,12674,2884,2873,7701,9219,2884,8655,14451,13706,14428,,
667180,M-CAT,medium,Arabika Catuji Mekarwangi,B21,4,collecting,5,13171,2884,2875,7701,9268,2883,8669,14613,13817,14507,,
668179,M-CAT,medium,Arabika Catuji Mekarwangi,B21,4,collecting,6,13692,2886,2875,7702,9327,2883,8681,14823,13972,14601,,
669179,M-CAT,medium,Arabika Catuji Mekarwangi,B21,4,collecting,7,14178,2886,2877,7702,9390,2883,8689,15043,14152,14693,,
670179,M-CAT,medium,Arabika Catuji Mekarwangi,B21,4,collecting,8,14601,2891,2875,7702,9450,2883,8692,15253,14339,14780,,
671179,M-CAT,medium,Arabika Catuji Mekarwangi,B21,4,collecting,9,14954,2891,2875,7703,9505,2883,8692,15441,14520,14858,,
672179,M-CAT,medium,Arabika Catuji Mekarwangi,B21,4,collecting,10,15241,2891,2875,7703,9552,2881,8690,15597,14686,14927,,
673179,M-CAT,medium,Arabika Catuji Mekarwangi,B21,4,collecting,11,15471,2886,2877,7702,9592,2883,8687,15727,14832,14987,,
674180,M-CAT,medium,Arabika Catuji Mekarwangi,B21,4,collecting,12,15655,2888,2873,7703,9625,2881,8683,15832,14958,15036,,
675179,M-CAT,medium,Arabika Catuji Mekarwangi,B21,4,collecting,13,15803,2891,2875,7702,9653,2883,8680,15918,15064,15078,,
676179,M-CAT,medium,Arabika Catuji Mekarwangi,B21,4,collecting,14,15920,2888,2873,7702,9676,2883,8676,15987,15153,15113,,
677179,M-CAT,medium,Arabika Catuji Mekarwangi,B21,4,collecting,15,16015,2890,2875,7702,9696,2881,8674,16043,15227,15143,,
678179,M-CAT,medium,Arabika Catuji Mekarwangi,B21,4,collecting,16,16091,2893,2875,7702,9713,2883,8671,16088,15289,15169,,
679179,M-CAT,medium,Arabika Catuji Mekarwangi,B21,4,collecting,17,16151,2890,2877,7702,9727,2881,8669,16124,15342,15191,,
680179,M-CAT,medium,Arabika Catuji Mekarwangi,B21,4,collecting,18,16196,2890,2877,7702,9739,2883,8668,16153,15385,15208,,
681180,M-CAT,medium,Arabika Catuji Mekarwangi,B21,4,collecting,19,16229,2890,2877,7702,9748,2881,8666,16175,15420,15221,,
682179,M-CAT,medium,Arabika Catuji Mekarwangi,B21,4,collecting,20,16252,2890,2873,7702,9754,2883,8664,16192,15447,15233,,
683180,M-CAT,medium,Arabika Catuji Mekarwangi,B21,4,collecting,21,16266,2893,2877,7702,9759,2881,8663,16203,15469,15240,,
684179,M-CAT,medium,Arabika Catuji Mekarwangi,B21,4,collecting,22,16271,2890,2873,7702,9762,2884,8661,16209,15484,15245,,
685179,M-CAT,medium,Arabika Catuji Mekarwangi,B21,4,collecting,23,16270,2890,2873,7701,9763,2881,8660,16211,15495,15249,,
686179,M-CAT,medium,Arabika Catuji Mekarwangi,B21,4,collecting,24,16263,2890,2873,7701,9764,2883,8659,16211,15502,15251,,
687179,M-CAT,medium,Arabika Catuji Mekarwangi,B21,4,collecting,25,16253,2893,2873,7701,9763,2883,8659,16208,15506,15252,,
688179,M-CAT,medium,Arabika Catuji Mekarwangi,B21,4,collecting,26,16238,2890,2877,7701,9762,2881,8658,16204,15507,15252,,
689179,M-CAT,medium,Arabika Catuji Mekarwangi,B21,4,collecting,27,16224,2890,2873,7701,9760,2881,8658,16198,15506,15250,,
690180,M-CAT,medium,Arabika Catuji Mekarwangi,B21,4,collecting,28,16207,2893,2875,7702,9758,2881,8658,16193,15504,15250,,
691179,M-CAT,medium,Arabika Catuji Mekarwangi,B21,4,collecting,29,16191,2890,2875,7702,9756,2883,8659,16189,15502,15249,,
692179,M-CAT,medium,Arabika Catuji Mekarwangi,B21,4,collecting,30,16176,2890,2877,7702,9755,2881,8660,16184,15499,15249,,
693179,M-CAT,medium,Arabika Catuji Mekarwangi,B21,4,collecting,31,16162,2890,2873,7702,9753,2883,8661,16181,15497,15249,,
694179,M-CAT,medium,Arabika Catuji Mekarwangi,B21,4,collecting,32,16151,2888,2877,7702,9753,2881,8662,16180,15495,15250,,
695179,M-CAT,medium,Arabika Catuji Mekarwangi,B21,4,collecting,33,16142,2890,2875,7703,9752,2883,8663,16179,15495,15251,,
696179,M-CAT,medium,Arabika Catuji Mekarwangi,B21,4,collecting,34,16135,2890,2875,7702,9753,2886,8664,16179,15495,15253,,
697180,M-CAT,medium,Arabika Catuji Mekarwangi,B21,4,collecting,35,16127,2890,2877,7703,9754,2881,8665,16181,15496,15254,,
698179,M-CAT,medium,Arabika Catuji Mekarwangi,B21,4,collecting,36,16117,2890,2875,7702,9754,2881,8666,16180,15495,15254,,
699180,M-CAT,medium,Arabika Catuji Mekarwangi,B21,4,collecting,37,16103,2890,2873,7702,9753,2881,8665,16177,15493,15252,,
700179,M-CAT,medium,Arabika Catuji Mekarwangi,B21,4,collecting,38,16088,2888,2875,7703,9752,2881,8665,16171,15490,15250,,
701179,M-CAT,medium,Arabika Catuji Mekarwangi,B21,4,collecting,39,16072,2893,2873,7703,9751,2883,8666,16166,15486,15247,,
702179,M-CAT,medium,Arabika Catuji Mekarwangi,B21,4,collecting,40,16055,2893,2875,7703,9748,2883,8666,16159,15480,15245,,
703179,M-CAT,medium,Arabika Catuji Mekarwangi,B21,4,collecting,41,16039,2888,2873,7703,9746,2881,8666,16151,15474,15242,,
704179,M-CAT,medium,Arabika Catuji Mekarwangi,B21,4,collecting,42,16022,2890,2873,7703,9744,2881,8668,16145,15469,15240,,
705179,M-CAT,medium,Arabika Catuji Mekarwangi,B21,4,collecting,43,16005,2890,2873,7703,9743,2883,8667,16138,15463,15237,,
706180,M-CAT,medium,Arabika Catuji Mekarwangi,B21,4,collecting,44,15985,2893,2873,7704,9741,2883,8668,16130,15457,15233,,
707179,M-CAT,medium,Arabika Catuji Mekarwangi,B21,4,collecting,45,15966,2888,2877,7704,9739,2881,8668,16122,15450,15229,,
708179,M-CAT,medium,Arabika Catuji Mekarwangi,B21,4,collecting,46,15950,2890,2877,7704,9737,2883,8669,16114,15443,15227,,
709179,M-CAT,medium,Arabika Catuji Mekarwangi,B21,4,collecting,47,15935,2893,2877,7704,9735,2881,8670,16109,15438,15225,,
710179,M-CAT,medium,Arabika Catuji Mekarwangi,B21,4,collecting,48,15923,2891,2875,7704,9734,2881,8672,16105,15432,15224,,
711179,M-CAT,medium,Arabika Catuji Mekarwangi,B21,4,collecting,49,15909,2890,2873,7705,9733,2883,8673,16101,15428,15222,,
712179,M-CAT,medium,Arabika Catuji Mekarwangi,B21,4,collecting,50,15896,2893,2877,7705,9733,2883,8674,16097,15424,15219,,
713180,M-CAT,medium,Arabika Catuji Mekarwangi,B21,4,collecting,51,15881,2891,2873,7705,9731,2883,8675,16092,15420,15217,,
714179,M-CAT,medium,Arabika Catuji Mekarwangi,B21,4,collecting,52,15865,2891,2873,7705,9730,2883,8676,16086,15415,15214,,
715180,M-CAT,medium,Arabika Catuji Mekarwangi,B21,4,collecting,53,15848,2891,2877,7706,9729,2883,8676,16078,15409,15211,,
716179,M-CAT,medium,Arabika Catuji Mekarwangi,B21,4,collecting,54,15829,2888,2875,7706,9726,2883,8677,16069,15402,15207,,
717179,M-CAT,medium,Arabika Catuji Mekarwangi,B21,4,collecting,55,15811,2891,2873,7706,9725,2883,8678,16061,15394,15204,,
718179,M-CAT,medium,Arabika Catuji Mekarwangi,B21,4,collecting,56,15794,2891,2873,7706,9723,2881,8679,16053,15387,15199,,
719179,M-CAT,medium,Arabika Catuji Mekarwangi,B21,4,collecting,57,15777,2891,2875,7707,9722,2883,8680,16045,15380,15197,,
720179,M-CAT,medium,Arabika Catuji Mekarwangi,B21,4,collecting,58,15761,2891,2873,7707,9720,2881,8681,16038,15373,15195,,
721179,M-CAT,medium,Arabika Catuji Mekarwangi,B21,4,collecting,59,15748,2891,2873,7707,9719,2886,8682,16033,15367,15192,,
722180,M-CAT,medium,Arabika Catuji Mekarwangi,B21,4,collecting,60,15737,2891,2877,7707,9718,2881,8684,16029,15362,15190,,
723183,M-CAT,medium,Arabika Catuji Mekarwangi,B21,5,purging,1,15727,2891,2877,7707,9717,2883,8685,16025,15358,15189,,
724179,M-CAT,medium,Arabika Catuji Mekarwangi,B21,5,purging,2,15716,2888,2873,7711,9720,2881,8688,16023,15356,15190,,
725179,M-CAT,medium,Arabika Catuji Mekarwangi,B21,5,purging,3,15664,2891,2875,7712,9721,2881,8688,16012,15349,15177,,
726179,M-CAT,medium,Arabika Catuji Mekarwangi,B21,5,purging,4,15565,2891,2875,7713,9715,2881,8688,15973,15327,15153,,
727179,M-CAT,medium,Arabika Catuji Mekarwangi,B21,5,purging,5,15437,2888,2873,7714,9702,2883,8687,15910,15287,15121,,
728179,M-CAT,medium,Arabika Catuji Mekarwangi,B21,5,purging,6,15290,2891,2875,7714,9683,2883,8685,15835,15234,15083,,
729180,M-CAT,medium,Arabika Catuji Mekarwangi,B21,5,purging,7,15132,2888,2875,7714,9658,2881,8681,15756,15171,15044,,
730179,M-CAT,medium,Arabika Catuji Mekarwangi,B21,5,purging,8,14970,2891,2875,7714,9633,2883,8677,15677,15104,15008,,
731180,M-CAT,medium,Arabika Catuji Mekarwangi,B21,5,purging,9,14807,2891,2875,7714,9608,2883,8675,15603,15037,14976,,
732179,M-CAT,medium,Arabika Catuji Mekarwangi,B21,5,purging,10,14646,2891,2877,7714,9586,2883,8677,15536,14974,14948,,
733179,M-CAT,medium,Arabika Catuji Mekarwangi,B21,5,purging,11,14489,2891,2873,7715,9566,2881,8681,15474,14914,14920,,
734179,M-CAT,medium,Arabika Catuji Mekarwangi,B21,5,purging,12,14338,2891,2873,7716,9547,2881,8682,15418,14858,14892,,
735179,M-CAT,medium,Arabika Catuji Mekarwangi,B21,5,purging,13,14195,2886,2877,7716,9528,2881,8681,15364,14802,14864,,
736179,M-CAT,medium,Arabika Catuji Mekarwangi,B21,5,purging,14,14061,2886,2875,7716,9509,2883,8679,15314,14749,14839,,
737179,M-CAT,medium,Arabika Catuji Mekarwangi,B21,5,purging,15,13935,2886,2877,7716,9493,2881,8679,15268,14700,14819,,
738180,M-CAT,medium,Arabika Catuji Mekarwangi,B21,5,purging,16,13817,2888,2873,7717,9479,2883,8679,15227,14655,14800,,
739179,M-CAT,medium,Arabika Catuji Mekarwangi,B21,5,purging,17,13708,2886,2875,7717,9465,2883,8680,15189,14612,14784,,
740179,M-CAT,medium,Arabika Catuji Mekarwangi,B21,5,purging,18,13606,2886,2873,7718,9454,2883,8683,15154,14573,14770,,
741179,M-CAT,medium,Arabika Catuji Mekarwangi,B21,5,purging,19,13512,2886,2875,7718,9446,2881,8686,15123,14537,14756,,
742179,M-CAT,medium,Arabika Catuji Mekarwangi,B21,5,purging,20,13426,2884,2873,7718,9439,2881,8690,15093,14504,14744,,
743179,M-CAT,medium,Arabika Catuji Mekarwangi,B21,5,purging,21,13346,2884,2875,7719,9433,2886,8693,15067,14473,14730,,
744179,M-CAT,medium,Arabika Catuji Mekarwangi,B21,5,purging,22,13272,2882,2873,7719,9426,2883,8695,15040,14443,14717,,
745180,M-CAT,medium,Arabika Catuji Mekarwangi,B21,5,purging,23,13204,2882,2873,7720,9419,2883,8696,15015,14414,14704,,
746179,M-CAT,medium,Arabika Catuji Mekarwangi,B21,5,purging,24,13141,2886,2873,7720,9412,2881,8696,14991,14386,14690,,
747180,M-CAT,medium,Arabika Catuji Mekarwangi,B21,5,purging,25,13083,2884,2873,7721,9405,2883,8694,14968,14359,14673,,
748179,M-CAT,medium,Arabika Catuji Mekarwangi,B21,5,purging,26,13030,2882,2873,7721,9395,2881,8690,14943,14330,14658,,
749179,M-CAT,medium,Arabika Catuji Mekarwangi,B21,5,purging,27,12981,2882,2877,7721,9385,2881,8685,14919,14303,14647,,
