feature,finite_count,min,median,max,std_population,iqr,near_constant_abs_1e-9,note
f_tgs822_relative_response_mean5,83,-0.000485539189413548,0.0467630910380665,0.10507657521539,0.0200812468405231,0.0311930122792979,False,DESCRIPTIVE_GLOBAL_ONLY_NOT_FEATURE_SELECTION
f_tgs822_relative_response_std5,83,0.00118408893356126,0.0235646550079534,0.0668871538467866,0.0120193984980442,0.014790281850896,False,DESCRIPTIVE_GLOBAL_ONLY_NOT_FEATURE_SELECTION
f_tgs822_collect_std_mean5,83,11.4354903443347,1012.1310746046,2012.54684231602,386.079339383921,562.099526882018,False,DESCRIPTIVE_GLOBAL_ONLY_NOT_FEATURE_SELECTION
f_tgs822_collect_std_std5,83,7.77733570901916,158.937081910484,317.888020531215,67.8543005048207,82.8740612384057,False,DESCRIPTIVE_GLOBAL_ONLY_NOT_FEATURE_SELECTION
f_tgs822_collect_slope_per_s_mean5,83,-3.02301336869781,574.420043612826,1148.75244317773,228.365531684511,348.362199573178,False,DESCRIPTIVE_GLOBAL_ONLY_NOT_FEATURE_SELECTION
f_tgs822_collect_slope_per_s_std5,83,7.68580274816581,61.1972277149762,127.592662959444,28.718578954379,36.267087344579,False,DESCRIPTIVE_GLOBAL_ONLY_NOT_FEATURE_SELECTION
f_mq135_relative_response_mean5,83,-0.000181743267683947,0.000329395921616042,0.00103953644637258,0.000246065051142863,0.000347303616943906,False,DESCRIPTIVE_GLOBAL_ONLY_NOT_FEATURE_SELECTION
f_mq135_relative_response_std5,83,0.000133413393286819,0.000485960954714512,0.000911822467882666,0.000177845355265706,0.000229299176515989,False,DESCRIPTIVE_GLOBAL_ONLY_NOT_FEATURE_SELECTION
f_mq135_collect_std_mean5,83,1.51406886354619,2.3381395464449,3.65038885552198,0.481652172406301,0.786762652256709,False,DESCRIPTIVE_GLOBAL_ONLY_NOT_FEATURE_SELECTION
f_mq135_collect_std_std5,83,0.293993837952831,0.781878069856677,1.39743350452735,0.260698752761182,0.353986653008335,False,DESCRIPTIVE_GLOBAL_ONLY_NOT_FEATURE_SELECTION
f_mq135_collect_slope_per_s_mean5,83,-0.380083677028065,1.01237375636537,1.96161576661514,0.422562014082802,0.68056565186312,False,DESCRIPTIVE_GLOBAL_ONLY_NOT_FEATURE_SELECTION
f_mq135_collect_slope_per_s_std5,83,0.216769935552612,0.536918162805146,0.976234726228394,0.167903498397131,0.218213257725645,False,DESCRIPTIVE_GLOBAL_ONLY_NOT_FEATURE_SELECTION
f_mq3_relative_response_mean5,83,-0.000454932931409118,4.61467253145993e-05,0.0007262280906686,0.000207888500218179,0.000313587879376454,False,DESCRIPTIVE_GLOBAL_ONLY_NOT_FEATURE_SELECTION
f_mq3_relative_response_std5,83,0.000150274478142117,0.000454057228653661,0.00110661512578124,0.000183516846445699,0.000266733202724738,False,DESCRIPTIVE_GLOBAL_ONLY_NOT_FEATURE_SELECTION
f_mq3_collect_std_mean5,83,0.666302618502024,1.52783270906108,2.249134240372,0.302589174891257,0.416389063905894,False,DESCRIPTIVE_GLOBAL_ONLY_NOT_FEATURE_SELECTION
f_mq3_collect_std_std5,83,0.146048323453175,0.520152095921018,1.09829394913654,0.2171336060321,0.342234363589245,False,DESCRIPTIVE_GLOBAL_ONLY_NOT_FEATURE_SELECTION
f_mq3_collect_slope_per_s_mean5,83,-0.528802337527527,0.00562807348040392,0.56616648365869,0.239278209098723,0.333402224346868,False,DESCRIPTIVE_GLOBAL_ONLY_NOT_FEATURE_SELECTION
f_mq3_collect_slope_per_s_std5,83,0.151606070085682,0.477825631128086,0.978035881811773,0.194926120082164,0.293266668228598,False,DESCRIPTIVE_GLOBAL_ONLY_NOT_FEATURE_SELECTION
f_tgs2611_relative_response_mean5,83,-0.000471024021362567,0.000129391078000541,0.00447552434593094,0.000582300908057793,0.000468183489420071,False,DESCRIPTIVE_GLOBAL_ONLY_NOT_FEATURE_SELECTION
f_tgs2611_relative_response_std5,83,3.42435053585945e-05,0.000160753715034221,0.00225054926812401,0.000273260962445655,0.000132274185531927,False,DESCRIPTIVE_GLOBAL_ONLY_NOT_FEATURE_SELECTION
f_tgs2611_collect_std_mean5,83,0.405546342398754,1.1336045717224,13.088977066808,1.5473464402529,0.928033264670554,False,DESCRIPTIVE_GLOBAL_ONLY_NOT_FEATURE_SELECTION
f_tgs2611_collect_std_std5,83,0.0509625312549558,0.410775687908586,5.78489549148325,0.699314417527977,0.361815482516244,False,DESCRIPTIVE_GLOBAL_ONLY_NOT_FEATURE_SELECTION
f_tgs2611_collect_slope_per_s_mean5,83,-0.760388006152869,0.48020027067923,7.62228652371488,1.05403733982007,0.894693844021644,False,DESCRIPTIVE_GLOBAL_ONLY_NOT_FEATURE_SELECTION
f_tgs2611_collect_slope_per_s_std5,83,0.0828782179028169,0.299365387541016,2.94537415849951,0.392242516610247,0.228967765061779,False,DESCRIPTIVE_GLOBAL_ONLY_NOT_FEATURE_SELECTION
f_tgs2620_relative_response_mean5,83,0.00726951734555581,0.0224546130302002,0.0808964897801732,0.013579184333195,0.0177148371529932,False,DESCRIPTIVE_GLOBAL_ONLY_NOT_FEATURE_SELECTION
f_tgs2620_relative_response_std5,83,0.00070600552174044,0.00541039950790905,0.0144647775971725,0.00295297779394213,0.00339609349355652,False,DESCRIPTIVE_GLOBAL_ONLY_NOT_FEATURE_SELECTION
f_tgs2620_collect_std_mean5,83,76.6400601165392,252.673387338486,777.215113456868,136.21210469171,187.242961871604,False,DESCRIPTIVE_GLOBAL_ONLY_NOT_FEATURE_SELECTION
f_tgs2620_collect_std_std5,83,3.16725456822311,37.8577929037605,153.238328161779,26.7248357380615,24.5408840645583,False,DESCRIPTIVE_GLOBAL_ONLY_NOT_FEATURE_SELECTION
f_tgs2620_collect_slope_per_s_mean5,83,46.1535545277449,147.094493820465,450.810206674293,80.4772738363563,113.490241006633,False,DESCRIPTIVE_GLOBAL_ONLY_NOT_FEATURE_SELECTION
f_tgs2620_collect_slope_per_s_std5,83,1.66896987031766,12.5072072922613,96.973153154656,16.0671903773691,14.11646926221,False,DESCRIPTIVE_GLOBAL_ONLY_NOT_FEATURE_SELECTION
f_tgs2600_relative_response_mean5,83,-0.000473701130698036,5.54688372012702e-05,0.000843097675860496,0.000227813467707891,0.000259230843939213,False,DESCRIPTIVE_GLOBAL_ONLY_NOT_FEATURE_SELECTION
f_tgs2600_relative_response_std5,83,6.20268509708821e-05,0.000339999182014004,0.00103369524744258,0.000171820754416353,0.00023420617287359,False,DESCRIPTIVE_GLOBAL_ONLY_NOT_FEATURE_SELECTION
f_tgs2600_collect_std_mean5,83,0.178885438199983,1.19627854046286,2.43058555470918,0.451261157915855,0.54641693278918,False,DESCRIPTIVE_GLOBAL_ONLY_NOT_FEATURE_SELECTION
f_tgs2600_collect_std_std5,83,0.101925062509911,0.553753047687094,1.07826513625662,0.207108977662105,0.241660978861005,False,DESCRIPTIVE_GLOBAL_ONLY_NOT_FEATURE_SELECTION
f_tgs2600_collect_slope_per_s_mean5,83,-0.423343789151814,0.000188242541927008,1.18650510721346,0.263856108314158,0.216004919065136,False,DESCRIPTIVE_GLOBAL_ONLY_NOT_FEATURE_SELECTION
f_tgs2600_collect_slope_per_s_std5,83,8.95501252552821e-05,0.371085207893581,0.952791551738469,0.186356733426382,0.238721845534657,False,DESCRIPTIVE_GLOBAL_ONLY_NOT_FEATURE_SELECTION
f_tgs2602_relative_response_mean5,83,0.00612460338920705,0.0209090707513745,0.0694103562065325,0.0122004104437089,0.0153694183205547,False,DESCRIPTIVE_GLOBAL_ONLY_NOT_FEATURE_SELECTION
f_tgs2602_relative_response_std5,83,0.00024105559811832,0.00403653637327918,0.0159426676974484,0.00272224962083315,0.00303602340937286,False,DESCRIPTIVE_GLOBAL_ONLY_NOT_FEATURE_SELECTION
f_tgs2602_collect_std_mean5,83,63.5728902236581,225.401517335161,632.059702269133,115.997754422617,151.993148164239,False,DESCRIPTIVE_GLOBAL_ONLY_NOT_FEATURE_SELECTION
f_tgs2602_collect_std_std5,83,3.67165432183191,26.1612951801338,142.642960917122,23.7872194677947,21.7400865695425,False,DESCRIPTIVE_GLOBAL_ONLY_NOT_FEATURE_SELECTION
f_tgs2602_collect_slope_per_s_mean5,83,37.2189535999568,135.288195544871,367.669448175998,68.6201473045322,91.2984795580797,False,DESCRIPTIVE_GLOBAL_ONLY_NOT_FEATURE_SELECTION
f_tgs2602_collect_slope_per_s_std5,83,1.88247828995387,9.90199205447222,90.0277183337301,15.3278313671163,12.6708798657887,False,DESCRIPTIVE_GLOBAL_ONLY_NOT_FEATURE_SELECTION
f_mq8_relative_response_mean5,83,0.00350741268263412,0.0161050613753431,0.0467927549993446,0.00827884759893709,0.0101458924713523,False,DESCRIPTIVE_GLOBAL_ONLY_NOT_FEATURE_SELECTION
f_mq8_relative_response_std5,83,0.00207308148036843,0.00561845016694812,0.0164550868371202,0.00329989734436991,0.00407468071088342,False,DESCRIPTIVE_GLOBAL_ONLY_NOT_FEATURE_SELECTION
f_mq8_collect_std_mean5,83,54.0590928875219,394.474903503285,982.832007434941,178.910869539132,231.27154721358,False,DESCRIPTIVE_GLOBAL_ONLY_NOT_FEATURE_SELECTION
f_mq8_collect_std_std5,83,5.59286130990985,67.037926378096,164.001594234198,37.9051235555449,45.4458545928167,False,DESCRIPTIVE_GLOBAL_ONLY_NOT_FEATURE_SELECTION
f_mq8_collect_slope_per_s_mean5,83,33.0877670233941,224.783717518576,558.502258360772,103.464386619094,141.132741317737,False,DESCRIPTIVE_GLOBAL_ONLY_NOT_FEATURE_SELECTION
f_mq8_collect_slope_per_s_std5,83,3.06082446151886,27.7123081366443,102.573802599948,17.3700639536944,21.1545415747414,False,DESCRIPTIVE_GLOBAL_ONLY_NOT_FEATURE_SELECTION
f_tgs813_relative_response_mean5,83,-0.00271256435089548,0.00354699725087769,0.0277044388422556,0.00488001359934002,0.0053566568813599,False,DESCRIPTIVE_GLOBAL_ONLY_NOT_FEATURE_SELECTION
f_tgs813_relative_response_std5,83,0.000864163291416102,0.00659696065340336,0.0212572189161573,0.00354141655469334,0.00413593446936099,False,DESCRIPTIVE_GLOBAL_ONLY_NOT_FEATURE_SELECTION
f_tgs813_collect_std_mean5,83,30.223701325728,236.044732269125,808.427140271187,137.139170562918,158.521117985404,False,DESCRIPTIVE_GLOBAL_ONLY_NOT_FEATURE_SELECTION
f_tgs813_collect_std_std5,83,5.43749601679273,68.1693627626068,181.112075592764,38.6557788945567,43.458198552816,False,DESCRIPTIVE_GLOBAL_ONLY_NOT_FEATURE_SELECTION
f_tgs813_collect_slope_per_s_mean5,83,17.4359356284408,123.963328735947,432.247585347179,74.2552363717278,87.873136274479,False,DESCRIPTIVE_GLOBAL_ONLY_NOT_FEATURE_SELECTION
f_tgs813_collect_slope_per_s_std5,83,5.77649377674788,30.2263468042493,79.6640923017413,16.2331569171072,22.9340989222034,False,DESCRIPTIVE_GLOBAL_ONLY_NOT_FEATURE_SELECTION
f_tgs816_relative_response_mean5,83,0.00490553716200723,0.0169245891383412,0.0521752913205463,0.00930359310825226,0.0115131064765604,False,DESCRIPTIVE_GLOBAL_ONLY_NOT_FEATURE_SELECTION
f_tgs816_relative_response_std5,83,0.000939147001961285,0.00420779588637651,0.00892434975954742,0.0019731012488627,0.0027194441994536,False,DESCRIPTIVE_GLOBAL_ONLY_NOT_FEATURE_SELECTION
f_tgs816_collect_std_mean5,83,90.3264434263599,310.909944297404,807.534041642861,147.238083826953,192.344073710069,False,DESCRIPTIVE_GLOBAL_ONLY_NOT_FEATURE_SELECTION
f_tgs816_collect_std_std5,83,3.3141802736694,38.8465632892494,137.213481286313,26.4102891434225,27.4546373786847,False,DESCRIPTIVE_GLOBAL_ONLY_NOT_FEATURE_SELECTION
f_tgs816_collect_slope_per_s_mean5,83,55.941182779799,183.603182443488,472.304731780079,88.4672311505287,121.159568702646,False,DESCRIPTIVE_GLOBAL_ONLY_NOT_FEATURE_SELECTION
f_tgs816_collect_slope_per_s_std5,83,1.84936510040722,13.8619552721927,87.7249597661138,15.9579583375755,18.7925729670039,False,DESCRIPTIVE_GLOBAL_ONLY_NOT_FEATURE_SELECTION
f_temperature_mean,83,25.3433552631579,29.1542,30.6879605263158,0.993674796244659,1.46930922795399,False,DESCRIPTIVE_GLOBAL_ONLY_NOT_FEATURE_SELECTION
f_humidity_mean,83,52.6877333333333,57.9949342105263,64.8553947368421,2.53893742847812,3.38239429824561,False,DESCRIPTIVE_GLOBAL_ONLY_NOT_FEATURE_SELECTION
f_tgs822_collect_mean_mean5,83,11312.6933333333,13398.7266666667,15145.2,833.330837669501,1100.89333333333,False,DESCRIPTIVE_GLOBAL_ONLY_NOT_FEATURE_SELECTION
f_tgs822_collect_mean_std5,83,25.086410663943,400.762962637795,1339.29937952647,263.373611026935,335.007102417667,False,DESCRIPTIVE_GLOBAL_ONLY_NOT_FEATURE_SELECTION
f_mq135_collect_mean_mean5,83,2886.97333333333,2921.84666666667,2957.62666666667,14.4037096075022,19.7400000000002,False,DESCRIPTIVE_GLOBAL_ONLY_NOT_FEATURE_SELECTION
f_mq135_collect_mean_std5,83,0.381517438075271,1.84487277489688,5.55229682203675,1.08449285439134,1.34043988651917,False,DESCRIPTIVE_GLOBAL_ONLY_NOT_FEATURE_SELECTION
f_mq3_collect_mean_mean5,83,2877.84,2908.36,2943.14,13.7994078645418,20.0799999999999,False,DESCRIPTIVE_GLOBAL_ONLY_NOT_FEATURE_SELECTION
f_mq3_collect_mean_std5,83,0.384707681233467,1.43081173542238,4.23422562774658,0.96093347690702,1.25981109852102,False,DESCRIPTIVE_GLOBAL_ONLY_NOT_FEATURE_SELECTION
f_tgs2611_collect_mean_mean5,83,7485.46,8036.59333333333,8841.19333333333,312.823830409817,497.233333333334,False,DESCRIPTIVE_GLOBAL_ONLY_NOT_FEATURE_SELECTION
f_tgs2611_collect_mean_std5,83,1.51466901408273,16.353212392541,271.221892962611,29.5815637056269,14.7560555029892,False,DESCRIPTIVE_GLOBAL_ONLY_NOT_FEATURE_SELECTION
f_tgs2620_collect_mean_mean5,83,8369.19333333333,9157.34666666667,10354,514.780433348981,953.85,False,DESCRIPTIVE_GLOBAL_ONLY_NOT_FEATURE_SELECTION
f_tgs2620_collect_mean_std5,83,12.1981237172865,79.1856692983161,317.787696776043,66.4227569839879,75.3260239266203,False,DESCRIPTIVE_GLOBAL_ONLY_NOT_FEATURE_SELECTION
f_tgs2600_collect_mean_mean5,83,2882.18666666667,2885.24,2938.86666666667,9.8834509963229,7.20666666666693,False,DESCRIPTIVE_GLOBAL_ONLY_NOT_FEATURE_SELECTION
f_tgs2600_collect_mean_std5,83,0.178885438200024,1.03440804327879,8.18223006819582,1.05301991182501,0.946111646651742,False,DESCRIPTIVE_GLOBAL_ONLY_NOT_FEATURE_SELECTION
f_tgs2602_collect_mean_mean5,83,8682.48,9361.05333333333,9885.20666666667,232.41305859047,385.560000000001,False,DESCRIPTIVE_GLOBAL_ONLY_NOT_FEATURE_SELECTION
f_tgs2602_collect_mean_std5,83,5.22608840338555,46.8375229442756,165.498435037918,33.7622689680497,33.6426900060133,False,DESCRIPTIVE_GLOBAL_ONLY_NOT_FEATURE_SELECTION
f_mq8_collect_mean_mean5,83,14056.28,15663.32,16812.32,558.531099116304,682.513333333332,False,DESCRIPTIVE_GLOBAL_ONLY_NOT_FEATURE_SELECTION
f_mq8_collect_mean_std5,83,9.86062878319614,279.709113187254,969.246084335655,182.76917864218,252.091405800119,False,DESCRIPTIVE_GLOBAL_ONLY_NOT_FEATURE_SELECTION
f_tgs813_collect_mean_mean5,83,13086.76,14260.3866666667,16186.2266666667,560.513577842083,798.473333333335,False,DESCRIPTIVE_GLOBAL_ONLY_NOT_FEATURE_SELECTION
f_tgs813_collect_mean_std5,83,29.05050774083,296.768919082395,1041.11709886811,212.803948180559,294.880101392291,False,DESCRIPTIVE_GLOBAL_ONLY_NOT_FEATURE_SELECTION
f_tgs816_collect_mean_mean5,83,14363.56,15051.1666666667,16051.4933333333,385.332566802893,579.119999999999,False,DESCRIPTIVE_GLOBAL_ONLY_NOT_FEATURE_SELECTION
f_tgs816_collect_mean_std5,83,12.8428968694764,143.743424197422,563.563723302186,118.250917848793,153.836109179228,False,DESCRIPTIVE_GLOBAL_ONLY_NOT_FEATURE_SELECTION
