dataset,target,split,model,label,precision,recall,f1,support
CoffeePow-4,4class_dataset_codes,stratified_random,dummy_prior,0,0,0,0,176
CoffeePow-4,4class_dataset_codes,stratified_random,dummy_prior,1,0.281729428173,1,0.439608269859,202
CoffeePow-4,4class_dataset_codes,stratified_random,dummy_prior,2,0,0,0,195
CoffeePow-4,4class_dataset_codes,stratified_random,dummy_prior,3,0,0,0,144
CoffeePow-4,4class_dataset_codes,stratified_random,logistic,0,0.865497076023,0.840909090909,0.853025936599,176
CoffeePow-4,4class_dataset_codes,stratified_random,logistic,1,0.964646464646,0.945544554455,0.955,202
CoffeePow-4,4class_dataset_codes,stratified_random,logistic,2,0.554585152838,0.651282051282,0.599056603774,195
CoffeePow-4,4class_dataset_codes,stratified_random,logistic,3,0.588235294118,0.486111111111,0.532319391635,144
CoffeePow-4,4class_dataset_codes,stratified_random,lda_shrinkage,0,0.912162162162,0.767045454545,0.833333333333,176
CoffeePow-4,4class_dataset_codes,stratified_random,lda_shrinkage,1,0.960893854749,0.851485148515,0.902887139108,202
CoffeePow-4,4class_dataset_codes,stratified_random,lda_shrinkage,2,0.468227424749,0.717948717949,0.566801619433,195
CoffeePow-4,4class_dataset_codes,stratified_random,lda_shrinkage,3,0.472527472527,0.298611111111,0.365957446809,144
CoffeePow-4,4class_dataset_codes,stratified_random,svm_rbf,0,0.923611111111,0.755681818182,0.83125,176
CoffeePow-4,4class_dataset_codes,stratified_random,svm_rbf,1,0.926470588235,0.935643564356,0.931034482759,202
CoffeePow-4,4class_dataset_codes,stratified_random,svm_rbf,2,0.518771331058,0.779487179487,0.622950819672,195
CoffeePow-4,4class_dataset_codes,stratified_random,svm_rbf,3,0.486842105263,0.256944444444,0.336363636364,144
CoffeePow-4,4class_dataset_codes,stratified_random,random_forest,0,0.951515151515,0.892045454545,0.92082111437,176
CoffeePow-4,4class_dataset_codes,stratified_random,random_forest,1,0.956937799043,0.990099009901,0.973236009732,202
CoffeePow-4,4class_dataset_codes,stratified_random,random_forest,2,0.837209302326,0.923076923077,0.878048780488,195
CoffeePow-4,4class_dataset_codes,stratified_random,random_forest,3,0.90625,0.805555555556,0.852941176471,144
CoffeePow-4,4class_dataset_codes,within_class_tail,dummy_prior,0,0,0,0,176
CoffeePow-4,4class_dataset_codes,within_class_tail,dummy_prior,1,0.281729428173,1,0.439608269859,202
CoffeePow-4,4class_dataset_codes,within_class_tail,dummy_prior,2,0,0,0,195
CoffeePow-4,4class_dataset_codes,within_class_tail,dummy_prior,3,0,0,0,144
CoffeePow-4,4class_dataset_codes,within_class_tail,logistic,0,0.78064516129,0.6875,0.731117824773,176
CoffeePow-4,4class_dataset_codes,within_class_tail,logistic,1,1,0.658415841584,0.794029850746,202
CoffeePow-4,4class_dataset_codes,within_class_tail,logistic,2,0.384615384615,0.846153846154,0.528846153846,195
CoffeePow-4,4class_dataset_codes,within_class_tail,logistic,3,0,0,0,144
CoffeePow-4,4class_dataset_codes,within_class_tail,lda_shrinkage,0,0.896296296296,0.6875,0.778135048232,176
CoffeePow-4,4class_dataset_codes,within_class_tail,lda_shrinkage,1,1,0.663366336634,0.797619047619,202
CoffeePow-4,4class_dataset_codes,within_class_tail,lda_shrinkage,2,0.404017857143,0.928205128205,0.56298600311,195
CoffeePow-4,4class_dataset_codes,within_class_tail,lda_shrinkage,3,0,0,0,144
CoffeePow-4,4class_dataset_codes,within_class_tail,svm_rbf,0,0.9375,0.681818181818,0.789473684211,176
CoffeePow-4,4class_dataset_codes,within_class_tail,svm_rbf,1,1,0.693069306931,0.818713450292,202
CoffeePow-4,4class_dataset_codes,within_class_tail,svm_rbf,2,0.478481012658,0.969230769231,0.640677966102,195
CoffeePow-4,4class_dataset_codes,within_class_tail,svm_rbf,3,0,0,0,144
CoffeePow-4,4class_dataset_codes,within_class_tail,random_forest,0,0.434504792332,0.772727272727,0.556237218814,176
CoffeePow-4,4class_dataset_codes,within_class_tail,random_forest,1,1,0.841584158416,0.913978494624,202
CoffeePow-4,4class_dataset_codes,within_class_tail,random_forest,2,0.341176470588,0.148717948718,0.207142857143,195
CoffeePow-4,4class_dataset_codes,within_class_tail,random_forest,3,0.322147651007,0.333333333333,0.327645051195,144
CoffeePow-4,air0_vs_coffee123_assumed_author_order,stratified_random,dummy_prior,air_index0,0,0,0,176
CoffeePow-4,air0_vs_coffee123_assumed_author_order,stratified_random,dummy_prior,coffee_indices123,0.754532775453,1,0.860095389507,541
CoffeePow-4,air0_vs_coffee123_assumed_author_order,stratified_random,logistic,air_index0,0.908450704225,0.732954545455,0.811320754717,176
CoffeePow-4,air0_vs_coffee123_assumed_author_order,stratified_random,logistic,coffee_indices123,0.918260869565,0.975970425139,0.94623655914,541
CoffeePow-4,air0_vs_coffee123_assumed_author_order,stratified_random,lda_shrinkage,air_index0,0.947368421053,0.715909090909,0.815533980583,176
CoffeePow-4,air0_vs_coffee123_assumed_author_order,stratified_random,lda_shrinkage,coffee_indices123,0.914383561644,0.987060998152,0.949333333333,541
CoffeePow-4,air0_vs_coffee123_assumed_author_order,stratified_random,svm_rbf,air_index0,0.976923076923,0.721590909091,0.830065359477,176
CoffeePow-4,air0_vs_coffee123_assumed_author_order,stratified_random,svm_rbf,coffee_indices123,0.916524701874,0.994454713494,0.95390070922,541
CoffeePow-4,air0_vs_coffee123_assumed_author_order,stratified_random,random_forest,air_index0,0.960526315789,0.829545454545,0.890243902439,176
CoffeePow-4,air0_vs_coffee123_assumed_author_order,stratified_random,random_forest,coffee_indices123,0.946902654867,0.988909426987,0.967450271248,541
CoffeePow-4,air0_vs_coffee123_assumed_author_order,within_class_tail,dummy_prior,air_index0,0,0,0,176
CoffeePow-4,air0_vs_coffee123_assumed_author_order,within_class_tail,dummy_prior,coffee_indices123,0.754532775453,1,0.860095389507,541
CoffeePow-4,air0_vs_coffee123_assumed_author_order,within_class_tail,logistic,air_index0,1,0.6875,0.814814814815,176
CoffeePow-4,air0_vs_coffee123_assumed_author_order,within_class_tail,logistic,coffee_indices123,0.907718120805,1,0.95162708883,541
CoffeePow-4,air0_vs_coffee123_assumed_author_order,within_class_tail,lda_shrinkage,air_index0,1,0.6875,0.814814814815,176
CoffeePow-4,air0_vs_coffee123_assumed_author_order,within_class_tail,lda_shrinkage,coffee_indices123,0.907718120805,1,0.95162708883,541
CoffeePow-4,air0_vs_coffee123_assumed_author_order,within_class_tail,svm_rbf,air_index0,1,0.670454545455,0.802721088435,176
CoffeePow-4,air0_vs_coffee123_assumed_author_order,within_class_tail,svm_rbf,coffee_indices123,0.903171953255,1,0.949122807018,541
CoffeePow-4,air0_vs_coffee123_assumed_author_order,within_class_tail,random_forest,air_index0,0.785714285714,0.8125,0.798882681564,176
CoffeePow-4,air0_vs_coffee123_assumed_author_order,within_class_tail,random_forest,coffee_indices123,0.938317757009,0.927911275416,0.933085501859,541
Aroma-7,7class_dataset_codes,stratified_random,dummy_prior,0,0,0,0,176
Aroma-7,7class_dataset_codes,stratified_random,dummy_prior,1,0.212631578947,1,0.350694444444,202
Aroma-7,7class_dataset_codes,stratified_random,dummy_prior,2,0,0,0,195
Aroma-7,7class_dataset_codes,stratified_random,dummy_prior,3,0,0,0,144
Aroma-7,7class_dataset_codes,stratified_random,dummy_prior,4,0,0,0,74
Aroma-7,7class_dataset_codes,stratified_random,dummy_prior,5,0,0,0,86
Aroma-7,7class_dataset_codes,stratified_random,dummy_prior,6,0,0,0,73
Aroma-7,7class_dataset_codes,stratified_random,logistic,0,0.863095238095,0.823863636364,0.843023255814,176
Aroma-7,7class_dataset_codes,stratified_random,logistic,1,0.947916666667,0.90099009901,0.92385786802,202
Aroma-7,7class_dataset_codes,stratified_random,logistic,2,0.538461538462,0.646153846154,0.587412587413,195
Aroma-7,7class_dataset_codes,stratified_random,logistic,3,0.487804878049,0.416666666667,0.449438202247,144
Aroma-7,7class_dataset_codes,stratified_random,logistic,4,1,1,1,74
Aroma-7,7class_dataset_codes,stratified_random,logistic,5,1,1,1,86
Aroma-7,7class_dataset_codes,stratified_random,logistic,6,1,1,1,73
Aroma-7,7class_dataset_codes,stratified_random,lda_shrinkage,0,0.756097560976,0.704545454545,0.729411764706,176
Aroma-7,7class_dataset_codes,stratified_random,lda_shrinkage,1,0.863636363636,0.846534653465,0.855,202
Aroma-7,7class_dataset_codes,stratified_random,lda_shrinkage,2,0.438775510204,0.661538461538,0.527607361963,195
Aroma-7,7class_dataset_codes,stratified_random,lda_shrinkage,3,0.44262295082,0.1875,0.263414634146,144
Aroma-7,7class_dataset_codes,stratified_random,lda_shrinkage,4,1,0.878378378378,0.935251798561,74
Aroma-7,7class_dataset_codes,stratified_random,lda_shrinkage,5,0.86,1,0.924731182796,86
Aroma-7,7class_dataset_codes,stratified_random,lda_shrinkage,6,1,0.931506849315,0.964539007092,73
Aroma-7,7class_dataset_codes,stratified_random,svm_rbf,0,0.94776119403,0.721590909091,0.81935483871,176
Aroma-7,7class_dataset_codes,stratified_random,svm_rbf,1,0.855813953488,0.910891089109,0.882494004796,202
Aroma-7,7class_dataset_codes,stratified_random,svm_rbf,2,0.524429967427,0.825641025641,0.641434262948,195
Aroma-7,7class_dataset_codes,stratified_random,svm_rbf,3,0.393442622951,0.166666666667,0.234146341463,144
Aroma-7,7class_dataset_codes,stratified_random,svm_rbf,4,0.986486486486,0.986486486486,0.986486486486,74
Aroma-7,7class_dataset_codes,stratified_random,svm_rbf,5,0.988372093023,0.988372093023,0.988372093023,86
Aroma-7,7class_dataset_codes,stratified_random,svm_rbf,6,1,1,1,73
Aroma-7,7class_dataset_codes,stratified_random,random_forest,0,0.963414634146,0.897727272727,0.929411764706,176
Aroma-7,7class_dataset_codes,stratified_random,random_forest,1,0.952380952381,0.990099009901,0.970873786408,202
Aroma-7,7class_dataset_codes,stratified_random,random_forest,2,0.844748858447,0.948717948718,0.893719806763,195
Aroma-7,7class_dataset_codes,stratified_random,random_forest,3,0.935483870968,0.805555555556,0.865671641791,144
Aroma-7,7class_dataset_codes,stratified_random,random_forest,4,1,0.986486486486,0.993197278912,74
Aroma-7,7class_dataset_codes,stratified_random,random_forest,5,0.988505747126,1,0.994219653179,86
Aroma-7,7class_dataset_codes,stratified_random,random_forest,6,1,1,1,73
Aroma-7,7class_dataset_codes,within_class_tail,dummy_prior,0,0,0,0,176
Aroma-7,7class_dataset_codes,within_class_tail,dummy_prior,1,0.21218487395,1,0.350086655113,202
Aroma-7,7class_dataset_codes,within_class_tail,dummy_prior,2,0,0,0,195
Aroma-7,7class_dataset_codes,within_class_tail,dummy_prior,3,0,0,0,144
Aroma-7,7class_dataset_codes,within_class_tail,dummy_prior,4,0,0,0,75
Aroma-7,7class_dataset_codes,within_class_tail,dummy_prior,5,0,0,0,87
Aroma-7,7class_dataset_codes,within_class_tail,dummy_prior,6,0,0,0,73
Aroma-7,7class_dataset_codes,within_class_tail,logistic,0,0.775641025641,0.6875,0.728915662651,176
Aroma-7,7class_dataset_codes,within_class_tail,logistic,1,1,0.643564356436,0.78313253012,202
Aroma-7,7class_dataset_codes,within_class_tail,logistic,2,0.441798941799,0.85641025641,0.582897033159,195
Aroma-7,7class_dataset_codes,within_class_tail,logistic,3,0,0,0,144
Aroma-7,7class_dataset_codes,within_class_tail,logistic,4,0.974025974026,1,0.986842105263,75
Aroma-7,7class_dataset_codes,within_class_tail,logistic,5,1,0.977011494253,0.988372093023,87
Aroma-7,7class_dataset_codes,within_class_tail,logistic,6,1,1,1,73
Aroma-7,7class_dataset_codes,within_class_tail,lda_shrinkage,0,0.60621761658,0.664772727273,0.634146341463,176
Aroma-7,7class_dataset_codes,within_class_tail,lda_shrinkage,1,1,0.673267326733,0.804733727811,202
Aroma-7,7class_dataset_codes,within_class_tail,lda_shrinkage,2,0.306701030928,0.610256410256,0.408233276158,195
Aroma-7,7class_dataset_codes,within_class_tail,lda_shrinkage,3,0,0,0,144
Aroma-7,7class_dataset_codes,within_class_tail,lda_shrinkage,4,0.949367088608,1,0.974025974026,75
Aroma-7,7class_dataset_codes,within_class_tail,lda_shrinkage,5,1,0.954022988506,0.976470588235,87
Aroma-7,7class_dataset_codes,within_class_tail,lda_shrinkage,6,1,1,1,73
Aroma-7,7class_dataset_codes,within_class_tail,svm_rbf,0,0.99173553719,0.681818181818,0.808080808081,176
Aroma-7,7class_dataset_codes,within_class_tail,svm_rbf,1,1,0.623762376238,0.768292682927,202
Aroma-7,7class_dataset_codes,within_class_tail,svm_rbf,2,0.412765957447,0.994871794872,0.583458646617,195
Aroma-7,7class_dataset_codes,within_class_tail,svm_rbf,3,0,0,0,144
Aroma-7,7class_dataset_codes,within_class_tail,svm_rbf,4,0.986842105263,1,0.993377483444,75
Aroma-7,7class_dataset_codes,within_class_tail,svm_rbf,5,1,0.977011494253,0.988372093023,87
Aroma-7,7class_dataset_codes,within_class_tail,svm_rbf,6,0.986486486486,1,0.993197278912,73
Aroma-7,7class_dataset_codes,within_class_tail,random_forest,0,0.417682926829,0.778409090909,0.543650793651,176
Aroma-7,7class_dataset_codes,within_class_tail,random_forest,1,1,0.876237623762,0.934036939314,202
Aroma-7,7class_dataset_codes,within_class_tail,random_forest,2,0.428571428571,0.153846153846,0.22641509434,195
Aroma-7,7class_dataset_codes,within_class_tail,random_forest,3,0.316901408451,0.3125,0.314685314685,144
Aroma-7,7class_dataset_codes,within_class_tail,random_forest,4,0.852272727273,1,0.920245398773,75
Aroma-7,7class_dataset_codes,within_class_tail,random_forest,5,1,0.827586206897,0.905660377358,87
Aroma-7,7class_dataset_codes,within_class_tail,random_forest,6,0.973333333333,1,0.986486486486,73
Aroma-7,noncoffee_0_4_5_6_vs_coffee123_assumed_author_order,stratified_random,dummy_prior,air_or_cream_indices0456,0,0,0,409
Aroma-7,noncoffee_0_4_5_6_vs_coffee123_assumed_author_order,stratified_random,dummy_prior,coffee_indices123,0.569473684211,1,0.725687458082,541
Aroma-7,noncoffee_0_4_5_6_vs_coffee123_assumed_author_order,stratified_random,logistic,air_or_cream_indices0456,0.949579831933,0.828850855746,0.885117493473,409
Aroma-7,noncoffee_0_4_5_6_vs_coffee123_assumed_author_order,stratified_random,logistic,coffee_indices123,0.881956155143,0.966728280961,0.922398589065,541
Aroma-7,noncoffee_0_4_5_6_vs_coffee123_assumed_author_order,stratified_random,lda_shrinkage,air_or_cream_indices0456,0.993569131833,0.755501222494,0.858333333333,409
Aroma-7,noncoffee_0_4_5_6_vs_coffee123_assumed_author_order,stratified_random,lda_shrinkage,coffee_indices123,0.843505477308,0.996303142329,0.913559322034,541
Aroma-7,noncoffee_0_4_5_6_vs_coffee123_assumed_author_order,stratified_random,svm_rbf,air_or_cream_indices0456,1,0.863080684597,0.926509186352,409
Aroma-7,noncoffee_0_4_5_6_vs_coffee123_assumed_author_order,stratified_random,svm_rbf,coffee_indices123,0.906197654941,1,0.95079086116,541
Aroma-7,noncoffee_0_4_5_6_vs_coffee123_assumed_author_order,stratified_random,random_forest,air_or_cream_indices0456,0.986979166667,0.926650366748,0.955863808323,409
Aroma-7,noncoffee_0_4_5_6_vs_coffee123_assumed_author_order,stratified_random,random_forest,coffee_indices123,0.946996466431,0.990757855823,0.968383017164,541
Aroma-7,noncoffee_0_4_5_6_vs_coffee123_assumed_author_order,within_class_tail,dummy_prior,air_or_cream_indices0456,0,0,0,410
Aroma-7,noncoffee_0_4_5_6_vs_coffee123_assumed_author_order,within_class_tail,dummy_prior,coffee_indices123,0.568874868559,1,0.725201072386,541
Aroma-7,noncoffee_0_4_5_6_vs_coffee123_assumed_author_order,within_class_tail,logistic,air_or_cream_indices0456,1,0.778048780488,0.875171467764,410
Aroma-7,noncoffee_0_4_5_6_vs_coffee123_assumed_author_order,within_class_tail,logistic,coffee_indices123,0.856012658228,1,0.92242114237,541
Aroma-7,noncoffee_0_4_5_6_vs_coffee123_assumed_author_order,within_class_tail,lda_shrinkage,air_or_cream_indices0456,1,0.775609756098,0.873626373626,410
Aroma-7,noncoffee_0_4_5_6_vs_coffee123_assumed_author_order,within_class_tail,lda_shrinkage,coffee_indices123,0.854660347551,1,0.921635434412,541
Aroma-7,noncoffee_0_4_5_6_vs_coffee123_assumed_author_order,within_class_tail,svm_rbf,air_or_cream_indices0456,1,1,1,410
Aroma-7,noncoffee_0_4_5_6_vs_coffee123_assumed_author_order,within_class_tail,svm_rbf,coffee_indices123,1,1,1,541
Aroma-7,noncoffee_0_4_5_6_vs_coffee123_assumed_author_order,within_class_tail,random_forest,air_or_cream_indices0456,0.901098901099,1,0.947976878613,410
Aroma-7,noncoffee_0_4_5_6_vs_coffee123_assumed_author_order,within_class_tail,random_forest,coffee_indices123,1,0.916820702403,0.956605593057,541
